Workbook

Sheet Summary
A1: Bikeways Dashboard
A2: CDOT Bike Program
A5: Total Network
B6: Miles
B7: Centerline | C7: Lane
A8: Protected Bike Lanes | B8: =SUMIFS(Network!$AB$11:$AB$1010,Network!$N$11:$N$1010,$D8) -> 38.508661 | C8: =SUMIFS(Network!$AC$11:$AC$1010,Network!$N$11:$N$1010,$D8) -> 74.047352 | D8: PROTECTED BIKE LANE
A9: Buffered Bike Lanes | B9: =SUMIFS(Network!$AB$11:$AB$1010,Network!$N$11:$N$1010,$D9) -> 115.5746 | C9: =SUMIFS(Network!$AC$11:$AC$1010,Network!$N$11:$N$1010,$D9) -> 218.44582 | D9: BUFFERED BIKE LANE
A10: Bike Lanes | B10: =SUMIFS(Network!$AB$11:$AB$1010,Network!$N$11:$N$1010,$D10) -> 125.09298 | C10: =SUMIFS(Network!$AC$11:$AC$1010,Network!$N$11:$N$1010,$D10) -> 240.3812 | D10: BIKE LANE
A11: Neighborhood Greenways | B11: =SUMIFS(Network!$AB$11:$AB$1010,Network!$N$11:$N$1010,$D11) -> 37.912126 | C11: =SUMIFS(Network!$AC$11:$AC$1010,Network!$N$11:$N$1010,$D11) -> 67.020481 | D11: NEIGHBORHOOD GREENWAY
A12: Marked Shared Lanes | B12: =SUMIFS(Network!$AB$11:$AB$1010,Network!$N$11:$N$1010,$D12) -> 49.985623 | C12: =SUMIFS(Network!$AC$11:$AC$1010,Network!$N$11:$N$1010,$D12) -> 98.506151 | D12: SHARED-LANE
A13: TOTAL ON-STREET | B13: =SUM(B8:B12) -> 367.07398 | C13: =SUM(C8:C12) -> 698.40101
A15: Off Street Trail | B15: 5.8 | C15: 5.8 | D15: OFF-STREET TRAIL
A16: Access Path | B16: 49.5 | C16: 49.5 | D16: ACCESS PATH
A17: TOTAL TRAILS | B17: =SUM(B15:B16) -> 55.3 | C17: =SUM(C15:C16) -> 55.3
A19: TOTAL NETWORK | B19: =SUM(B13,B17) -> 422.37398 | C19: =SUM(C13,C17) -> 753.70101
A22: Bikeways
C24: Emanuel 1 | G24: Emanuel 2 | K24: Lightfoot 1 | O24: Johnson 1
A26: Total Network by Year | T26: Centerline Miles
B27: 2010 | C27: 2011 | D27: 2012 | E27: 2013 | F27: 2014 | G27: 2015 | H27: 2016 | I27: 2017 | J27: 2018 | K27: 2019 | L27: 2020 | M27: 2021 | N27: 2022 | O27: 2023 | P27: 2024 | Q27: 2025 | R27: 2026 | S27: 2027 | T27: 2028 | AB27: 1. Bikeways
A28: Protected Bike Lanes | B28: =C28-C74 -> 0 | C28: 2 | D28: 11.4 | E28: 15.5 | F28: 18.5 | G28: 21.35 | H28: 22.55 | I28: 22.5 | J28: 23.45068 | K28: 24.3 | L28: 26.7 | M28: 35.220585 | N28: 37.56 | O28: 47.2 | V28: 2010 Best Guess/2011 Year in Review existing network | AB28: Total Network
A29: Buffered Bike Lanes | B29: =C29-C75 -> 0 | C29: 1 | D29: 18.65 | E29: 33.5 | F29: 67 | G29: 87 | H29: 88.8 | I29: =94.5+0.6 -> 95.1 | J29: 105.88543 | K29: 107.5 | L29: 110.5 | M29: 113.96737 | N29: 115.57 | O29: 110.1 | V29: 2011-2015, 2017 Year in Reviews (YiR mileage are estimates) | AB29: Total Network by Year
A30: Bike Lanes | B30: =C30-C76 -> 116 | C30: =116+17 -> 133 | D30: 134.2 | E30: 117.5 | F30: 99 | G30: 88.5 | H30: =AVERAGE(G30,I30) -> 85.6 | I30: =82.1+1.2-0.6 -> 82.7 | J30: 83.228266 | K30: 88 | L30: 103.3 | M30: 113.05001 | N30: 126.1 | O30: 130.4 | V30: 2016 Best Guess | AB30: Installs
A31: Neighborhood Greenways | B31: =C31-C77 -> 0 | E31: 1 | F31: 1.5 | G31: 1.5 | H31: 2.1 | I31: 3.2 | J31: 11.448655 | K31: 14.4 | L31: 17.4 | M31: 26.850629 | N31: 39.17 | O31: 57.2 | V31: 2017 +0.6 Dearborn - River to Chicago BBL Upgrade | AB31: Annual Miles Installed (centerline) (new & restriped)
A32: Marked Shared Lanes | B32: =C32-C78 -> 30 | C32: =30+9 -> 39 | D32: 39.85 | E32: 40 | F32: 41.5 | G32: 45.7 | H32: 45.7 | I32: 45.4 | J32: 45.474801 | K32: 44.4 | L32: 44.9 | M32: 52.026725 | N32: 49.74 | O32: 48.3 | V32: 2018 - updated with actual installations installed | AB32: Annual Miles Installed (lane) (new & restriped)
A33: TOTAL | B33: =SUM(B28:B32) -> 146 | C33: =SUM(C28:C32) -> 175 | D33: =SUM(D28:D32) -> 204.1 | E33: =SUM(E28:E32) -> 207.5 | F33: =SUM(F28:F32) -> 227.5 | G33: =SUM(G28:G32) -> 244.05 | H33: =SUM(H28:H32) -> 244.75 | I33: =SUM(I28:I32) -> 248.9 | ... T33: =SUM(T28:T32) -> 0 | AB33: Spending
AB34: Average Age
A35: Network Growth (Change from Prev Yr) | C35: =C33-B33 -> 29 | D35: =D33-C33 -> 29.1 | E35: =E33-D33 -> 3.4 | F35: =F33-E33 -> 20 | G35: =G33-F33 -> 16.55 | H35: =H33-G33 -> 0.7 | I35: =I33-H33 -> 4.15 | J35: =J33-I33 -> 20.587835 | ... T35: =T33-S33 -> 0 | AB35: Population within 1/2 mile of Bikeway
C37: E1 Average | F37: =AVERAGE(C35:F35) -> 20.375 | G37: E2 Average | J37: =AVERAGE(G35:J35) -> 10.496959 | K37: L1 Average | N37: =AVERAGE(K35:N35) -> 24.663041 | AB37: 2. Mode Share
G38: E1+2 Average | J38: =AVERAGE(C35:J35) -> 15.435979
B39: 0 | F39: =F33-B33 -> 81.5 | J39: =J33-F33 -> 41.987835 | N39: =N33-J33 -> 98.652165 | AB39: 3. Crashes
AB40: Annual Crashes by Mode & Severity
A41: Total Network by Year with Trails | P41: Centerline Miles | AB41: Crashes per 10,000 bike commuters
B42: 2010 | C42: 2011 | D42: 2012 | E42: 2013 | F42: 2014 | G42: 2015 | H42: 2016 | I42: 2017 | J42: 2018 | K42: 2019 | L42: 2020 | M42: 2021 | N42: 2022 | O42: 2023 | P42: 2024 | Q42: 2025 | R42: 2026 | S42: 2027 | T42: 2028
A43: Marked Shared Lanes | B43: 30 | C43: =30+9 -> 39 | D43: 39.85 | E43: 40 | F43: 41.5 | G43: 45.7 | H43: 45.7 | I43: 45.4 | J43: 45.474801 | K43: 44.4 | L43: 44.9 | M43: 52.026725 | N43: =N32 -> 49.74 | O43: 48.3 | P43: =P32 -> 0 | Q43: =Q32 -> 0 | R43: =R32 -> 0 | S43: =S32 -> 0 | T43: =T32 -> 0
A44: Bike Lanes | B44: 116 | C44: =116+17 -> 133 | D44: 134.2 | E44: 117.5 | F44: 99 | G44: 88.5 | H44: =AVERAGE(G44,I44) -> 85.6 | I44: =82.1+1.2-0.6 -> 82.7 | J44: 83.228266 | K44: 88 | L44: 103.3 | M44: 113.05001 | N44: =N30 -> 126.1 | O44: 130.4 | P44: =P30 -> 0 | Q44: =Q30 -> 0 | R44: =R30 -> 0 | S44: =S30 -> 0 | T44: =T30 -> 0
A45: Buffered Bike Lanes | B45: 0 | C45: 1 | D45: 18.65 | E45: 33.5 | F45: 67 | G45: 87 | H45: 88.8 | I45: =94.5+0.6 -> 95.1 | J45: 105.88543 | K45: 107.5 | L45: 110.5 | M45: 113.96737 | N45: =N29 -> 115.57 | O45: 110.1 | P45: =P29 -> 0 | Q45: =Q29 -> 0 | R45: =R29 -> 0 | S45: =S29 -> 0 | T45: =T29 -> 0
A46: Neighborhood Greenways | B46: 0 | E46: 1 | F46: 1.5 | G46: 1.5 | H46: 2.1 | I46: 3.2 | J46: 11.448655 | K46: 14.4 | L46: 17.4 | M46: 26.850629 | N46: =N31 -> 39.17 | O46: 57.2 | P46: =P31 -> 0 | Q46: =Q31 -> 0 | R46: =R31 -> 0 | S46: =S31 -> 0 | T46: =T31 -> 0
A47: Protected Bike Lanes | B47: 0 | C47: 2 | D47: 11.4 | E47: 15.5 | F47: 18.5 | G47: 21.35 | H47: 22.55 | I47: 22.5 | J47: 23.45068 | K47: 24.3 | L47: 26.7 | M47: 35.220585 | N47: =N28 -> 37.56 | O47: 47.2 | P47: =P28 -> 0 | Q47: =Q28 -> 0 | R47: =R28 -> 0 | S47: =S28 -> 0 | T47: =T28 -> 0
A48: Off-Street Trails | B48: 47.2 | C48: 47.2 | D48: 47.76 | E48: 47.76 | F48: 47.76 | G48: 51.53 | H48: 51.81 | I48: 54.62 | J48: 54.92 | K48: 54.92 | L48: 55.27 | M48: 55.27 | N48: 55.27 | O48: 55.3 | P48: 55.27 | Q48: 55.27 | R48: 55.27 | S48: 55.27 | T48: 55.27
A49: TOTAL | B49: =SUM(B43:B48) -> 193.2 | C49: =SUM(C43:C48) -> 222.2 | D49: =SUM(D43:D48) -> 251.86 | E49: =SUM(E43:E48) -> 255.26 | F49: =SUM(F43:F48) -> 275.26 | G49: =SUM(G43:G48) -> 295.58 | H49: =SUM(H43:H48) -> 296.56 | I49: =SUM(I43:I48) -> 303.52 | ... T49: =SUM(T43:T48) -> 55.27
B51: 2010 | C51: 2011 | D51: 2012 | E51: 2013 | F51: 2014 | G51: 2015 | H51: 2016 | I51: 2017 | J51: 2018 | K51: 2019 | L51: 2020 | M51: 2021 | N51: 2022 | O51: 2023 | P51: 2024 | Q51: 2025 | R51: 2026 | S51: 2027 | T51: 2028
A52: Other Bikeways | B52: =SUM(B43:B45) -> 146 | C52: =SUM(C43:C45) -> 173 | D52: =SUM(D43:D45) -> 192.7 | E52: =SUM(E43:E45) -> 191 | F52: =SUM(F43:F45) -> 207.5 | G52: =SUM(G43:G45) -> 221.2 | H52: =SUM(H43:H45) -> 220.1 | I52: =SUM(I43:I45) -> 223.2 | ... T52: =SUM(T43:T45) -> 0
A53: Low Stress | B53: =SUM(B46:B48) -> 47.2 | C53: =SUM(C46:C48) -> 49.2 | D53: =SUM(D46:D48) -> 59.16 | E53: =SUM(E46:E48) -> 64.26 | F53: =SUM(F46:F48) -> 67.76 | G53: =SUM(G46:G48) -> 74.38 | H53: =SUM(H46:H48) -> 76.46 | I53: =SUM(I46:I48) -> 80.32 | ... T53: =SUM(T46:T48) -> 55.27
B54: =B53/B49 -> 0.24430642 | C54: =C53/C49 -> 0.22142214 | D54: =D53/D49 -> 0.2348924 | E54: =E53/E49 -> 0.25174332 | F54: =F53/F49 -> 0.24616726 | G54: =G53/G49 -> 0.25164084 | H54: =H53/H49 -> 0.25782304 | I54: =I53/I49 -> 0.26462836 | ... T54: =T53/T49 -> 1
A56: Other Bikeways | B56: =SUM(B43:B45) -> 146 | C56: =SUM(C43:C45) -> 173 | D56: =SUM(D43:D45) -> 192.7 | E56: =SUM(E43:E45) -> 191 | F56: =SUM(F43:F45) -> 207.5 | G56: =SUM(G43:G45) -> 221.2 | H56: =SUM(H43:H45) -> 220.1 | I56: =SUM(I43:I45) -> 223.2 | ... T56: =SUM(T43:T45) -> 0
A57: Off-Street Trails | B57: =B48 -> 47.2 | C57: =C48 -> 47.2 | D57: =D48 -> 47.76 | E57: =E48 -> 47.76 | F57: =F48 -> 47.76 | G57: =G48 -> 51.53 | H57: =H48 -> 51.81 | I57: =I48 -> 54.62 | ... T57: =T48 -> 55.27
A58: Neighborhood Greenways | B58: =B46 -> 0 | C58: =C46 -> 0 | D58: =D46 -> 0 | E58: =E46 -> 1 | F58: =F46 -> 1.5 | G58: =G46 -> 1.5 | H58: =H46 -> 2.1 | I58: =I46 -> 3.2 | ... T58: =T46 -> 0
A59: Protected Bike Lanes | B59: =B47 -> 0 | C59: =C47 -> 2 | D59: =D47 -> 11.4 | E59: =E47 -> 15.5 | F59: =F47 -> 18.5 | G59: =G47 -> 21.35 | H59: =H47 -> 22.55 | I59: =I47 -> 22.5 | ... T59: =T47 -> 0
K61: =K47/M47 -> 0.68993743 | L61: =L47/M47 -> 0.7580794
A62: Low-Stress Buildout Over Baseline | P62: Centerline Miles
B63: 2010 | C63: 2011 | D63: 2012 | E63: 2013 | F63: 2014 | G63: 2015 | H63: 2016 | I63: 2017 | J63: 2018 | K63: 2019 | L63: 2020 | M63: 2021 | N63: 2022 | O63: 2023 | P63: 2024 | Q63: 2025 | R63: 2026 | S63: 2027 | T63: 2028
A64: Low-Stress | B64: =SUM(B28,B31) -> 0 | C64: =SUM(C28,C31) -> 2 | D64: =SUM(D28,D31) -> 11.4 | E64: =SUM(E28,E31) -> 16.5 | F64: =SUM(F28,F31) -> 20 | G64: =SUM(G28,G31) -> 22.85 | H64: =SUM(H28,H31) -> 24.65 | I64: =SUM(I28,I31) -> 25.7 | ... O64: =SUM(O28,O31) -> 104.4
A65: Other Bikeways | B65: =B33-B64-B66 -> 0 | C65: =C33-C64-C66 -> 27 | D65: =D33-D64-D66 -> 46.7 | E65: =E33-E64-E66 -> 45 | F65: =F33-F64-F66 -> 61.5 | G65: =G33-G64-G66 -> 75.2 | H65: =H33-H64-H66 -> 74.1 | I65: =I33-I64-I66 -> 77.2 | ... O65: =O33-O64-O66 -> 142.8
A66: 2010 Baseline | B66: =B33 -> 146 | C66: =$B66 -> 146 | D66: =$B66 -> 146 | E66: =$B66 -> 146 | F66: =$B66 -> 146 | G66: =$B66 -> 146 | H66: =$B66 -> 146 | I66: =$B66 -> 146 | J66: =$B66 -> 146 | ... O66: =$B66 -> 146
A67: TOTAL | B67: =SUM(B64:B66) -> 146 | C67: =SUM(C64:C66) -> 175 | D67: =SUM(D64:D66) -> 204.1 | E67: =SUM(E64:E66) -> 207.5 | F67: =SUM(F64:F66) -> 227.5 | G67: =SUM(G64:G66) -> 244.05 | H67: =SUM(H64:H66) -> 244.75 | I67: =SUM(I64:I66) -> 248.9 | ... T67: =SUM(T64:T66) -> 0
A71: Annual Centerline Miles Installed
B72: 2010 | C72: 2011 | D72: 2012 | E72: 2013 | F72: 2014 | G72: 2015 | H72: 2016 | I72: 2017 | J72: 2018 | K72: 2019 | L72: 2020 | M72: 2021 | N72: 2022 | O72: 2023 | P72: 2024 | Q72: 2025 | R72: 2026 | S72: 2027 | T72: 2028
A73: New/Upgraded | V73: 2011-2015, 2017 Year in Reviews, 2016 Overview Tab
A74: Protected Bike Lanes | C74: 2 | D74: 9.25 | E74: 4 | F74: 3.25 | G74: =2.85+0.5 -> 3.35 | H74: 1.2 | I74: 1.2 | J74: 3.3545599 | K74: 2.5 | L74: 2.4 | M74: 8.5 | N74: 5 | O74: =17.56+9.49 -> 27.05 | V74: 2017 +0.6 Dearborn - River to Chicago BBL Upgrade
A75: Buffered Bike Lanes | C75: 1 | D75: 17.65 | E75: 15 | F75: 33.25 | G75: 20 | H75: 1.8 | I75: =8.3+0.6 -> 8.9 | J75: 10.818998 | K75: 2.3 | L75: 3 | M75: 3.91 | N75: 3.08 | O75: 0.15
A76: Bike Lanes | C76: 17 | D76: 1.2 | E76: 2.25 | F76: 2.5 | G76: 0.5 | H76: 1.3 | I76: 3.3 | J76: 5.6348718 | K76: 4.8 | L76: 15.3 | M76: 16.34 | N76: 13.7 | O76: 5.53
A77: Neighborhood Greenways | E77: 1 | F77: 0.5 | H77: 0.75 | I77: 1.1 | J77: 7.9231324 | K77: 3 | L77: 3 | M77: 9.18 | N77: 12.3 | O77: 17.54
A78: Marked Shared Lanes | C78: 9 | D78: 0.85 | G78: 1.6 | I78: 3.7 | J78: 2.0648504 | K78: 0.5 | L78: 5.3 | M78: 6.3 | N78: 1 | O78: 0.12
A79: TOTAL | B79: =SUM(B74:B78) -> 0 | C79: =SUM(C74:C78) -> 29 | D79: =SUM(D74:D78) -> 28.95 | E79: =SUM(E74:E78) -> 22.25 | F79: =SUM(F74:F78) -> 39.5 | G79: =SUM(G74:G78) -> 25.45 | H79: =SUM(H74:H78) -> 5.05 | I79: =SUM(I74:I78) -> 18.2 | ... T79: =SUM(T74:T78) -> 0
C80: =C74+C77 -> 2 | D80: =D74+D77 -> 9.25 | E80: =E74+E77 -> 5 | F80: =F74+F77 -> 3.75 | G80: =G74+G77 -> 3.35 | H80: =H74+H77 -> 1.95 | I80: =I74+I77 -> 2.3 | J80: =J74+J77 -> 11.277692 | ... T80: =T74+T77 -> 0
C81: E1 Average | F81: =AVERAGE(C79:F79) -> 29.925 | G81: E2 Average | J81: =AVERAGE(G79:J79) -> 19.624103 | K81: L1 Average | N81: =AVERAGE(K79:N79) -> 30.3525
G82: E1+2 Average | J82: =AVERAGE(C79:J79) -> 24.774552 | X82: 2011-2019 | Y82: 23.5
X83: 2020-2022 | Y83: 38.6
A84: TRAILS | D84: 0.56 | G84: 3.77 | H84: 0.28 | I84: 2.81 | J84: 0.3 | L84: 0.35
A87: Restriped
A88: Protected Bike Lanes | F88: 0.75 | G88: 0.8 | H88: 0.66 | I88: 1.3 | J88: 1.5884368 | K88: 0.402 | L88: 2.44 | M88: 1.826 | N88: 0.3
A89: Buffered Bike Lanes | F89: 3.1 | G89: 3.7 | I89: 5.8 | J89: 15.148358 | K89: 4.8780016 | L89: 3.01 | M89: 11.568 | N89: 9.41
A90: Bike Lanes | C90: 9 | D90: 10.2 | E90: 5.25 | F90: 6.4 | G90: 7.6 | H90: 12.8 | I90: 10.6 | J90: 21.346924 | K90: 3.15025 | L90: 15.339 | M90: 8.377 | N90: 10.079
A91: Neighborhood Greenways | G91: 0.15 | J91: 0 | K91: 0.86 | L91: 3.01 | M91: 0 | N91: 1.9690909
A92: Marked Shared Lanes | C92: 1 | E92: 3.5 | F92: 1.5 | G92: 4 | H92: 7.35 | I92: 5 | J92: 10.419097 | K92: 1.465 | L92: 5.31 | M92: 5.94 | N92: 1.74
A93: TOTAL | B93: =SUM(B88:B92) -> 0 | C93: =SUM(C88:C92) -> 10 | D93: =SUM(D88:D92) -> 10.2 | E93: =SUM(E88:E92) -> 8.75 | F93: =SUM(F88:F92) -> 11.75 | G93: =SUM(G88:G92) -> 16.25 | H93: =SUM(H88:H92) -> 20.81 | I93: =SUM(I88:I92) -> 22.7 | ... T93: =SUM(T88:T92) -> 0 | V93: 2022 is estimate from work plan
C95: E1 Average | F95: =AVERAGE(C93:F93) -> 10.175 | G95: E2 Average | J95: =AVERAGE(G93:J93) -> 27.065704 | K95: L1 Average | N95: =AVERAGE(K93:N93) -> 22.768336
G96: E1+2 Average | J96: =AVERAGE(C93:J93) -> 18.620352
A100: Annual Bikeways Spending
B101: 2010 | C101: 2011 | D101: 2012 | E101: 2013 | F101: 2014 | G101: 2015 | H101: 2016 | I101: 2017 | J101: 2018 | K101: 2019 | L101: 2020 | M101: 2021 | N101: 2022 | O101: 2023 | P101: 2024 | Q101: 2025 | R101: 2026 | S101: 2027 | T101: 2028
A102: Total Annual Bikeway Spending
A103: New/Upgraded | E103: 2339120.5 | F103: 4357045.5 | G103: 4708250 | H103: 934250 | I103: 3367000 | J103: 5423354.4 | K103: 2523663.5 | L103: 2322593.2 | M103: 6667275 | N103: 16821660
A104: Restriping | E104: 525000 | F104: 859000 | G104: 1152000 | H104: 1275000 | I104: 1646000 | J104: 3609935.7 | K104: 873715.16 | L104: 3333351.6 | M104: 2198420 | N104: 1833667.3
A105: TOTAL | E105: =SUM(E103:E104) -> 2864120.5 | F105: =SUM(F103:F104) -> 5216045.5 | G105: =SUM(G103:G104) -> 5860250 | H105: =SUM(H103:H104) -> 2209250 | I105: =SUM(I103:I104) -> 5013000 | J105: =SUM(J103:J104) -> 9033290.1 | K105: =SUM(K103:K104) -> 3397378.7 | L105: =SUM(L103:L104) -> 5655944.8 | ... T105: =SUM(T103:T104) -> 0 | V105: 2022 is estimate from work plan
C107: E1 Average | F107: =AVERAGE(C105:F105) -> 4040083 | G107: E2 Average | J107: =AVERAGE(G105:J105) -> 5528947.5 | K107: L1 Average | N107: =AVERAGE(K105:N105) -> 9143586.5
G108: E1+2 Average | J108: =AVERAGE(C105:J105) -> 5032659.4
A110: New/Upgraded
A111: Centerline Miles | B111: =B79 -> 0 | C111: =C79 -> 29 | D111: =D79 -> 28.95 | E111: =E79 -> 22.25 | F111: =F79 -> 39.5 | G111: =G79 -> 25.45 | H111: =H79 -> 5.05 | I111: =I79 -> 18.2 | ... T111: =T79 -> 0
A112: Average / Mile Cost | E112: =E105/E111 -> 128724.52 | F112: =F105/F111 -> 132051.79 | G112: =G105/G111 -> 230265.23 | H112: =H105/H111 -> 437475.25 | I112: =I105/I111 -> 275439.56 | J112: =J105/J111 -> 303167.04 | K112: =K105/K111 -> 259341.89 | L112: =L105/L111 -> 195032.58 | ... T112: =T105/T111 -> #DIV/0!
A114: Assumption Source | F114: Bud Hearing | G114: Bud Hearing | H114: Bud Hearing | I114: Bud Hearing | J114: Work Plan | K114: Work Plan | L114: Work Plan
A118: Average Age
B119: 2010 | C119: 2011 | D119: 2012 | E119: 2013 | F119: 2014 | G119: 2015 | H119: 2016 | I119: 2017 | J119: 2018 | K119: 2019 | L119: 2020 | M119: 2021 | N119: 2022 | O119: 2023 | P119: 2024 | Q119: 2025 | R119: 2026 | S119: 2027 | T119: 2028
A120: Age per Centerline Mile
A121: Age per Lane Mile
A125: % of Population within 1/2 Mile of Bike Facility
B126: 2010 | C126: 2011 | D126: 2012 | E126: 2013 | F126: 2014 | G126: 2015 | H126: 2016 | I126: 2017 | J126: 2018 | K126: 2019 | L126: 2020 | M126: 2021 | N126: 2022 | O126: 2023 | P126: 2024 | Q126: 2025 | R126: 2026 | S126: 2027 | T126: 2028
A127: All Bikeways | J127: 0.78847825
A128: Greater than MSL | J128: 0.7409082
A129: Low-Stress (PBL & NG)
A133: Mode Share
...

Sheet Network
A1: Chicago Bike Network
A2: CDOT Bike Program
B4: 44893 | C4: Date of GIS export
AE8: Formula for MI_LANE
A9: FID | B9: STREET | C9: PRE_DIR | D9: ST_NAME | E9: ST_TYPE | F9: ONEWAY_DIR | G9: L_F_ADDR | H9: R_F_ADDR | I9: F_STREET | J9: L_T_ADDR | K9: R_T_ADDR | L9: T_STREET | M9: CLASS | O9: BIKEROUTE | P9: INST_TYPE | Q9: PROJECT_ID | R9: INST_PRO | S9: INST_YR | T9: INST_MO | U9: INST_NOTES | V9: MAIN_PRO | W9: MAIN_YR | X9: MAIN_MO | Y9: MAIN_NOTES | Z9: RESTRIPED | AA9: RESURFACED | AB9: MI_CTRLINE | AC9: MI_LANE | AD9: BR_NAME | AE9: BR_ONEWAY | AF9: BR_OW_DIR | AG9: CONTRAFLOW | AH9: PBL_ADJ_TW | AI9: PBL_PROTEC | AJ9: PASSING | AK9: CONC_PVMT | AL9: CONC_YR | AM9: EQUITY_N | AN9: EQUITY_NW | AO9: EQUITY_W | AP9: EQUITY_S | AQ9: EQUITY_SW | AR9: EQUITY_FS | AS9: EQUITY_C
A10: FID | B10: STREET | C10: PRE_DIR | D10: ST_NAME | E10: ST_TYPE | F10: ONEWAY_DIR | G10: L_F_ADDR | H10: R_F_ADDR | I10: F_STREET | J10: L_T_ADDR | K10: R_T_ADDR | L10: T_STREET | M10: CLASS | N10: DISPLAYROU | O10: BIKEROUTE | P10: INST_TYPE | Q10: PROJECT_ID | R10: INST_PRO | S10: INST_YR | T10: INST_MO | U10: INST_NOTES | V10: MAIN_PRO | W10: MAIN_YR | X10: MAIN_MO | Y10: MAIN_NOTES | Z10: RESTRIPED | AA10: RESURFACED | AB10: MI_CTRLINE | AC10: MI_LANE | AD10: BR_NAME | AE10: BR_ONEWAY | AF10: BR_OW_DIR | AG10: CONTRAFLOW | AH10: PBL_ADJ_TW | AI10: PBL_PROTEC | AJ10: PASSING | AK10: CONC_PVMT | AL10: CONC_YR | AM10: EQUITY_N | AN10: EQUITY_NW | AO10: EQUITY_W | AP10: EQUITY_S | AQ10: EQUITY_SW | AR10: EQUITY_FS | AS10: EQUITY_C | AT10: EQUITY CHECK | AU10: EDIT_DATE_ | AV10: EDIT_QA | AW10: Curbside | AX10: NETWORKTYP | AY10: ROUTE_TYPE | AZ10: S_Speed
A11: 0 | B11: MARQUETTE RD | C11: W | D11: MARQUETTE | E11: RD | F11: - | G11: 3201 | H11: 3200 | I11: S CENTRAL PARK AVE | J11: 3557 | K11: 3556 | L11: S KEDZIE AVE | M11: 3 | N11: BUFFERED BIKE LANE | O11: BUFFERED BIKE LANE | P11: UPGRADE | Q11: 2002-17 | R11: STP RESURFACING | S11: 2019 | T11: 0 | U11: EB curbside | V11: BIKE LANE RESTRIPING 2020 | W11: 2020 | X11: 0 | Z11: 2020 | AA11: 2019 | AB11: 0.49516973 | AC11: 0.99033947 | AD11: - | AE11: N | AF11: - | AG11: - | AH11: - | AI11: - | AJ11: - | AK11: - | AL11: 0 | AM11: 0 | AN11: 0 | AO11: 0 | AP11: 0 | AQ11: 1 | AR11: 0 | AS11: 0 | AT11: =SUM(AM11:AS11) -> 1 | AU11: 04.07.2022 | AV11: JP | AW11: Y | AX11: 2 | AY11: Arterial
A12: 1 | B12: MARQUETTE RD | C12: W | D12: MARQUETTE | E12: RD | F12: - | G12: 3159 | H12: 3158 | I12: S KEDZIE AVE | J12: 3001 | K12: 3000 | L12: S SACRAMENTO AVE | M12: 3 | N12: SHARED-LANE | O12: SHARED-LANE | P12: MAINTAIN | Q12: 2002-17 | R12: STP RESURFACING | S12: 2019 | T12: 0 | V12: BIKE LANE RESTRIPING 2020 | W12: 2020 | X12: 0 | Z12: 2020 | AA12: 2019 | AB12: 0.25240306 | AC12: 0.50480611 | AD12: - | AE12: N | AF12: - | AG12: - | AH12: - | AI12: - | AJ12: - | AK12: - | AL12: 0 | AM12: 0 | AN12: 0 | AO12: 0 | AP12: 0 | AQ12: 1 | AR12: 0 | AS12: 0 | AT12: =SUM(AM12:AS12) -> 1 | AU12: 44658 | AV12: JP | AW12: - | AX12: 2 | AY12: Arterial | AZ12: -
A13: 2 | B13: 18TH ST | C13: W | D13: 18TH | E13: ST | G13: 1901 | H13: 1900 | I13: S DAMEN AVE | J13: 1401 | K13: 1400 | L13: S LOOMIS ST | M13: 3 | N13: BIKE LANE | O13: BIKE LANE | P13: NEW | Q13: 2011-3 | R13: CMAQ 2009 | S13: 2011 | T13: 6 | V13: Divvy Restriping | W13: 2018 | X13: 7 | Z13: 2018 | AA13: 0 | AB13: 0.75732065 | AC13: 1.5146413 | AE13: N | AL13: 0 | AM13: 0 | AN13: 0 | AO13: 0 | AP13: 0 | AQ13: 0 | AR13: 0 | AS13: 1 | AT13: =SUM(AM13:AS13) -> 1 | AU13: 43322 | AV13: JP | AX13: 2 | AY13: Arterial
A14: 3 | B14: LAKE SHORE DR | C14: S | D14: LAKE SHORE | E14: DR | G14: 8100 | H14: 8101 | I14: E 81ST ST | J14: 8700 | K14: 8701 | L14: E 87TH ST | M14: 2 | N14: BUFFERED BIKE LANE | O14: BUFFERED BIKE LANE | P14: NEW | Q14: 2013-9 | R14: US 41 EXTENSION | S14: 2013 | T14: 10 | U14: RESURFACED | W14: 0 | X14: 0 | Z14: 2013 | AA14: 2013 | AB14: 0.75430901 | AC14: 1.508618 | AE14: N | AL14: 0 | AM14: 0 | AN14: 0 | AO14: 0 | AP14: 1 | AQ14: 0 | AR14: 0 | AS14: 0 | AT14: =SUM(AM14:AS14) -> 1 | AU14: 12.08.2020 | AV14: JP | AW14: N | AX14: 2 | AY14: Arterial
A15: 4 | B15: LAKE ST | C15: W | D15: LAKE | E15: ST | F15: - | G15: 3200 | H15: 3201 | I15: N KEDZIE AVE | J15: 2000 | K15: 2001 | L15: N DAMEN AVE | M15: 3 | N15: PROTECTED BIKE LANE | O15: PROTECTED BIKE LANE | P15: UPGRADE | Q15: 2012-24 | R15: AR 21 - FED | S15: 2022 | T15: 11 | W15: 0 | X15: 0 | Z15: 2022 | AA15: 2022 | AB15: 1.5227683 | AC15: 3.0455366 | AD15: - | AE15: N | AF15: - | AG15: - | AH15: N | AI15: CONCRETE | AJ15: - | AK15: - | AL15: 0 | AM15: 0 | AN15: 0 | AO15: 0.5 | AP15: 0 | AQ15: 0 | AR15: 0 | AS15: 0.5 | AT15: =SUM(AM15:AS15) -> 1 | AU15: 11.17.2022 | AV15: JP | AW15: Y | AX15: 1 | AY15: Arterial | AZ15: 30
A16: 5 | B16: WELLS ST | C16: S | D16: WELLS | E16: ST | F16: S | G16: 351 | H16: 350 | I16: W VAN BUREN ST | J16: 151 | K16: 150 | L16: W ARCADE PL | M16: 4 | N16: SHARED-LANE | O16: SHARED-LANE | P16: NEW | Q16: 2012-28 | R16: BIKE PRGM 12 | S16: 2012 | T16: 6 | W16: 0 | X16: 0 | Z16: 2012 | AA16: 0 | AB16: 0.30683475 | AC16: 0.30683475 | AE16: Y | AF16: S | AG16: N | AL16: 0 | AM16: 0 | AN16: 0 | AO16: 0 | AP16: 0 | AQ16: 0 | AR16: 0 | AS16: 1 | AT16: =SUM(AM16:AS16) -> 1 | AU16: 43328 | AV16: JP | AX16: 2 | AY16: Arterial
A17: 6 | B17: 55TH PL | C17: E | D17: 55TH | E17: PL | F17: W | G17: 1400 | H17: 1401 | I17: S DORCHESTER AVE | J17: 1464 | K17: 1463 | L17: E 55TH ST | M17: 2 | N17: BUFFERED BIKE LANE | O17: BUFFERED BIKE LANE | P17: NEW | R17: BIKE PRGM 12 | S17: 2012 | T17: 7 | U17: ROAD DIET | V17: CDOT RESTRIPING | W17: 2017 | X17: 6 | Z17: 2017 | AA17: 0 | AB17: 0.1405204 | AC17: 0.1405204 | AE17: Y | AF17: W | AG17: N | AL17: 0 | AM17: 0 | AN17: 0 | AO17: 0 | AP17: 1 | AQ17: 0 | AR17: 0 | AS17: 0 | AT17: =SUM(AM17:AS17) -> 1 | AU17: 43328 | AV17: JP | AW17: N | AX17: 2 | AY17: Arterial
A18: 7 | B18: 55TH PL | C18: E | D18: 55TH | E18: PL | F18: E | G18: 1366 | H18: 1351 | I18: E 55TH ST | J18: 1390 | K18: 1391 | L18: S DORCHESTER AVE | M18: 2 | N18: PROTECTED BIKE LANE | O18: PROTECTED BIKE LANE | P18: UPGRADE | R18: AR 18 | S18: 2019 | T18: 5 | U18: RESURFACED, CONCRETE UPGRADES | W18: 0 | X18: 0 | Z18: 2019 | AA18: 2019 | AB18: 0.04569508 | AC18: 0.04569508 | AE18: Y | AF18: E | AG18: N | AI18: NONE | AJ18: - | AL18: 0 | AM18: 0 | AN18: 0 | AO18: 0 | AP18: 1 | AQ18: 0 | AR18: 0 | AS18: 0 | AT18: =SUM(AM18:AS18) -> 1 | AU18: 10.25.2022 | AV18: JP | AW18: - | AX18: 1 | AY18: Arterial
A19: 8 | B19: WABASH AVE | C19: S | D19: WABASH | E19: AVE | G19: 898 | H19: 899 | I19: E 9TH ST | J19: 601 | K19: 600 | L19: E HARRISON ST | M19: 4 | N19: BUFFERED BIKE LANE | O19: BUFFERED BIKE LANE | P19: NEW | Q19: 2012-27 | R19: BIKE PRGM 12 | S19: 2012 | T19: 7 | U19: ROAD DIET | V19: BIKE LANE RESTRIPING 2020 | W19: 2020 | X19: 0 | Z19: 2020 | AA19: 0 | AB19: 0.26595669 | AC19: 0.53191339 | AE19: N | AL19: 0 | AM19: 0 | AN19: 0 | AO19: 0 | AP19: 0 | AQ19: 0 | AR19: 0 | AS19: 1 | AT19: =SUM(AM19:AS19) -> 1 | AU19: 12.08.2020 | AV19: JP | AW19: N | AX19: 2 | AY19: Arterial
A20: 9 | B20: JACKSON BLVD | C20: W | D20: JACKSON | E20: BLVD | G20: 3787 | H20: 3786 | I20: S HAMLIN BLVD | J20: 3601 | K20: 3600 | L20: S CENTRAL PARK BLVD | M20: 4 | N20: PROTECTED BIKE LANE | O20: PROTECTED BIKE LANE | P20: NEW | R20: BIKE PRGM 12 | S20: 2012 | T20: 6 | U20: ROAD DIET | V20: DIVVY 18 | W20: 2018 | X20: 5 | Z20: 2018 | AA20: 0 | AB20: 0.25049819 | AC20: 0.50099637 | AE20: N | AF20: - | AG20: - | AH20: - | AI20: POST | AJ20: - | AK20: Y | AL20: 2018 | AM20: 0 | AN20: 0 | AO20: 1 | AP20: 0 | AQ20: 0 | AR20: 0 | AS20: 0 | AT20: =SUM(AM20:AS20) -> 1 | AU20: 05.18.2022 | AV20: JP | AW20: Y | AX20: 1 | AY20: Arterial
A21: 10 | B21: ELSTON AVE | C21: N | D21: ELSTON | E21: AVE | G21: 828 | H21: 825 | I21: N MILWAUKEE AVE | J21: 874 | K21: 871 | L21: W CHESTNUT ST | M21: 3 | N21: BUFFERED BIKE LANE | O21: BUFFERED BIKE LANE | P21: UPGRADE | R21: AR 11 | S21: 2012 | T21: 6 | U21: RESURFACED | W21: 0 | X21: 0 | Z21: 2012 | AA21: 2012 | AB21: 0.096969646 | AC21: 0.19393929 | AE21: N | AL21: 0 | AM21: 0 | AN21: 0 | AO21: 0 | AP21: 0 | AQ21: 0 | AR21: 0 | AS21: 1 | AT21: =SUM(AM21:AS21) -> 1 | AU21: 43332 | AV21: JP | AW21: N | AX21: 2 | AY21: Arterial
A22: 11 | B22: HALSTED ST | C22: N | D22: HALSTED | E22: ST | G22: 2000 | H22: 2001 | I22: W ARMITAGE AVE | J22: 2200 | K22: 2201 | L22: W WEBSTER AVE | M22: 2 | N22: BIKE LANE | O22: BIKE LANE | P22: NEW | R22: BIKE PRGM 00 | S22: 2000 | T22: 7 | V22: AR 17 | W22: 2018 | X22: 9 | Y22: RESURFACED | Z22: 2018 | AA22: 2018 | AB22: 0.25112071 | AC22: 0.50224143 | AE22: N | AL22: 0 | AM22: 1 | AN22: 0 | AO22: 0 | AP22: 0 | AQ22: 0 | AR22: 0 | AS22: 0 | AT22: =SUM(AM22:AS22) -> 1 | AU22: 43333 | AV22: JP | AX22: 2 | AY22: Arterial
A23: 12 | B23: HALSTED ST | C23: N | D23: HALSTED | E23: ST | G23: 2800 | H23: 2801 | I23: W DIVERSEY PKWY | J23: 3000 | K23: 3001 | L23: W WELLINGTON AVE | M23: 2 | N23: BUFFERED BIKE LANE | O23: BUFFERED BIKE LANE | P23: UPGRADE | Q23: 2004-8 | R23: EMERGENCY REPAIR PROGRAM | S23: 2012 | T23: 7 | U23: RESURFACED | V23: MAINTENANCE 2020 | W23: 2020 | X23: 0 | Z23: 2020 | AA23: 2012 | AB23: 0.25265117 | AC23: 0.50530235 | AE23: N | AL23: 0 | AM23: 1 | AN23: 0 | AO23: 0 | AP23: 0 | AQ23: 0 | AR23: 0 | AS23: 0 | AT23: =SUM(AM23:AS23) -> 1 | AU23: 08.28.2020 | AV23: JP | AW23: N | AX23: 2 | AY23: Arterial
A24: 13 | B24: CALIFORNIA AVE | C24: S | D24: CALIFORNIA | E24: AVE | G24: 2411 | H24: 2412 | I24: W 24TH BLVD | J24: 2200 | K24: 2201 | L24: W CERMAK RD | M24: 3 | N24: BIKE LANE | O24: BIKE LANE | P24: NEW | R24: CMAQ V(2) | S24: 2007 | T24: 10 | V24: Divvy 18 | W24: 2018 | X24: 9 | Z24: 2018 | AA24: 2012 | AB24: 0.27746195 | AC24: 0.55492389 | AE24: N | AL24: 0 | AM24: 0 | AN24: 0 | AO24: 1 | AP24: 0 | AQ24: 0 | AR24: 0 | AS24: 0 | AT24: =SUM(AM24:AS24) -> 1 | AU24: 43335 | AV24: JP | AX24: 2 | AY24: Arterial
A25: 14 | B25: MARQUETTE RD | C25: E | D25: MARQUETTE | E25: RD | G25: 500 | H25: 501 | I25: S EBERHART AVE | J25: 800 | K25: 801 | L25: S COTTAGE GROVE AVE | M25: 3 | N25: BIKE LANE | O25: BIKE LANE | P25: NEW | R25: CMAQ IV | S25: 2003 | T25: 7 | V25: Bike Program Maintenance 2021 | W25: 2021 | X25: 0 | Z25: 2021 | AA25: 2011 | AB25: 0.37651479 | AC25: 0.75302959 | AE25: N | AF25: - | AG25: - | AH25: - | AI25: - | AJ25: - | AK25: - | AL25: 0 | AM25: 0 | AN25: 0 | AO25: 0 | AP25: 1 | AQ25: 0 | AR25: 0 | AS25: 0 | AT25: =SUM(AM25:AS25) -> 1 | AU25: 03.24.2022 | AV25: JP | AW25: Y | AX25: 2 | AY25: Arterial
A26: 15 | B26: WASHINGTON BLVD | C26: W | D26: WASHINGTON | E26: BLVD | F26: E | G26: 725 | H26: 726 | I26: N HALSTED ST | J26: 723 | K26: 724 | L26: I-90/94 | M26: 4 | N26: BUFFERED BIKE LANE | O26: BUFFERED BIKE LANE | P26: UPGRADE | Q26: 2006-8 | R26: LOOP LINK | S26: 2018 | T26: 6 | W26: 0 | X26: 0 | Z26: 2018 | AA26: 2012 | AB26: 0.051135638 | AC26: 0.051135638 | AD26: LOOP LINK | AE26: Y | AF26: E | AG26: N | AL26: 0 | AM26: 0 | AN26: 0 | AO26: 0 | AP26: 0 | AQ26: 0 | AR26: 0 | AS26: 1 | AT26: =SUM(AM26:AS26) -> 1 | AU26: 43335 | AV26: JP | AW26: N | AX26: 2 | AY26: Arterial
A27: 16 | B27: OAKWOOD BLVD | C27: E | D27: OAKWOOD | E27: BLVD | G27: 376 | H27: 377 | I27: S DR MARTIN LUTHER KING JR DR | J27: 530 | K27: 531 | L27: S VINCENNES AVE | M27: 3 | N27: BIKE LANE | O27: BIKE LANE | P27: NEW | R27: CMAQ III | S27: 2002 | T27: 7 | V27: VZ2018 | W27: 2018 | X27: 8 | Z27: 2018 | AA27: 2009 | AB27: 0.21007186 | AC27: 0.42014373 | AE27: N | AL27: 0 | AM27: 0 | AN27: 0 | AO27: 0 | AP27: 1 | AQ27: 0 | AR27: 0 | AS27: 0 | AT27: =SUM(AM27:AS27) -> 1 | AU27: 43335 | AV27: JP | AX27: 2 | AY27: Arterial
A28: 17 | B28: OAKWOOD BLVD | C28: E | D28: OAKWOOD | E28: BLVD | G28: 536 | H28: 537 | I28: S VINCENNES AVE | J28: 650 | K28: 649 | L28: S LANGLEY AVE | M28: 3 | N28: BIKE LANE | O28: BIKE LANE | P28: NEW | R28: CMAQ III | S28: 2002 | T28: 7 | V28: UTILITY | W28: 2017 | X28: 10 | Y28: RESURFACED | Z28: 2017 | AA28: 2017 | AB28: 0.15975541 | AC28: 0.31951083 | AE28: N | AL28: 0 | AM28: 0 | AN28: 0 | AO28: 0 | AP28: 1 | AQ28: 0 | AR28: 0 | AS28: 0 | AT28: =SUM(AM28:AS28) -> 1 | AU28: 43335 | AV28: JP | AX28: 2 | AY28: Arterial
A29: 18 | B29: OAKWOOD BLVD | C29: E | D29: OAKWOOD | E29: BLVD | G29: 700 | H29: 701 | I29: S LANGLEY AVE | J29: 768 | K29: 773 | L29: S COTTAGE GROVE AVE | M29: 3 | N29: BIKE LANE | O29: BIKE LANE | P29: NEW | R29: CMAQ III | S29: 2002 | T29: 7 | V29: UTILITY | W29: 2017 | X29: 10 | Y29: RESURFACED | Z29: 2017 | AA29: 2017 | AB29: 0.1521576 | AC29: 0.3043152 | AE29: N | AL29: 0 | AM29: 0 | AN29: 0 | AO29: 0 | AP29: 1 | AQ29: 0 | AR29: 0 | AS29: 0 | AT29: =SUM(AM29:AS29) -> 1 | AU29: 43335 | AV29: JP | AX29: 2 | AY29: Arterial
A30: 19 | B30: ALBION AVE | C30: W | D30: ALBION | E30: AVE | F30: E | G30: 1253 | H30: 1252 | I30: N LAKEWOOD AVE | J30: 1200 | K30: 1201 | L30: N SHERIDAN RD | M30: 4 | N30: NEIGHBORHOOD GREENWAY | O30: SHARED-LANE | P30: NEW | R30: BIKE PRGM 12 | S30: 2012 | T30: 7 | U30: WB CONTRAFLOW LANE | W30: 0 | X30: 0 | Z30: 2012 | AA30: 0 | AB30: 0.25067333 | AC30: 0.50134666 | AE30: N | AG30: Y | AL30: 0 | AM30: 1 | AN30: 0 | AO30: 0 | AP30: 0 | AQ30: 0 | AR30: 0 | AS30: 0 | AT30: =SUM(AM30:AS30) -> 1 | AU30: 08.28.2020 | AV30: JP | AX30: 3 | AY30: Neighborhood
A31: 20 | B31: HALSTED ST | C31: S | D31: HALSTED | E31: ST | G31: 7401 | H31: 7400 | I31: W 74TH ST | J31: 6901 | K31: 6900 | L31: W 69TH ST | M31: 2 | N31: BUFFERED BIKE LANE | O31: BUFFERED BIKE LANE | P31: NEW | Q31: 2012-19 | R31: AR 11 | S31: 2012 | T31: 7 | U31: RESURFACED | W31: 0 | X31: 0 | Z31: 2012 | AA31: 2012 | AB31: 0.62727999 | AC31: 1.25456 | AE31: N | AL31: 0 | AM31: 0 | AN31: 0 | AO31: 0 | AP31: 0 | AQ31: 1 | AR31: 0 | AS31: 0 | AT31: =SUM(AM31:AS31) -> 1 | AU31: 08.28.2020 | AV31: JP | AW31: N | AX31: 2 | AY31: Arterial
A32: 21 | B32: KENMORE AVE | C32: N | D32: KENMORE | E32: AVE | F32: N | G32: 5800 | H32: 5801 | I32: W ARDMORE AVE | J32: 5928 | K32: 5929 | L32: W THORNDALE AVE | M32: 4 | N32: BIKE LANE | O32: BIKE LANE | P32: MAINTAIN | R32: BIKE PRGM 14 | S32: 2014 | T32: 6 | W32: 0 | X32: 0 | Z32: 2014 | AA32: 0 | AB32: 0.18996178 | AC32: 0.18996178 | AE32: Y | AF32: N | AG32: N | AL32: 0 | AM32: 1 | AN32: 0 | AO32: 0 | AP32: 0 | AQ32: 0 | AR32: 0 | AS32: 0 | AT32: =SUM(AM32:AS32) -> 1 | AU32: 43335 | AV32: JP | AX32: 3 | AY32: Neighborhood | AZ32: 20
A33: 22 | B33: 83RD ST | C33: E | D33: 83RD | E33: ST | G33: 3132 | H33: 3133 | I33: S SOUTH SHORE DR | J33: 3358 | K33: 3359 | L33: S GREEN BAY AVE | M33: 3 | N33: BIKE LANE | O33: BIKE LANE | P33: NEW | Q33: 2011-9 | R33: MENU RESURFACING | S33: 2011 | T33: 6 | U33: RESURFACED | W33: 0 | X33: 0 | Z33: 2011 | AA33: 2011 | AB33: 0.31073508 | AC33: 0.62147016 | AE33: N | AL33: 0 | AM33: 0 | AN33: 0 | AO33: 0 | AP33: 1 | AQ33: 0 | AR33: 0 | AS33: 0 | AT33: =SUM(AM33:AS33) -> 1 | AU33: 43335 | AV33: JP | AX33: 2 | AY33: Arterial
A34: 23 | B34: DESPLAINES ST | C34: S | D34: DESPLAINES | E34: ST | F34: S | G34: 525 | H34: 524 | I34: W HARRISON ST | J34: 1 | K34: 2 | L34: W MADISON ST | M34: 4 | N34: PROTECTED BIKE LANE | O34: PROTECTED BIKE LANE | P34: NEW | Q34: 2012-12 | R34: BIKE PRGM 12 | S34: 2012 | T34: 11 | U34: ROAD DIET | W34: 0 | X34: 0 | Z34: 2012 | AA34: 0 | AB34: 0.51544828 | AC34: 0.51544828 | AE34: Y | AF34: S | AG34: N | AH34: N | AI34: POST | AJ34: - | AK34: - | AL34: 0 | AM34: 0 | AN34: 0 | AO34: 0 | AP34: 0 | AQ34: 0 | AR34: 0 | AS34: 1 | AT34: =SUM(AM34:AS34) -> 1 | AU34: 10.25.2022 | AV34: JP | AW34: Y | AX34: 1 | AY34: Arterial
A35: 24 | B35: CLARK ST | C35: N | D35: CLARK | E35: ST | G35: 1000 | H35: 1001 | I35: W OAK ST | J35: 1556 | K35: 1557 | L35: W NORTH AVE | M35: 3 | N35: BUFFERED BIKE LANE | O35: BUFFERED BIKE LANE | P35: NEW | Q35: 2012-8 | R35: AR 11 | S35: 2012 | T35: 8 | U35: RESURFACED | W35: 0 | X35: 0 | Z35: 2012 | AA35: 2012 | AB35: 0.73372982 | AC35: 1.4674596 | AE35: N | AL35: 0 | AM35: 0 | AN35: 0 | AO35: 0 | AP35: 0 | AQ35: 0 | AR35: 0 | AS35: 1 | AT35: =SUM(AM35:AS35) -> 1 | AU35: 43336 | AV35: JP | AW35: N | AX35: 2 | AY35: Arterial
A36: 25 | B36: BERTEAU AVE | C36: W | D36: BERTEAU | E36: AVE | G36: 1923 | H36: 1924 | I36: N DAMEN AVE | J36: 1600 | K36: 1601 | L36: N ASHLAND AVE | M36: 4 | N36: NEIGHBORHOOD GREENWAY | O36: SHARED-LANE | P36: NEW | Q36: 2013-2 | R36: MENU STRIPING | S36: 2013 | T36: 10 | W36: 0 | X36: 0 | Z36: 2013 | AA36: 0 | AB36: 0.50047928 | AC36: 1.0009586 | AD36: BERTEAU GREENWAY | AE36: N | AL36: 0 | AM36: 1 | AN36: 0 | AO36: 0 | AP36: 0 | AQ36: 0 | AR36: 0 | AS36: 0 | AT36: =SUM(AM36:AS36) -> 1 | AU36: 43336 | AV36: JP | AX36: 3 | AY36: Neighborhood
A37: 26 | B37: SOUTH CHICAGO AVE | C37: S | D37: SOUTH CHICAGO | E37: AVE | G37: 9379 | H37: 9386 | I37: S BALTIMORE AVE | J37: 7901 | K37: 7900 | L37: E 79TH ST | M37: 3 | N37: BUFFERED BIKE LANE | O37: BUFFERED BIKE LANE | P37: UPGRADE | Q37: 1996-9 | R37: AR 11 | S37: 2012 | T37: 6 | U37: ROAD DIET; RESURFACED | W37: 0 | X37: 0 | Z37: 2012 | AA37: 2012 | AB37: 2.6692262 | AC37: 5.3384525 | AE37: N | AL37: 0 | AM37: 0 | AN37: 0 | AO37: 0 | AP37: 1 | AQ37: 0 | AR37: 0 | AS37: 0 | AT37: =SUM(AM37:AS37) -> 1 | AU37: 43336 | AV37: JP | AW37: N | AX37: 2 | AY37: Arterial
A38: 27 | B38: WELLS ST | C38: N | D38: WELLS | E38: ST | G38: 800 | H38: 801 | I38: W CHICAGO AVE | J38: 1600 | K38: 1601 | L38: W NORTH AVE | M38: 4 | N38: BUFFERED BIKE LANE | O38: BUFFERED BIKE LANE | P38: MAINTAIN | Q38: 1993-4 | R38: AR 12 | S38: 2013 | T38: 7 | U38: RESURFACED | V38: MAINTENANCE 2020 | W38: 2020 | X38: 0 | Z38: 2020 | AA38: 2013 | AB38: 1.0056321 | AC38: 2.0112643 | AE38: N | AL38: 0 | AM38: 0 | AN38: 0 | AO38: 0 | AP38: 0 | AQ38: 0 | AR38: 0 | AS38: 1 | AT38: =SUM(AM38:AS38) -> 1 | AU38: 08.28.2020 | AV38: JP | AW38: N | AX38: 2 | AY38: Arterial
A39: 28 | B39: MILWAUKEE AVE | C39: N | D39: MILWAUKEE | E39: AVE | G39: 5100 | H39: 5100 | I39: N CARMEN AVE | J39: 6131 | K39: 6124 | L39: N HYACINTH ST | M39: 3 | N39: BUFFERED BIKE LANE | O39: BUFFERED BIKE LANE | P39: UPGRADE | Q39: 2011-28 | R39: AR 14 | S39: 2015 | T39: 7 | U39: RESURFACED | W39: 0 | X39: 0 | Z39: 2015 | AA39: 2015 | AB39: 1.6753159 | AC39: 3.3506317 | AE39: N | AL39: 0 | AM39: 0 | AN39: 1 | AO39: 0 | AP39: 0 | AQ39: 0 | AR39: 0 | AS39: 0 | AT39: =SUM(AM39:AS39) -> 1 | AU39: 43336 | AV39: JP | AW39: N | AX39: 2 | AY39: Arterial
A40: 29 | B40: GRAND AVE | C40: W | D40: GRAND | E40: AVE | F40: W | G40: 500 | H40: 501 | I40: N DEARBORN ST | J40: 520 | K40: 521 | L40: N STATE ST | M40: 3 | N40: BUFFERED BIKE LANE | O40: BUFFERED BIKE LANE | P40: MAINTAIN | Q40: 2011-20 | R40: BIKE PRGM 14 | S40: 2014 | T40: 9 | V40: MAINTENANCE 2020 | W40: 2020 | X40: 0 | Z40: 2020 | AA40: 0 | AB40: 0.081661266 | AC40: 0.081661266 | AE40: Y | AF40: W | AG40: N | AL40: 0 | AM40: 0 | AN40: 0 | AO40: 0 | AP40: 0 | AQ40: 0 | AR40: 0 | AS40: 1 | AT40: =SUM(AM40:AS40) -> 1 | AU40: 08.28.2020 | AV40: JP | AW40: N | AX40: 2 | AY40: Arterial
A41: 30 | B41: MILWAUKEE AVE | C41: N | D41: MILWAUKEE | E41: AVE | G41: 1600 | H41: 1601 | I41: W NORTH AVE | J41: 1764 | K41: 1769 | L41: N LEAVITT ST | M41: 3 | N41: BIKE LANE | O41: DASHED BIKE LANE | P41: UPGRADE | Q41: 2005-9 | R41: BIKE PRGM 17 | S41: 2017 | T41: 9 | U41: DASHED BIKE LANE FOR MAJORITY | W41: 0 | X41: 0 | Z41: 2017 | AA41: 2005 | AB41: 0.41450981 | AC41: 0.82901961 | AE41: N | AL41: 0 | AM41: 0 | AN41: 0 | AO41: 0 | AP41: 0 | AQ41: 0 | AR41: 0 | AS41: 1 | AT41: =SUM(AM41:AS41) -> 1 | AU41: 43336 | AV41: JP | AX41: 2 | AY41: Arterial | AZ41: 20
A42: 31 | B42: CALIFORNIA AVE | C42: N | D42: CALIFORNIA | E42: AVE | G42: 3600 | H42: 3601 | I42: W ADDISON ST | J42: 4401 | K42: 4400 | L42: N MONTROSE AVE | M42: 3 | N42: SHARED-LANE | O42: SHARED-LANE | P42: NEW | Q42: 2011-12 | R42: CMAQ 2009 | S42: 2011 | T42: 9 | W42: 0 | X42: 0 | Z42: 2011 | AA42: 0 | AB42: 1.0057464 | AC42: 2.0114928 | AE42: N | AL42: 0 | AM42: 0 | AN42: 1 | AO42: 0 | AP42: 0 | AQ42: 0 | AR42: 0 | AS42: 0 | AT42: =SUM(AM42:AS42) -> 1 | AU42: 43335 | AV42: JP | AX42: 2 | AY42: Arterial
A43: 32 | B43: JACKSON BLVD | C43: W | D43: JACKSON | E43: BLVD | G43: 2363 | H43: 2358 | I43: S WESTERN AVE | J43: 2301 | K43: 2300 | L43: S OAKLEY BLVD | M43: 4 | N43: BUFFERED BIKE LANE | O43: BUFFERED BIKE LANE | P43: NEW | Q43: 2011-22 | R43: TERM 11 | S43: 2011 | T43: 10 | U43: WESTBOUND - BIKE LANE | W43: 0 | X43: 0 | Z43: 2011 | AA43: 2011 | AB43: 0.12756244 | AC43: 0.25512489 | AE43: N | AL43: 0 | AM43: 0 | AN43: 0 | AO43: 0 | AP43: 0 | AQ43: 0 | AR43: 0 | AS43: 1 | AT43: =SUM(AM43:AS43) -> 1 | AU43: 43332 | AV43: JP | AW43: N | AX43: 2 | AY43: Arterial
A44: 33 | B44: JACKSON BLVD | C44: W | D44: JACKSON | E44: BLVD | G44: 2057 | H44: 2058 | I44: S HOYNE AVE | J44: 2001 | K44: 2000 | L44: S DAMEN AVE | M44: 4 | N44: BUFFERED BIKE LANE | O44: BUFFERED BIKE LANE | P44: NEW | Q44: 2011-22 | R44: TERM 11 | S44: 2011 | T44: 10 | U44: WESTBOUND - BIKE LANE | W44: 0 | X44: 0 | Z44: 2011 | AA44: 2011 | AB44: 0.12753278 | AC44: 0.25506556 | AE44: N | AL44: 0 | AM44: 0 | AN44: 0 | AO44: 0 | AP44: 0 | AQ44: 0 | AR44: 0 | AS44: 1 | AT44: =SUM(AM44:AS44) -> 1 | AU44: 43332 | AV44: JP | AW44: N | AX44: 2 | AY44: Arterial
A45: 34 | B45: JACKSON BLVD | C45: W | D45: JACKSON | E45: BLVD | G45: 2301 | H45: 2300 | I45: S OAKLEY BLVD | J45: 2101 | K45: 2100 | L45: S HOYNE AVE | M45: 4 | N45: PROTECTED BIKE LANE | O45: PROTECTED BIKE LANE | P45: NEW | Q45: 2011-22 | R45: TERM 11 | S45: 2011 | T45: 10 | U45: WB BL; EB curbside PBL | W45: 0 | X45: 0 | Z45: 2011 | AA45: 2011 | AB45: 0.25262842 | AC45: 0.50525684 | AE45: N | AI45: POST | AJ45: - | AL45: 0 | AM45: 0 | AN45: 0 | AO45: 0 | AP45: 0 | AQ45: 0 | AR45: 0 | AS45: 1 | AT45: =SUM(AM45:AS45) -> 1 | AU45: 10.25.2022 | AV45: JP | AW45: Y | AX45: 1 | AY45: Arterial
A46: 35 | B46: JACKSON BLVD | C46: W | D46: JACKSON | E46: BLVD | F46: E | G46: 2001 | H46: 2000 | I46: S DAMEN AVE | J46: 1751 | K46: 1750 | L46: W OGDEN AVE | M46: 4 | N46: PROTECTED BIKE LANE | O46: PROTECTED BIKE LANE | P46: NEW | Q46: 2011-22 | R46: TERM 11 | S46: 2011 | T46: 10 | U46: ROAD DIET | W46: 0 | X46: 0 | Z46: 2011 | AA46: 2011 | AB46: 0.30168895 | AC46: 0.30168895 | AE46: Y | AF46: E | AG46: N | AI46: POST | AJ46: - | AL46: 0 | AM46: 0 | AN46: 0 | AO46: 0 | AP46: 0 | AQ46: 0 | AR46: 0 | AS46: 1 | AT46: =SUM(AM46:AS46) -> 1 | AU46: 10.25.2022 | AV46: JP | AW46: Y | AX46: 1 | AY46: Arterial
A47: 36 | B47: WABASH AVE | C47: S | D47: WABASH | E47: AVE | G47: 2143 | H47: 2142 | I47: E CERMAK RD | J47: 1801 | K47: 1800 | L47: E 18TH ST | M47: 4 | N47: BUFFERED BIKE LANE | O47: BUFFERED BIKE LANE | P47: UPGRADE | Q47: 1996-10 | R47: TERM 11 | S47: 2012 | T47: 7 | U47: RESURFACED | V47: BIKE LANE RESTRIPING 2020 | W47: 2020 | X47: 0 | Z47: 2020 | AA47: 2012 | AB47: 0.34546323 | AC47: 0.69092645 | AE47: N | AL47: 0 | AM47: 0 | AN47: 0 | AO47: 0 | AP47: 0 | AQ47: 0 | AR47: 0 | AS47: 1 | AT47: =SUM(AM47:AS47) -> 1 | AU47: 12.08.2020 | AV47: JP | AW47: N | AX47: 2 | AY47: Arterial
A48: 37 | B48: STATE ST | C48: S | D48: STATE | E48: ST | G48: 1901 | H48: 1900 | I48: W CULLERTON ST | J48: 1843 | K48: 1856 | L48: W 18TH ST | M48: 2 | N48: BUFFERED BIKE LANE | O48: BUFFERED BIKE LANE | P48: NEW | Q48: 2013-12 | R48: AR 12 | S48: 2013 | T48: 10 | U48: ROAD DIET; RESURFACED | V48: MAINTENANCE 2020 | W48: 2020 | X48: 0 | Z48: 2020 | AA48: 2013 | AB48: 0.16315132 | AC48: 0.32630264 | AE48: N | AL48: 0 | AM48: 0 | AN48: 0 | AO48: 0 | AP48: 0 | AQ48: 0 | AR48: 0 | AS48: 1 | AT48: =SUM(AM48:AS48) -> 1 | AU48: 08.25.2020 | AV48: JP | AW48: N | AX48: 2 | AY48: Arterial
A49: 38 | B49: PAYNE DR | C49: S | D49: PAYNE | E49: DR | F49: - | G49: 5519 | H49: 5520 | I49: E RAINEY DR | J49: 5501 | K49: 5500 | L49: E 55TH ST | M49: 3 | N49: PROTECTED BIKE LANE | O49: PROTECTED BIKE LANE | P49: UPGRADE | R49: AR 21 - FEDERAL | S49: 2022 | T49: 7 | W49: 0 | X49: 0 | Z49: 2022 | AA49: 2022 | AB49: 0.067515942 | AC49: 0.13503188 | AD49: - | AE49: - | AF49: - | AG49: - | AH49: - | AI49: POST | AJ49: - | AK49: - | AL49: 0 | AM49: 0 | AN49: 0 | AO49: 0 | AP49: 1 | AQ49: 0 | AR49: 0 | AS49: 0 | AT49: =SUM(AM49:AS49) -> 1 | AU49: 09.20.2022 | AV49: JP | AW49: Y | AX49: 2 | AY49: Arterial | AZ49: 30
A50: 39 | B50: VINCENNES AVE | C50: S | D50: VINCENNES | E50: AVE | G50: 7559 | H50: 7559 | I50: W 76TH ST | J50: 6901 | K50: 6900 | L50: W 69TH ST | M50: 3 | N50: BUFFERED BIKE LANE | O50: BUFFERED BIKE LANE | P50: UPGRADE | R50: SFC I | S50: 2018 | T50: 8 | W50: 0 | X50: 0 | Z50: 2018 | AA50: 2011 | AB50: 0.93836993 | AC50: 1.8767399 | AE50: N | AL50: 0 | AM50: 0 | AN50: 0 | AO50: 0 | AP50: 1 | AQ50: 0 | AR50: 0 | AS50: 0 | AT50: =SUM(AM50:AS50) -> 1 | AU50: 03.17.2022 | AV50: JP | AW50: N | AX50: 2 | AY50: Arterial
A51: 40 | B51: 100TH ST | C51: E | D51: 100TH | E51: ST | G51: 2635 | H51: 2634 | I51: S TORRENCE AVE | J51: 3601 | K51: 3600 | L51: S AVE L | M51: 3 | N51: BIKE LANE | O51: BIKE LANE | P51: NEW | Q51: 2011-1 | R51: AR 10 | S51: 2011 | T51: 7 | U51: CALUMET RIVER TO CALUMET RIVER - CONCRETE PVMT - 2018 | V51: BIKE LANE RESTRIPING 2020 | W51: 2020 | X51: 0 | Z51: 2020 | AA51: 2011 | AB51: 1.2069696 | AC51: 2.4139392 | AE51: N | AK51: Y | AL51: 2018 | AM51: 0 | AN51: 0 | AO51: 0 | AP51: 0 | AQ51: 0 | AR51: 1 | AS51: 0 | AT51: =SUM(AM51:AS51) -> 1 | AU51: 12.08.2020 | AV51: JP | AX51: 2 | AY51: Arterial
A52: 41 | B52: NORTHWEST HWY | C52: N | D52: NORTHWEST | E52: HWY | G52: 6575 | H52: 6576 | I52: N OKETO AVE | J52: 6432 | K52: 6433 | L52: W DEVON AVE | M52: 3 | N52: SHARED-LANE | O52: SHARED-LANE | P52: NEW | Q52: 2011-32 | R52: AR 10 | S52: 2011 | T52: 8 | U52: RESURFACED | W52: 0 | X52: 0 | Z52: 2011 | AA52: 2011 | AB52: 0.2999979 | AC52: 0.59999579 | AE52: N | AL52: 0 | AM52: 0 | AN52: 1 | AO52: 0 | AP52: 0 | AQ52: 0 | AR52: 0 | AS52: 0 | AT52: =SUM(AM52:AS52) -> 1 | AU52: 43339 | AV52: JP | AX52: 2 | AY52: Arterial
A53: 42 | B53: NORTHWEST HWY | C53: N | D53: NORTHWEST | E53: HWY | G53: 5727 | H53: 5726 | I53: N NAGLE AVE | J53: 6191 | K53: 6190 | L53: N SAYRE AVE | M53: 3 | N53: BIKE LANE | O53: BIKE LANE | P53: NEW | Q53: 2011-32 | R53: AR 10 | S53: 2011 | T53: 8 | U53: RESURFACED | V53: BIKE LANE RESTRIPING 2020 | W53: 2020 | X53: 0 | Z53: 2020 | AA53: 2011 | AB53: 0.94913404 | AC53: 1.8982681 | AE53: N | AL53: 0 | AM53: 0 | AN53: 1 | AO53: 0 | AP53: 0 | AQ53: 0 | AR53: 0 | AS53: 0 | AT53: =SUM(AM53:AS53) -> 1 | AU53: 12.08.2020 | AV53: JP | AX53: 2 | AY53: Arterial
A54: 43 | B54: TOUHY AVE | C54: W | D54: TOUHY | E54: AVE | G54: 2365 | H54: 2364 | I54: N WESTERN AVE | J54: 1301 | K54: 1300 | L54: N SHERIDAN RD | M54: 2 | N54: SHARED-LANE | O54: SHARED-LANE | P54: NEW | R54: MENU STRIPING | S54: 2011 | T54: 9 | V54: AR 17 | W54: 2017 | X54: 11 | Y54: RESURFACED | Z54: 2017 | AA54: 2017 | AB54: 1.3916879 | AC54: 2.7833758 | AE54: N | AL54: 0 | AM54: 1 | AN54: 0 | AO54: 0 | AP54: 0 | AQ54: 0 | AR54: 0 | AS54: 0 | AT54: =SUM(AM54:AS54) -> 1 | AU54: 43339 | AV54: JP | AX54: 2 | AY54: Arterial
A55: 44 | B55: MORSE AVE | C55: W | D55: MORSE | E55: AVE | G55: 1599 | H55: 1600 | I55: N ASHLAND AVE | J55: 1335 | K55: 1332 | L55: N WAYNE AVE | M55: 4 | N55: BIKE LANE | O55: BIKE LANE | P55: NEW | Q55: 2011-30 | R55: STREETSCAPE | S55: 2011 | T55: 6 | U55: RESURFACED | W55: 0 | X55: 0 | Z55: 2011 | AA55: 2011 | AB55: 0.25736586 | AC55: 0.51473173 | AE55: N | AL55: 0 | AM55: 1 | AN55: 0 | AO55: 0 | AP55: 0 | AQ55: 0 | AR55: 0 | AS55: 0 | AT55: =SUM(AM55:AS55) -> 1 | AU55: 43339 | AV55: JP | AX55: 2 | AY55: Arterial | AZ55: 20
A56: 45 | B56: MILWAUKEE AVE | C56: N | D56: MILWAUKEE | E56: AVE | F56: - | G56: 800 | H56: 801 | I56: W CHICAGO AVE | J56: 828 | K56: 829 | L56: N ELSTON AVE | M56: 3 | N56: PROTECTED BIKE LANE | O56: PROTECTED BIKE LANE | P56: UPGRADE | R56: AR 21 - FED | S56: 2022 | T56: 11 | W56: 0 | X56: 0 | Z56: 2022 | AA56: 2022 | AB56: 0.074015901 | AC56: 0.1480318 | AD56: - | AE56: N | AF56: - | AG56: - | AH56: - | AI56: CONCRETE | AJ56: - | AK56: - | AL56: 0 | AM56: 0 | AN56: 0 | AO56: 0 | AP56: 0 | AQ56: 0 | AR56: 0 | AS56: 1 | AT56: =SUM(AM56:AS56) -> 1 | AU56: 11.17.2022 | AV56: JP | AW56: Y | AX56: 2 | AY56: Arterial | AZ56: 30
A57: 46 | B57: FRANKLIN ST | C57: N | D57: FRANKLIN | E57: ST | F57: N | G57: 2 | H57: 1 | I57: W MADISON ST | J57: 198 | K57: 199 | L57: W LAKE ST | M57: 4 | N57: BUFFERED BIKE LANE | O57: BUFFERED BIKE LANE | P57: NEW | R57: WACKER DRIVE RECONSTRUCTION | S57: 2012 | T57: 12 | V57: UTILITY | W57: 2015 | X57: 8 | Y57: RESURFACED; 2018 RANDOLPH TO COUCH UTILITY MAINTENANCE | Z57: 2015 | AA57: 2015 | AB57: 0.26239612 | AC57: 0.26239612 | AE57: Y | AF57: N | AG57: N | AL57: 0 | AM57: 0 | AN57: 0 | AO57: 0 | AP57: 0 | AQ57: 0 | AR57: 0 | AS57: 1 | AT57: =SUM(AM57:AS57) -> 1 | AU57: 43339 | AV57: JP | AW57: N | AX57: 2 | AY57: Arterial
A58: 47 | B58: DESPLAINES ST | C58: S | D58: DESPLAINES | E58: ST | F58: S | G58: 1101 | H58: 1100 | I58: W ROOSEVELT RD | J58: 825 | K58: 824 | L58: W POLK ST | M58: 4 | N58: BUFFERED BIKE LANE | O58: BUFFERED BIKE LANE | P58: NEW | R58: BIKE PRGM 12 | S58: 2012 | T58: 11 | U58: ROAD DIET | V58: VZ2018 | W58: 2018 | X58: 8 | Y58: RESURFACED 2014 POLK TO CABRINI | Z58: 2018 | AA58: 2014 | AB58: 0.32940642 | AC58: 0.32940642 | AE58: Y | AF58: S | AG58: N | AL58: 0 | AM58: 0 | AN58: 0 | AO58: 0 | AP58: 0 | AQ58: 0 | AR58: 0 | AS58: 1 | AT58: =SUM(AM58:AS58) -> 1 | AU58: 43336 | AV58: JP | AW58: N | AX58: 2 | AY58: Arterial
A59: 48 | B59: FRANKLIN ST | C59: S | D59: FRANKLIN | E59: ST | F59: N | G59: 301 | H59: 300 | I59: W VAN BUREN ST | J59: 151 | K59: 150 | L59: W MONROE ST | M59: 4 | N59: BUFFERED BIKE LANE | O59: BUFFERED BIKE LANE | P59: NEW | Q59: 2012-18 | R59: WACKER DRIVE RECONSTRUCTION | S59: 2012 | T59: 12 | U59: RESURFACED | W59: 0 | X59: 0 | Z59: 2012 | AA59: 2012 | AB59: 0.26333513 | AC59: 0.26333513 | AE59: Y | AF59: N | AG59: N | AL59: 0 | AM59: 0 | AN59: 0 | AO59: 0 | AP59: 0 | AQ59: 0 | AR59: 0 | AS59: 1 | AT59: =SUM(AM59:AS59) -> 1 | AU59: 43339 | AV59: JP | AW59: N | AX59: 2 | AY59: Arterial
A60: 49 | B60: ELLSWORTH DR | C60: S | D60: ELLSWORTH | E60: DR | G60: 5475 | H60: 5476 | I60: E GARFIELD BLVD | J60: 5101 | K60: 5100 | L60: E 51ST ST | M60: 4 | N60: BUFFERED BIKE LANE | O60: BUFFERED BIKE LANE | P60: NEW | Q60: 2012-16 | R60: BIKE PRGM 12 | S60: 2012 | T60: 11 | U60: RESURFACED | V60: BIKE LANE RESTRIPING 2020 | W60: 2020 | X60: 0 | Z60: 2020 | AA60: 2012 | AB60: 0.56384894 | AC60: 1.1276979 | AE60: N | AL60: 0 | AM60: 0 | AN60: 0 | AO60: 0 | AP60: 1 | AQ60: 0 | AR60: 0 | AS60: 0 | AT60: =SUM(AM60:AS60) -> 1 | AU60: 12.08.2020 | AV60: JP | AW60: N | AX60: 2 | AY60: Arterial
A61: 50 | B61: CLYBOURN AVE | C61: N | D61: CLYBOURN | E61: AVE | G61: 1778 | H61: 1785 | I61: W SHEFFIELD AVE | J61: 2160 | K61: 2167 | L61: N SOUTHPORT AVE | M61: 3 | N61: BUFFERED BIKE LANE | O61: BUFFERED BIKE LANE | P61: NEW | R61: AR 12 | S61: 2013 | T61: 8 | U61: RESURFACED | V61: DIVVY RESTRIPING | W61: 2017 | X61: 10 | Y61: RESURFACED | Z61: 2017 | AA61: 2013 | AB61: 0.7143526 | AC61: 1.4287052 | AE61: N | AL61: 0 | AM61: 1 | AN61: 0 | AO61: 0 | AP61: 0 | AQ61: 0 | AR61: 0 | AS61: 0 | AT61: =SUM(AM61:AS61) -> 1 | AU61: 43339 | AV61: JP | AW61: N | AX61: 2 | AY61: Arterial
A62: 51 | B62: MILWAUKEE AVE | C62: N | D62: MILWAUKEE | E62: AVE | G62: 654 | H62: 649 | I62: W ERIE ST | J62: 770 | K62: 773 | L62: N OGDEN AVE | M62: 3 | N62: PROTECTED BIKE LANE | O62: PROTECTED BIKE LANE | P62: UPGRADE | R62: SFC IV 3B | S62: 2018 | T62: 8 | U62: CONCRETE | W62: 0 | X62: 0 | Z62: 2018 | AA62: 2014 | AB62: 0.27334477 | AC62: 0.54668954 | AE62: N | AH62: N | AI62: CONCRETE | AJ62: N | AL62: 0 | AM62: 0 | AN62: 0 | AO62: 0 | AP62: 0 | AQ62: 0 | AR62: 0 | AS62: 1 | AT62: =SUM(AM62:AS62) -> 1 | AU62: 10.25.2022 | AV62: JP | AW62: Y | AX62: 1 | AY62: Arterial
A63: 52 | B63: SACRAMENTO DR | C63: S | D63: SACRAMENTO | E63: DR | G63: 1895 | H63: 1896 | I63: W 19TH ST | J63: 1607 | K63: 1606 | L63: W OGDEN AVE | M63: 4 | N63: PROTECTED BIKE LANE | O63: PROTECTED BIKE LANE | P63: NEW | Q63: 2012-26 | R63: WEST SIDE BOULEVARDS | S63: 2012 | T63: 12 | U63: ROAD DIET | V63: VZ2018 | W63: 2018 | X63: 8 | Z63: 2018 | AA63: 0 | AB63: 0.30793876 | AC63: 0.61587751 | AE63: N | AH63: N | AI63: POST | AJ63: - | AK63: - | AL63: 0 | AM63: 0 | AN63: 0 | AO63: 1 | AP63: 0 | AQ63: 0 | AR63: 0 | AS63: 0 | AT63: =SUM(AM63:AS63) -> 1 | AU63: 03.17.2022 | AV63: JP | AW63: Y | AX63: 1 | AY63: Arterial
A64: 53 | B64: INDEPENDENCE BLVD | C64: S | D64: INDEPENDENCE | E64: BLVD | G64: 1349 | H64: 1358 | I64: W DOUGLAS BLVD | J64: 601 | K64: 600 | L64: W HARRISON ST | M64: 3 | N64: PROTECTED BIKE LANE | O64: PROTECTED BIKE LANE | P64: UPGRADE | R64: NEIGHBORHOOD BIKE NETWORK | S64: 2021 | T64: 11 | W64: 0 | X64: 0 | Z64: 2021 | AA64: 2015 | AB64: 0.72427831 | AC64: 1.4485566 | AE64: N | AF64: - | AG64: - | AH64: - | AI64: POST | AJ64: - | AK64: - | AL64: 0 | AM64: 0 | AN64: 0 | AO64: 1 | AP64: 0 | AQ64: 0 | AR64: 0 | AS64: 0 | AT64: =SUM(AM64:AS64) -> 1 | AU64: 11.16.2021 | AV64: JP | AW64: Y | AX64: 2 | AY64: Arterial
A65: 54 | B65: DOUGLAS BLVD | C65: W | D65: DOUGLAS | E65: BLVD | G65: 3725 | H65: 3730 | I65: S RIDGEWAY AVE | J65: 3100 | K65: 3101 | L65: S ALBANY AVE | M65: 3 | N65: PROTECTED BIKE LANE | O65: PROTECTED BIKE LANE | P65: UPGRADE | R65: NEIGHBORHOOD BIKE NETWORK | S65: 2021 | T65: 11 | V65: AR 15 | W65: 2015 | X65: 12 | Z65: 2021 | AA65: 2015 | AB65: 0.87530898 | AC65: 1.750618 | AE65: N | AF65: - | AG65: - | AH65: - | AI65: POST | AJ65: - | AK65: - | AL65: 0 | AM65: 0 | AN65: 0 | AO65: 1 | AP65: 0 | AQ65: 0 | AR65: 0 | AS65: 0 | AT65: =SUM(AM65:AS65) -> 1 | AU65: 10.25.2022 | AV65: JP | AW65: Y | AX65: 2 | AY65: Arterial
A66: 55 | B66: MILWAUKEE AVE | C66: N | D66: MILWAUKEE | E66: AVE | F66: - | G66: 400 | H66: 401 | I66: W KINZIE ST | J66: 446 | K66: 439 | L66: W HUBBARD STREET | M66: 3 | N66: PROTECTED BIKE LANE | O66: PROTECTED BIKE LANE | P66: UPGRADE | R66: AR 22 - BOND | S66: 0 | T66: 0 | W66: 0 | X66: 0 | Z66: 0 | AA66: 0 | AB66: 0.11058283 | AC66: 0.22116565 | AD66: - | AE66: - | AF66: - | AG66: - | AH66: - | AI66: CONCRETE | AJ66: - | AL66: 0 | AM66: 0 | AN66: 0 | AO66: 0 | AP66: 0 | AQ66: 0 | AR66: 0 | AS66: 1 | AT66: =SUM(AM66:AS66) -> 1 | AU66: 11.28.2022 | AV66: JP | AW66: Y | AX66: 1 | AY66: Arterial | AZ66: 30
A67: 56 | B67: DIVERSEY AVE | C67: W | D67: DIVERSEY | E67: AVE | G67: 4001 | H67: 4000 | I67: N PULASKI RD | J67: 4401 | K67: 4400 | L67: N KOSTNER AVE | M67: 3 | N67: BIKE LANE | O67: BIKE LANE | P67: NEW | R67: AR 02 | S67: 2002 | T67: 9 | U67: TRIPP TO KARLOV - CONCRETE PVMT - 2018; RESURFACED | V67: MAINTENANCE 2020 | W67: 2020 | X67: 4 | Z67: 2020 | AA67: 2014 | AB67: 0.50700302 | AC67: 1.014006 | AE67: N | AK67: Y | AL67: 2018 | AM67: 0 | AN67: 1 | AO67: 0 | AP67: 0 | AQ67: 0 | AR67: 0 | AS67: 0 | AT67: =SUM(AM67:AS67) -> 1 | AU67: 08.25.2020 | AV67: JP | AX67: 2 | AY67: Arterial
A68: 57 | B68: ELSTON AVE | C68: N | D68: ELSTON | E68: AVE | G68: 5486 | H68: 5487 | I68: N LYNCH AVE | J68: 6150 | K68: 6151 | L68: N MELVINA AVE | M68: 3 | N68: BUFFERED BIKE LANE | O68: BUFFERED BIKE LANE | P68: UPGRADE | R68: BIKE PRGM 14 | S68: 2015 | T68: 5 | U68: 2006 RESURFACED BRYN MAWR TO MILWAUKEE; 2006 RESURFACED CICERO TO BRYN MAWR | V68: AR 18 | W68: 2018 | X68: 11 | Y68: RESURFACED | Z68: 2018 | AA68: 2018 | AB68: 1.3672489 | AC68: 2.7344977 | AE68: N | AL68: 0 | AM68: 0 | AN68: 1 | AO68: 0 | AP68: 0 | AQ68: 0 | AR68: 0 | AS68: 0 | AT68: =SUM(AM68:AS68) -> 1 | AU68: 43332 | AV68: JP | AW68: N | AX68: 2 | AY68: Arterial
A69: 58 | B69: MARSHALL BLVD | C69: S | D69: MARSHALL | E69: BLVD | G69: 2420 | H69: 2421 | I69: W 24TH BLVD | J69: 2100 | K69: 2101 | L69: W 21ST ST | M69: 4 | N69: BUFFERED BIKE LANE | O69: BUFFERED BIKE LANE | P69: NEW | R69: WEST SIDE BOULEVARDS | S69: 2012 | T69: 12 | U69: ROAD DIET | V69: MENU RESTRIPING | W69: 2017 | X69: 4 | Z69: 2017 | AA69: 0 | AB69: 0.33615117 | AC69: 0.67230234 | AE69: N | AL69: 0 | AM69: 0 | AN69: 0 | AO69: 1 | AP69: 0 | AQ69: 0 | AR69: 0 | AS69: 0 | AT69: =SUM(AM69:AS69) -> 1 | AU69: 43339 | AV69: JP | AW69: N | AX69: 2 | AY69: Arterial
A70: 59 | B70: 24TH BLVD | C70: W | D70: 24TH | E70: BLVD | G70: 2935 | H70: 2914 | I70: S MARSHALL BLVD | J70: 2801 | K70: 2800 | L70: S CALIFORNIA AVE | M70: 4 | N70: BUFFERED BIKE LANE | O70: BUFFERED BIKE LANE | P70: NEW | R70: WEST SIDE BOULEVARDS | S70: 2012 | T70: 12 | U70: ROAD DIET | V70: AR 15 | W70: 2015 | X70: 11 | Y70: RESURFACED | Z70: 2015 | AA70: 2015 | AB70: 0.18217298 | AC70: 0.36434595 | AE70: N | AL70: 0 | AM70: 0 | AN70: 0 | AO70: 1 | AP70: 0 | AQ70: 0 | AR70: 0 | AS70: 0 | AT70: =SUM(AM70:AS70) -> 1 | AU70: 43339 | AV70: JP | AW70: N | AX70: 2 | AY70: Arterial
A71: 60 | B71: BROADWAY | C71: N | D71: BROADWAY | E71: - | F71: - | G71: 4400 | H71: 4401 | I71: W MONTROSE AVE | J71: 4600 | K71: 4601 | L71: W WILSON AVE | M71: 3 | N71: PROTECTED BIKE LANE | O71: PROTECTED BIKE LANE | P71: NEW | Q71: 2014-3 | R71: BIKE PRGM 14 | S71: 2014 | T71: 6 | U71: ROAD DIET | V71: VZ2018 | W71: 2018 | X71: 8 | Z71: 2018 | AA71: 0 | AB71: 0.27760041 | AC71: 0.55520082 | AE71: N | AH71: N | AI71: POST | AJ71: - | AL71: 0 | AM71: 1 | AN71: 0 | AO71: 0 | AP71: 0 | AQ71: 0 | AR71: 0 | AS71: 0 | AT71: =SUM(AM71:AS71) -> 1 | AU71: 10.25.2022 | AV71: JP | AW71: Y | AX71: 1 | AY71: Arterial
A72: 61 | B72: MARTIN LUTHER KING JR DR | C72: S | D72: MARTIN LUTHER KING JR | E72: DR | G72: 5033 | H72: 5032 | I72: E 51ST ST | J72: 3859 | K72: 3858 | L72: E 38TH ST | M72: 3 | N72: BUFFERED BIKE LANE | O72: BUFFERED BIKE LANE | P72: UPGRADE | R72: COOK COUNTY STRIPING | S72: 2012 | T72: 11 | V72: TERM 14 | W72: 2014 | X72: 7 | Y72: RESURFACED | Z72: 2014 | AA72: 2014 | AB72: 1.6270669 | AC72: 3.2541337 | AE72: N | AL72: 0 | AM72: 0 | AN72: 0 | AO72: 0 | AP72: 1 | AQ72: 0 | AR72: 0 | AS72: 0 | AT72: =SUM(AM72:AS72) -> 1 | AU72: 43349 | AV72: JP | AW72: Y | AX72: 2 | AY72: Arterial
A73: 62 | B73: DAMEN AVE | C73: N | D73: DAMEN | E73: AVE | G73: 1601 | H73: 1600 | I73: W NORTH AVE | J73: 1960 | K73: 1961 | L73: W ARMITAGE AVE | M73: 3 | N73: BIKE LANE | O73: BIKE LANE | P73: NEW | R73: CMAQ III | S73: 2002 | T73: 8 | V73: AR 19 | W73: 2020 | X73: 0 | Y73: RESURFACED | Z73: 2020 | AA73: 2020 | AB73: 0.5050935 | AC73: 1.010187 | AE73: N | AL73: 0 | AM73: 0 | AN73: 0.5 | AO73: 0.5 | AP73: 0 | AQ73: 0 | AR73: 0 | AS73: 0 | AT73: =SUM(AM73:AS73) -> 1 | AU73: 12.08.2020 | AV73: JP | AX73: 2 | AY73: Arterial
A74: 63 | B74: SOUTH CHICAGO AVE | C74: S | D74: SOUTH CHICAGO | E74: AVE | G74: 9484 | H74: 9483 | I74: E 95TH ST | J74: 9388 | K74: 9389 | L74: S BALTIMORE AVE | M74: 3 | N74: BIKE LANE | O74: BIKE LANE | P74: NEW | R74: CMAQ I | S74: 1996 | T74: 5 | V74: DIVVY 18 | W74: 2018 | X74: 5 | Z74: 2018 | AA74: 2000 | AB74: 0.19261416 | AC74: 0.38522832 | AE74: N | AK74: Y | AL74: 2018 | AM74: 0 | AN74: 0 | AO74: 0 | AP74: 1 | AQ74: 0 | AR74: 0 | AS74: 0 | AT74: =SUM(AM74:AS74) -> 1 | AU74: 43336 | AV74: JP | AX74: 2 | AY74: Arterial
A75: 64 | B75: MILWAUKEE AVE | C75: N | D75: MILWAUKEE | E75: AVE | F75: - | G75: 1000 | H75: 1001 | I75: W AUGUSTA AVE | J75: 1200 | K75: 1201 | L75: W DIVISION ST | M75: 3 | N75: PROTECTED BIKE LANE | O75: PROTECTED BIKE LANE | P75: UPGRADE | Q75: 2007-28 | R75: AR 21 - FED | S75: 2022 | T75: 11 | W75: 0 | X75: 0 | Z75: 2022 | AA75: 2022 | AB75: 0.37478702 | AC75: 0.74957404 | AD75: - | AE75: N | AF75: - | AG75: - | AH75: - | AI75: CONCRETE | AJ75: - | AK75: - | AL75: 0 | AM75: 0 | AN75: 0 | AO75: 0 | AP75: 0 | AQ75: 0 | AR75: 0 | AS75: 1 | AT75: =SUM(AM75:AS75) -> 1 | AU75: 11.17.2022 | AV75: JP | AW75: Y | AX75: 2 | AY75: Arterial | AZ75: 30
A76: 65 | B76: HALSTED ST | C76: S | D76: HALSTED | E76: ST | G76: 6900 | H76: 6901 | I76: W 69TH ST | J76: 6700 | K76: 6701 | L76: W MARQUETTE RD | M76: 2 | N76: BUFFERED BIKE LANE | O76: BUFFERED BIKE LANE | P76: NEW | Q76: 2014-8 | R76: SFC II A | S76: 2014 | T76: 5 | W76: 0 | X76: 0 | Z76: 2014 | AA76: 0 | AB76: 0.25091187 | AC76: 0.50182373 | AE76: N | AL76: 0 | AM76: 0 | AN76: 0 | AO76: 0 | AP76: 0 | AQ76: 1 | AR76: 0 | AS76: 0 | AT76: =SUM(AM76:AS76) -> 1 | AU76: 43333 | AV76: JP | AW76: N | AX76: 2 | AY76: Arterial
A77: 66 | B77: ARDMORE AVE | C77: W | D77: ARDMORE | E77: AVE | F77: E | G77: 1101 | H77: 1100 | I77: N WINTHROP AVE | J77: 1039 | K77: 1038 | L77: N KENMORE AVE | M77: 4 | N77: NEIGHBORHOOD GREENWAY | O77: SHARED-LANE | P77: NEW | R77: MENU RESTRIPING | S77: 2017 | T77: 9 | U77: CONTRAFLOW WB BIKE LANE | W77: 0 | X77: 0 | Z77: 2017 | AA77: 2011 | AB77: 0.072090843 | AC77: 0.14418169 | AE77: N | AG77: Y | AL77: 0 | AM77: 1 | AN77: 0 | AO77: 0 | AP77: 0 | AQ77: 0 | AR77: 0 | AS77: 0 | AT77: =SUM(AM77:AS77) -> 1 | AU77: 43340 | AV77: JP | AX77: 3 | AY77: Neighborhood
A78: 67 | B78: LAWRENCE AVE | C78: W | D78: LAWRENCE | E78: AVE | G78: 1068 | H78: 1069 | I78: N WINTHROP AVE | J78: 753 | K78: 748 | L78: N MARINE DR | M78: 2 | N78: SHARED-LANE | O78: SHARED-LANE | P78: NEW | R78: AR 06 | S78: 2007 | T78: 10 | V78: AR 2020 | W78: 2021 | X78: 6 | Z78: 2021 | AA78: 2021 | AB78: 0.41162124 | AC78: 0.82324247 | AE78: N | AL78: 0 | AM78: 1 | AN78: 0 | AO78: 0 | AP78: 0 | AQ78: 0 | AR78: 0 | AS78: 0 | AT78: =SUM(AM78:AS78) -> 1 | AU78: 09.24.2021 | AV78: JP | AW78: N | AX78: 2 | AY78: Arterial
A79: 68 | B79: SOUTHPORT AVE | C79: N | D79: SOUTHPORT | E79: AVE | G79: 4000 | H79: 4001 | I79: W IRVING PARK RD | J79: 4148 | K79: 4145 | L79: N CLARK ST | M79: 3 | N79: SHARED-LANE | O79: SHARED-LANE | P79: NEW | R79: AR 04 | S79: 2005 | T79: 5 | U79: RESURFACED | V79: DIVVY RESTRIPING | W79: 2017 | X79: 7 | Z79: 2017 | AA79: 2005 | AB79: 0.22552969 | AC79: 0.45105937 | AE79: N | AL79: 0 | AM79: 1 | AN79: 0 | AO79: 0 | AP79: 0 | AQ79: 0 | AR79: 0 | AS79: 0 | AT79: =SUM(AM79:AS79) -> 1 | AU79: 43341 | AV79: JP | AX79: 2 | AY79: Arterial
A80: 69 | B80: KEDZIE AVE | C80: N | D80: KEDZIE | E80: AVE | G80: 6046 | H80: 6037 | I80: N LINCOLN AVE | J80: 6348 | K80: 6349 | L80: W DEVON AVE | M80: 2 | N80: BIKE LANE | O80: BIKE LANE | P80: NEW | Q80: 2005-7 | R80: STREETSCAPE | S80: 2005 | T80: 10 | U80: RESURFACED | W80: 0 | X80: 0 | Z80: 2005 | AA80: 2005 | AB80: 0.41429985 | AC80: 0.8285997 | AE80: N | AL80: 0 | AM80: 1 | AN80: 0 | AO80: 0 | AP80: 0 | AQ80: 0 | AR80: 0 | AS80: 0 | AT80: =SUM(AM80:AS80) -> 1 | AU80: 43341 | AV80: JP | AX80: 2 | AY80: Arterial
A81: 70 | B81: CORTLAND ST | C81: W | D81: CORTLAND | E81: ST | G81: 1959 | H81: 1958 | I81: N DAMEN AVE | J81: 1601 | K81: 1600 | L81: N ASHLAND AVE | M81: 0 | N81: NEIGHBORHOOD GREENWAY | O81: SHARED-LANE | P81: UPGRADE | R81: SFC IV 3A | S81: 2019 | T81: 7 | U81: BIKE FRIENDLY SPEED HUMPS | W81: 0 | X81: 0 | Z81: 2019 | AA81: 2002 | AB81: 0.50354977 | AC81: 1.0070995 | AE81: N | AL81: 0 | AM81: 0 | AN81: 1 | AO81: 0 | AP81: 0 | AQ81: 0 | AR81: 0 | AS81: 0 | AT81: =SUM(AM81:AS81) -> 1 | AU81: 43341 | AV81: JP | AX81: 3 | AY81: Neighborhood
A82: 71 | B82: MILWAUKEE AVE | C82: N | D82: MILWAUKEE | E82: AVE | G82: 1600 | H82: 1601 | I82: N DAMEN AVE | J82: 1300 | K82: 1301 | L82: N PAULINA ST | M82: 3 | N82: BIKE LANE | O82: DASHED BIKE LANE | P82: UPGRADE | Q82: 2007-28 | R82: BIKE PRGM 17 | S82: 2017 | T82: 9 | U82: RESURFACED 2007, RESURFACED SB ONLY DIVISION TO WOOD 2011 | V82: DWM | W82: 2020 | X82: 0 | Y82: RESURFACED SB ONLY | Z82: 2020 | AA82: 2020 | AB82: 0.51605856 | AC82: 1.0321171 | AE82: N | AL82: 0 | AM82: 0 | AN82: 0 | AO82: 0 | AP82: 0 | AQ82: 0 | AR82: 0 | AS82: 1 | AT82: =SUM(AM82:AS82) -> 1 | AU82: 12.09.2020 | AV82: JP | AX82: 2 | AY82: Arterial | AZ82: 20
A83: 72 | B83: HALSTED ST | C83: N | D83: HALSTED | E83: ST | G83: 0 | H83: 0 | I83: W SCHILLER ST | J83: 1562 | K83: 1563 | L83: N CLYBOURN AVE | M83: 2 | N83: BUFFERED BIKE LANE | O83: BUFFERED BIKE LANE | P83: UPGRADE | R83: AR 12 | S83: 2012 | T83: 10 | U83: NB curbside only | W83: 0 | X83: 0 | Z83: 2012 | AA83: 2012 | AB83: 0.17467122 | AC83: 0.34934244 | AD83: - | AE83: N | AF83: - | AG83: - | AH83: - | AL83: 0 | AM83: 0 | AN83: 0 | AO83: 0 | AP83: 0 | AQ83: 0 | AR83: 0 | AS83: 1 | AT83: =SUM(AM83:AS83) -> 1 | AU83: 03.17.2022 | AV83: JP | AW83: Y | AX83: 2 | AY83: Arterial
A84: 73 | B84: KINZIE ST | C84: W | D84: KINZIE | E84: ST | F84: - | G84: 631 | H84: 630 | I84: N DESPLAINES ST | J84: 201 | K84: 200 | L84: N WELLS ST | M84: 3 | N84: PROTECTED BIKE LANE | O84: PROTECTED BIKE LANE | P84: UPGRADE | R84: Precast Concrete - Package 1 | S84: 2022 | T84: 8 | U84: Type III Concrete | V84: AR 16 | W84: 2016 | X84: 10 | Y84: RESURFACED; CANAL TO KINGSBURY - CONCRETE PVMT - 2016 | Z84: 2016 | AA84: 2016 | AB84: 0.53400564 | AC84: 1.0680113 | AD84: - | AE84: - | AF84: - | AG84: - | AH84: N | AI84: CONCRETE (PRECAST) | AJ84: - | AK84: Y | AL84: 2016 | AM84: 0 | AN84: 0 | AO84: 0 | AP84: 0 | AQ84: 0 | AR84: 0 | AS84: 1 | AT84: =SUM(AM84:AS84) -> 1 | AU84: 10.25.2022 | AV84: JP | AW84: Y | AX84: 1 | AY84: Arterial | AZ84: 30
A85: 74 | B85: OGDEN AVE | C85: W | D85: OGDEN | E85: AVE | G85: 1879 | H85: 1878 | I85: W CONGRESS PKWY | J85: 1827 | K85: 1826 | L85: W VAN BUREN ST | M85: 3 | N85: BIKE LANE | O85: BIKE LANE | P85: NEW | R85: CMAQ IV UPGRADES | S85: 2004 | T85: 9 | V85: BP-21 Restriping | W85: 2021 | X85: 0 | Z85: 2021 | AA85: 2013 | AB85: 0.11112635 | AC85: 0.2222527 | AD85: - | AE85: N | AF85: - | AG85: - | AH85: - | AI85: - | AJ85: - | AK85: Y | AL85: 2013 | AM85: 0 | AN85: 0 | AO85: 0 | AP85: 0 | AQ85: 0 | AR85: 0 | AS85: 1 | AT85: =SUM(AM85:AS85) -> 1 | AU85: 03.28.2021 | AV85: JP | AX85: 2 | AY85: Arterial
A86: 75 | B86: OGDEN AVE | C86: W | D86: OGDEN | E86: AVE | G86: 1831 | H86: 1820 | I86: W VAN BUREN ST | J86: 1631 | K86: 1630 | L86: W MONROE ST | M86: 3 | N86: SHARED-LANE | O86: SHARED-LANE | P86: NEW | R86: CMAQ IV UPGRADES | S86: 2004 | T86: 9 | V86: BP-21 Restriping | W86: 2021 | X86: 0 | Z86: 2021 | AA86: 2013 | AB86: 0.35909493 | AC86: 0.71818987 | AD86: - | AE86: N | AF86: - | AG86: - | AH86: - | AI86: - | AJ86: - | AK86: - | AL86: 0 | AM86: 0 | AN86: 0 | AO86: 0 | AP86: 0 | AQ86: 0 | AR86: 0 | AS86: 1 | AT86: =SUM(AM86:AS86) -> 1 | AU86: 03.28.2021 | AV86: JP | AW86: - | AX86: 2 | AY86: Arterial
A87: 76 | B87: GRAND AVE | C87: E | D87: GRAND | E87: AVE | F87: W | G87: 2 | H87: 1 | I87: N STATE ST | J87: 30 | K87: 29 | L87: N WABASH AVE | M87: 3 | N87: BIKE LANE | O87: BIKE LANE | P87: MAINTAIN | R87: GRAND/STATE RED LINE PROJECT | S87: 2011 | T87: 10 | V87: MAINTENANCE 2020 | W87: 2020 | X87: 0 | Z87: 2020 | AA87: 2012 | AB87: 0.069720933 | AC87: 0.069720933 | AE87: Y | AF87: W | AG87: N | AL87: 0 | AM87: 0 | AN87: 0 | AO87: 0 | AP87: 0 | AQ87: 0 | AR87: 0 | AS87: 1 | AT87: =SUM(AM87:AS87) -> 1 | AU87: 08.28.2020 | AV87: JP | AX87: 2 | AY87: Arterial
A88: 77 | B88: WELLS ST | C88: N | D88: WELLS | E88: ST | F88: S | G88: 2 | H88: 1 | I88: W LAKE ST | J88: 242 | K88: 243 | L88: W WACKER DR | M88: 4 | N88: SHARED-LANE | O88: SHARED-LANE | P88: NEW | Q88: 2012-28 | R88: BIKE PRGM 12 | S88: 2012 | T88: 6 | W88: 0 | X88: 0 | Z88: 2012 | AA88: 0 | AB88: 0.083068952 | AC88: 0.083068952 | AE88: Y | AF88: S | AG88: N | AL88: 0 | AM88: 0 | AN88: 0 | AO88: 0 | AP88: 0 | AQ88: 0 | AR88: 0 | AS88: 1 | AT88: =SUM(AM88:AS88) -> 1 | AU88: 43328 | AV88: JP | AX88: 2 | AY88: Arterial
A89: 78 | B89: LINCOLN AVE | C89: N | D89: LINCOLN | E89: AVE | G89: 4000 | H89: 4001 | I89: W IRVING PARK RD | J89: 4352 | K89: 4365 | L89: W MONTROSE AVE | M89: 3 | N89: BIKE LANE | O89: BIKE LANE | P89: UPGRADE | R89: LOCAL | S89: 2018 | T89: 10 | U89: 9' TRAVEL LANES | V89: LOCAL | W89: 2018 | X89: 10 | Y89: RESURFACED BELLE PLAINE TO MONTROSE NB ONLY | Z89: 2018 | AA89: 2016 | AB89: 0.56326939 | AC89: 1.1265388 | AE89: N | AL89: 0 | AM89: 1 | AN89: 0 | AO89: 0 | AP89: 0 | AQ89: 0 | AR89: 0 | AS89: 0 | AT89: =SUM(AM89:AS89) -> 1 | AU89: 43370 | AV89: JP | AX89: 2 | AY89: Arterial
A90: 79 | B90: MARTIN LUTHER KING JR DR | C90: S | D90: MARTIN LUTHER KING JR | E90: DR | G90: 5959 | H90: 5958 | I90: E 60TH ST | J90: 5501 | K90: 5500 | L90: E GARFIELD BLVD | M90: 3 | N90: BIKE LANE | O90: BIKE LANE | P90: NEW | R90: CMAQ V(2) | S90: 2007 | T90: 10 | U90: NB BL is curbside | V90: AR 16 | W90: 2017 | X90: 6 | Y90: RESURFACED | Z90: 2017 | AA90: 2017 | AB90: 0.60663123 | AC90: 1.2132625 | AE90: N | AL90: 0 | AM90: 0 | AN90: 0 | AO90: 0 | AP90: 1 | AQ90: 0 | AR90: 0 | AS90: 0 | AT90: =SUM(AM90:AS90) -> 1 | AU90: 03.17.2022 | AV90: JP | AW90: Y | AX90: 2 | AY90: Arterial
A91: 80 | B91: MILWAUKEE AVE | C91: N | D91: MILWAUKEE | E91: AVE | G91: 2426 | H91: 2425 | I91: W ARMITAGE AVE | J91: 2800 | K91: 2801 | L91: N CALIFORNIA AVE | M91: 3 | N91: PROTECTED BIKE LANE | O91: PROTECTED BIKE LANE | P91: UPGRADE | R91: LOGAN SQUARE | S91: 2020 | T91: 9 | W91: 0 | X91: 0 | Z91: 2020 | AA91: 2006 | AB91: 0.58244664 | AC91: 1.1648933 | AE91: N | AI91: QWICK KURB | AJ91: N | AL91: 0 | AM91: 0 | AN91: 1 | AO91: 0 | AP91: 0 | AQ91: 0 | AR91: 0 | AS91: 0 | AT91: =SUM(AM91:AS91) -> 1 | AU91: 05.18.2022 | AV91: JP | AW91: Y | AX91: 1 | AY91: Arterial | AZ91: 20
A92: 81 | B92: MILWAUKEE AVE | C92: N | D92: MILWAUKEE | E92: AVE | G92: 2300 | H92: 2301 | I92: N CALIFORNIA AVE | J92: 2500 | K92: 2501 | L92: N SACRAMENTO | M92: 3 | N92: BIKE LANE | O92: DASHED BIKE LANE | P92: UPGRADE | R92: TIF | S92: 2019 | T92: 10 | U92: W/ POST & PAINT | W92: 0 | X92: 0 | Z92: 2019 | AA92: 2006 | AB92: 0.33356881 | AC92: 0.66713762 | AE92: N | AL92: 0 | AM92: 0 | AN92: 1 | AO92: 0 | AP92: 0 | AQ92: 0 | AR92: 0 | AS92: 0 | AT92: =SUM(AM92:AS92) -> 1 | AU92: 08.28.2020 | AV92: JP | AX92: 2 | AY92: Arterial | AZ92: 20
A93: 82 | B93: DAMEN AVE | C93: S | D93: DAMEN | E93: AVE | G93: 5100 | H93: 5101 | I93: W 51ST ST | J93: 4701 | K93: 4700 | L93: W 47TH ST | M93: 3 | N93: SHARED-LANE | O93: SHARED-LANE | P93: NEW | Q93: 2011-17 | R93: AR 10 | S93: 2011 | T93: 10 | U93: RESURFACED | V93: BP-21 Restriping | W93: 2021 | X93: 0 | Z93: 2021 | AA93: 2011 | AB93: 0.5023024 | AC93: 1.0046048 | AD93: - | AE93: N | AF93: - | AG93: - | AH93: - | AI93: - | AJ93: - | AK93: - | AL93: 0 | AM93: 0 | AN93: 0 | AO93: 0 | AP93: 0 | AQ93: 1 | AR93: 0 | AS93: 0 | AT93: =SUM(AM93:AS93) -> 1 | AU93: 03.28.2022 | AV93: JP | AW93: - | AX93: 2 | AY93: Arterial
A94: 83 | B94: CALIFORNIA AVE | C94: N | D94: CALIFORNIA | E94: AVE | G94: 3001 | H94: 3000 | I94: W WELLINGTON AVE | J94: 3375 | K94: 3376 | L94: N ELSTON AVE | M94: 3 | N94: SHARED-LANE | O94: SHARED-LANE | P94: NEW | R94: CMAQ 2009 | S94: 2011 | T94: 9 | W94: 2020 | X94: 0 | Y94: RESURFACED | Z94: 2020 | AA94: 2020 | AB94: 0.22755316 | AC94: 0.45510632 | AE94: N | AL94: 0 | AM94: 0 | AN94: 1 | AO94: 0 | AP94: 0 | AQ94: 0 | AR94: 0 | AS94: 0 | AT94: =SUM(AM94:AS94) -> 1 | AU94: 08.18.2020 | AV94: JP | AX94: 2 | AY94: Arterial
A95: 84 | B95: ELSTON AVE | C95: N | D95: ELSTON | E95: AVE | G95: 1500 | H95: 1501 | I95: W LE MOYNE ST | J95: 1558 | K95: 1559 | L95: W NORTH AVE | M95: 3 | N95: BUFFERED BIKE LANE | O95: BUFFERED BIKE LANE | P95: UPGRADE | Q95: 1996-5 | R95: AR 11 | S95: 2012 | T95: 6 | U95: RESURFACED | W95: 0 | X95: 0 | Z95: 2012 | AA95: 2012 | AB95: 0.12578884 | AC95: 0.25157769 | AE95: N | AL95: 0 | AM95: 0 | AN95: 0 | AO95: 0 | AP95: 0 | AQ95: 0 | AR95: 0 | AS95: 1 | AT95: =SUM(AM95:AS95) -> 1 | AU95: 43332 | AV95: JP | AW95: N | AX95: 2 | AY95: Arterial
A96: 85 | B96: ELSTON AVE | C96: N | D96: ELSTON | E96: AVE | G96: 2466 | H96: 2469 | I96: FARMERS MARKET DRIVEWAY | J96: 2601 | K96: 2602 | L96: HOME DEPOT DRIVEWAY | M96: 3 | N96: BIKE LANE | O96: BIKE LANE | P96: MAINTAIN | R96: CMAQ 2009 | S96: 2011 | T96: 6 | U96: NB BBL; SB curbside BL | W96: 0 | X96: 0 | Z96: 2011 | AA96: 0 | AB96: 0.22612865 | AC96: 0.45225729 | AD96: - | AE96: N | AF96: - | AG96: - | AL96: 0 | AM96: 0 | AN96: 1 | AO96: 0 | AP96: 0 | AQ96: 0 | AR96: 0 | AS96: 0 | AT96: =SUM(AM96:AS96) -> 1 | AU96: 03.17.2022 | AV96: JP | AW96: Y | AX96: 2 | AY96: Arterial
A97: 86 | B97: KEDZIE AVE | C97: N | D97: KEDZIE | E97: AVE | F97: - | G97: 3050 | H97: 3051 | I97: W BARRY AVE | J97: 3546 | K97: 3555 | L97: N ELSTON AVE | M97: 2 | N97: BUFFERED BIKE LANE | O97: BUFFERED BIKE LANE | P97: UPGRADE | Q97: BP-22-29 | S97: 0 | T97: 0 | U97: Type II Precast | V97: CDWM | W97: 2015 | X97: 11 | Y97: RESURFACED IRENE TO ELSTON NB ONLY | Z97: 2022 | AA97: 2015 | AB97: 0.58067195 | AC97: 1.1613439 | AD97: - | AE97: N | AF97: - | AG97: - | AH97: - | AI97: CONCRETE (PRECAST) | AJ97: - | AL97: 0 | AM97: 0 | AN97: 1 | AO97: 0 | AP97: 0 | AQ97: 0 | AR97: 0 | AS97: 0 | AT97: =SUM(AM97:AS97) -> 1 | AU97: 11.28.2022 | AV97: JP | AW97: - | AX97: 2 | AY97: Arterial | AZ97: 30
A98: 87 | B98: DIVERSEY AVE | C98: W | D98: DIVERSEY | E98: AVE | G98: 6359 | H98: 6358 | I98: N NARRAGANSETT AVE | J98: 5631 | K98: 5630 | L98: N PARKSIDE AVE | M98: 3 | N98: BIKE LANE | O98: DASHED BIKE LANE | P98: UPGRADE | R98: BOND (NEIGHBORHOODS) | S98: 2021 | T98: 10 | U98: 9-ft travel lanes | W98: 0 | X98: 0 | Z98: 2021 | AA98: 0 | AB98: 0.9393847 | AC98: 1.8787694 | AE98: N | AG98: N | AL98: 0 | AM98: 0 | AN98: 1 | AO98: 0 | AP98: 0 | AQ98: 0 | AR98: 0 | AS98: 0 | AT98: =SUM(AM98:AS98) -> 1 | AU98: 09.27.2021 | AV98: JP | AW98: N | AX98: 2 | AY98: Arterial
A99: 88 | B99: PALMER CT | C99: W | D99: PALMER | E99: CT | F99: E | G99: 2148 | H99: 2149 | I99: W PALMER ST | J99: 2001 | K99: 2000 | L99: N KEDZIE BLVD | M99: 4 | N99: BIKE LANE | O99: BIKE LANE | P99: NEW | Q99: 2009-2 | R99: MENU RESURFACING | S99: 2009 | T99: 7 | U99: RESURFACED | W99: 0 | X99: 0 | Z99: 2009 | AA99: 2009 | AB99: 0.042474914 | AC99: 0.042474914 | AE99: Y | AF99: E | AG99: N | AL99: 0 | AM99: 0 | AN99: 1 | AO99: 0 | AP99: 0 | AQ99: 0 | AR99: 0 | AS99: 0 | AT99: =SUM(AM99:AS99) -> 1 | AU99: 43341 | AV99: JP | AX99: 3 | AY99: Arterial
A100: 89 | B100: PALMER BLVD | C100: W | D100: PALMER | E100: BLVD | F100: E | G100: 3145 | H100: 3146 | I100: N KEDZIE AVE | J100: 3001 | K100: 3000 | L100: N HUMBOLDT BLVD | M100: 4 | N100: BIKE LANE | O100: BIKE LANE | P100: NEW | Q100: 2009-2 | R100: MENU RESURFACING | S100: 2009 | T100: 7 | U100: RESURFACED | W100: 0 | X100: 0 | Z100: 2009 | AA100: 2009 | AB100: 0.25178965 | AC100: 0.25178965 | AE100: Y | AF100: E | AG100: N | AL100: 0 | AM100: 0 | AN100: 1 | AO100: 0 | AP100: 0 | AQ100: 0 | AR100: 0 | AS100: 0 | AT100: =SUM(AM100:AS100) -> 1 | AU100: 43341 | AV100: JP | AX100: 3 | AY100: Arterial
A101: 90 | B101: CALIFORNIA AVE | C101: N | D101: CALIFORNIA | E101: AVE | G101: 1600 | H101: 1601 | I101: W NORTH AVE | J101: 2237 | K101: 2238 | L101: N MILWAUKEE AVE | M101: 3 | N101: BIKE LANE | O101: DASHED BIKE LANE | P101: UPGRADE | Q101: 2011-13 | R101: MFT RESURFACING | S101: 2020 | T101: 8 | U101: DASHED | W101: 0 | X101: 0 | Z101: 2020 | AA101: 2020 | AB101: 0.87600708 | AC101: 1.7520142 | AE101: N | AL101: 0 | AM101: 0 | AN101: 0.75 | AO101: 0.25 | AP101: 0 | AQ101: 0 | AR101: 0 | AS101: 0 | AT101: =SUM(AM101:AS101) -> 1 | AU101: 08.18.2020 | AV101: JP | AX101: 2 | AY101: Arterial
A102: 91 | B102: 130TH ST | C102: E | D102: 130TH | E102: ST | G102: 2700 | H102: 2701 | I102: S SAGINAW AVE | J102: 3126 | K102: 3127 | L102: S BALTIMORE AVE | M102: 4 | N102: BIKE LANE | O102: BIKE LANE | P102: NEW | Q102: 2012-1 | R102: TERM 12 | S102: 2012 | T102: 5 | U102: RESURFACED | W102: 0 | X102: 0 | Z102: 2012 | AA102: 2012 | AB102: 0.56639421 | AC102: 1.1327884 | AE102: N | AL102: 0 | AM102: 0 | AN102: 0 | AO102: 0 | AP102: 0 | AQ102: 0 | AR102: 1 | AS102: 0 | AT102: =SUM(AM102:AS102) -> 1 | AU102: 43342 | AV102: JP | AX102: 3 | AY102: Arterial
A103: 92 | B103: CAMPBELL AVE | C103: N | D103: CAMPBELL | E103: AVE | G103: 3200 | H103: 3201 | I103: W BELMONT AVE | J103: 3376 | K103: 3373 | L103: W ROSCOE ST | M103: 4 | N103: PROTECTED BIKE LANE | O103: PROTECTED BIKE LANE | P103: UPGRADE | R103: AR 21 BOND | S103: 2021 | T103: 7 | W103: 0 | X103: 0 | Z103: 2021 | AA103: 2021 | AB103: 0.26601924 | AC103: 0.53203848 | AE103: N | AG103: N | AI103: CONCRETE | AJ103: - | AL103: 2021 | AM103: 1 | AN103: 0 | AO103: 0 | AP103: 0 | AQ103: 0 | AR103: 0 | AS103: 0 | AT103: =SUM(AM103:AS103) -> 1 | AU103: 05.18.2022 | AV103: JP | AW103: Y | AX103: 3 | AY103: Arterial | AZ103: 20
A104: 93 | B104: ARCHER AVE | C104: S | D104: ARCHER | E104: AVE | G104: 2295 | H104: 2284 | I104: S CANAL ST | J104: 2201 | K104: 2200 | L104: W CERMAK RD | M104: 3 | N104: BIKE LANE | O104: BIKE LANE | P104: NEW | R104: CMAQ V(2) | S104: 2007 | T104: 7 | U104: ROAD DIET | V104: AR 19 | W104: 2020 | X104: 2020 | Y104: RESURFACED | Z104: 2020 | AA104: 2020 | AB104: 0.22560979 | AC104: 0.45121957 | AE104: N | AK104: Y | AL104: 2018 | AM104: 0 | AN104: 0 | AO104: 0 | AP104: 1 | AQ104: 0 | AR104: 0 | AS104: 0 | AT104: =SUM(AM104:AS104) -> 1 | AU104: 12.08.2020 | AV104: JP | AX104: 2 | AY104: Arterial
...

Sheet Equity
A1: Equity Dashboard
A2: CDOT Bike Program
B4: North Side | D4: West Side | E4: South Side | H4: Central
B5: 1 | C5: 2 | D5: 3 | E5: 6 | F5: 4 | G5: 5 | H5: 7 | R5: 3-B Community Sub-District moved from West to Central
B6: N | C6: NW | D6: W | E6: S | F6: SW | G6: FS | H6: C | I6: TOTAL | L6: North | M6: West | N6: South | O6: Central | P6: TOTAL
A7: Facilities by Geography | I7: Centerline Miles | K7: Facilities by Geography | P7: Centerline Miles
A8: Protected Bike Lanes | B8: {=SUMPRODUCT(--(Network!$N$11:$N$1010=$R8),Network!$AB$11:$AB$1010,Network!AM$11:AM$1010)} -> 2.2278947 | C8: {=SUMPRODUCT(--(Network!$N$11:$N$1010=$R8),Network!$AB$11:$AB$1010,Network!AN$11:AN$1010)} -> 2.9493142 | D8: {=SUMPRODUCT(--(Network!$N$11:$N$1010=$R8),Network!$AB$11:$AB$1010,Network!AO$11:AO$1010)} -> 8.9760821 | E8: {=SUMPRODUCT(--(Network!$N$11:$N$1010=$R8),Network!$AB$11:$AB$1010,Network!AP$11:AP$1010)} -> 2.8572781 | F8: {=SUMPRODUCT(--(Network!$N$11:$N$1010=$R8),Network!$AB$11:$AB$1010,Network!AQ$11:AQ$1010)} -> 0.85219917 | G8: {=SUMPRODUCT(--(Network!$N$11:$N$1010=$R8),Network!$AB$11:$AB$1010,Network!AR$11:AR$1010)} -> 4.8739501 | H8: {=SUMPRODUCT(--(Network!$N$11:$N$1010=$R8),Network!$AB$11:$AB$1010,Network!AS$11:AS$1010)} -> 15.771943 | I8: =SUM(B8:H8) -> 38.508661 | K8: Protected Bike Lanes | L8: =SUM(B8:C8) -> 5.1772089 | M8: =D8 -> 8.9760821 | N8: =SUM(E8:G8) -> 8.5834274 | O8: =H8 -> 15.771943 | P8: =SUM(L8:O8) -> 38.508661 | R8: PROTECTED BIKE LANE
A9: Buffered Bike Lanes | B9: {=SUMPRODUCT(--(Network!$N$11:$N$1010=$R9),Network!$AB$11:$AB$1010,Network!AM$11:AM$1010)} -> 8.0785891 | C9: {=SUMPRODUCT(--(Network!$N$11:$N$1010=$R9),Network!$AB$11:$AB$1010,Network!AN$11:AN$1010)} -> 18.263911 | D9: {=SUMPRODUCT(--(Network!$N$11:$N$1010=$R9),Network!$AB$11:$AB$1010,Network!AO$11:AO$1010)} -> 13.229945 | E9: {=SUMPRODUCT(--(Network!$N$11:$N$1010=$R9),Network!$AB$11:$AB$1010,Network!AP$11:AP$1010)} -> 23.441441 | F9: {=SUMPRODUCT(--(Network!$N$11:$N$1010=$R9),Network!$AB$11:$AB$1010,Network!AQ$11:AQ$1010)} -> 11.645923 | G9: {=SUMPRODUCT(--(Network!$N$11:$N$1010=$R9),Network!$AB$11:$AB$1010,Network!AR$11:AR$1010)} -> 15.303757 | H9: {=SUMPRODUCT(--(Network!$N$11:$N$1010=$R9),Network!$AB$11:$AB$1010,Network!AS$11:AS$1010)} -> 25.611029 | I9: =SUM(B9:H9) -> 115.5746 | K9: Buffered Bike Lanes | L9: =SUM(B9:C9) -> 26.3425 | M9: =D9 -> 13.229945 | N9: =SUM(E9:G9) -> 50.391121 | O9: =H9 -> 25.611029 | P9: =SUM(L9:O9) -> 115.5746 | R9: BUFFERED BIKE LANE
A10: Bike Lanes | B10: {=SUMPRODUCT(--(Network!$N$11:$N$1010=$R10),Network!$AB$11:$AB$1010,Network!AM$11:AM$1010)} -> 29.101527 | C10: {=SUMPRODUCT(--(Network!$N$11:$N$1010=$R10),Network!$AB$11:$AB$1010,Network!AN$11:AN$1010)} -> 25.438934 | D10: {=SUMPRODUCT(--(Network!$N$11:$N$1010=$R10),Network!$AB$11:$AB$1010,Network!AO$11:AO$1010)} -> 14.215057 | E10: {=SUMPRODUCT(--(Network!$N$11:$N$1010=$R10),Network!$AB$11:$AB$1010,Network!AP$11:AP$1010)} -> 13.26998 | F10: {=SUMPRODUCT(--(Network!$N$11:$N$1010=$R10),Network!$AB$11:$AB$1010,Network!AQ$11:AQ$1010)} -> 7.2915513 | G10: {=SUMPRODUCT(--(Network!$N$11:$N$1010=$R10),Network!$AB$11:$AB$1010,Network!AR$11:AR$1010)} -> 13.993172 | H10: {=SUMPRODUCT(--(Network!$N$11:$N$1010=$R10),Network!$AB$11:$AB$1010,Network!AS$11:AS$1010)} -> 21.782756 | I10: =SUM(B10:H10) -> 125.09298 | K10: Bike Lanes | L10: =SUM(B10:C10) -> 54.540461 | M10: =D10 -> 14.215057 | N10: =SUM(E10:G10) -> 34.554704 | O10: =H10 -> 21.782756 | P10: =SUM(L10:O10) -> 125.09298 | R10: BIKE LANE
A11: Neighborhood Greenways | B11: {=SUMPRODUCT(--(Network!$N$11:$N$1010=$R11),Network!$AB$11:$AB$1010,Network!AM$11:AM$1010)} -> 13.89704 | C11: {=SUMPRODUCT(--(Network!$N$11:$N$1010=$R11),Network!$AB$11:$AB$1010,Network!AN$11:AN$1010)} -> 8.4924731 | D11: {=SUMPRODUCT(--(Network!$N$11:$N$1010=$R11),Network!$AB$11:$AB$1010,Network!AO$11:AO$1010)} -> 8.6537416 | E11: {=SUMPRODUCT(--(Network!$N$11:$N$1010=$R11),Network!$AB$11:$AB$1010,Network!AP$11:AP$1010)} -> 0 | F11: {=SUMPRODUCT(--(Network!$N$11:$N$1010=$R11),Network!$AB$11:$AB$1010,Network!AQ$11:AQ$1010)} -> 0 | G11: {=SUMPRODUCT(--(Network!$N$11:$N$1010=$R11),Network!$AB$11:$AB$1010,Network!AR$11:AR$1010)} -> 3.5877711 | H11: {=SUMPRODUCT(--(Network!$N$11:$N$1010=$R11),Network!$AB$11:$AB$1010,Network!AS$11:AS$1010)} -> 3.2810998 | I11: =SUM(B11:H11) -> 37.912126 | K11: Neighborhood Greenways | L11: =SUM(B11:C11) -> 22.389513 | M11: =D11 -> 8.6537416 | N11: =SUM(E11:G11) -> 3.5877711 | O11: =H11 -> 3.2810998 | P11: =SUM(L11:O11) -> 37.912126 | R11: NEIGHBORHOOD GREENWAY
A12: Marked Shared Lanes | B12: {=SUMPRODUCT(--(Network!$N$11:$N$1010=$R12),Network!$AB$11:$AB$1010,Network!AM$11:AM$1010)} -> 12.136764 | C12: {=SUMPRODUCT(--(Network!$N$11:$N$1010=$R12),Network!$AB$11:$AB$1010,Network!AN$11:AN$1010)} -> 8.8243776 | D12: {=SUMPRODUCT(--(Network!$N$11:$N$1010=$R12),Network!$AB$11:$AB$1010,Network!AO$11:AO$1010)} -> 3.4280644 | E12: {=SUMPRODUCT(--(Network!$N$11:$N$1010=$R12),Network!$AB$11:$AB$1010,Network!AP$11:AP$1010)} -> 5.7598033 | F12: {=SUMPRODUCT(--(Network!$N$11:$N$1010=$R12),Network!$AB$11:$AB$1010,Network!AQ$11:AQ$1010)} -> 6.5614027 | G12: {=SUMPRODUCT(--(Network!$N$11:$N$1010=$R12),Network!$AB$11:$AB$1010,Network!AR$11:AR$1010)} -> 7.99871 | H12: {=SUMPRODUCT(--(Network!$N$11:$N$1010=$R12),Network!$AB$11:$AB$1010,Network!AS$11:AS$1010)} -> 5.2765018 | I12: =SUM(B12:H12) -> 49.985623 | K12: Marked Shared Lanes | L12: =SUM(B12:C12) -> 20.961141 | M12: =D12 -> 3.4280644 | N12: =SUM(E12:G12) -> 20.319916 | O12: =H12 -> 5.2765018 | P12: =SUM(L12:O12) -> 49.985623 | R12: SHARED-LANE
A13: TOTAL | B13: =SUM(B8:B12) -> 65.441814 | C13: =SUM(C8:C12) -> 63.96901 | D13: =SUM(D8:D12) -> 48.50289 | E13: =SUM(E8:E12) -> 45.328503 | F13: =SUM(F8:F12) -> 26.351077 | G13: =SUM(G8:G12) -> 45.75736 | H13: =SUM(H8:H12) -> 71.723329 | I13: =SUM(I8:I12) -> 367.07398 | K13: TOTAL | L13: =SUM(L8:L12) -> 129.41082 | M13: =SUM(M8:M12) -> 48.50289 | N13: =SUM(N8:N12) -> 117.43694 | O13: =SUM(O8:O12) -> 71.723329 | P13: =SUM(P8:P12) -> 367.07398
A15: all but Shared Lanes | B15: =SUM(B8:B11) -> 53.305051 | C15: =SUM(C8:C11) -> 55.144633 | D15: =SUM(D8:D11) -> 45.074825 | E15: =SUM(E8:E11) -> 39.5687 | F15: =SUM(F8:F11) -> 19.789674 | G15: =SUM(G8:G11) -> 37.75865 | H15: =SUM(H8:H11) -> 66.446827 | I15: =SUM(I8:I11) -> 317.08836 | K15: all but Shared Lanes | L15: =SUM(L8:L11) -> 108.44968 | M15: =SUM(M8:M11) -> 45.074825 | N15: =SUM(N8:N11) -> 97.117023 | O15: =SUM(O8:O11) -> 66.446827 | P15: =SUM(P8:P11) -> 317.08836
A18: Share of Facilities by Geography | K18: Share of Facilities by Geography
A19: Protected Bike Lanes | B19: =B8/$I8 -> 0.057854379 | C19: =C8/$I8 -> 0.076588334 | D19: =D8/$I8 -> 0.23309255 | E19: =E8/$I8 -> 0.074198324 | F19: =F8/$I8 -> 0.022130065 | G19: =G8/$I8 -> 0.12656763 | H19: =H8/$I8 -> 0.40956871 | I19: =I8/$I8 -> 1 | K19: Protected Bike Lanes | L19: =L8/$P8 -> 0.13444271 | M19: =M8/$P8 -> 0.23309255 | N19: =N8/$P8 -> 0.22289602 | O19: =O8/$P8 -> 0.40956871 | P19: =P8/$P8 -> 1 | R19: PROTECTED BIKE LANE
A20: Buffered Bike Lanes | B20: =B9/$I9 -> 0.06989935 | C20: =C9/$I9 -> 0.15802704 | D20: =D9/$I9 -> 0.11447105 | E20: =E9/$I9 -> 0.20282521 | F20: =F9/$I9 -> 0.10076543 | G20: =G9/$I9 -> 0.13241454 | H20: =H9/$I9 -> 0.22159739 | I20: =I9/$I9 -> 1 | K20: Buffered Bike Lanes | L20: =L9/$P9 -> 0.22792639 | M20: =M9/$P9 -> 0.11447105 | N20: =N9/$P9 -> 0.43600517 | O20: =O9/$P9 -> 0.22159739 | P20: =P9/$P9 -> 1 | R20: BUFFERED BIKE LANE
A21: Bike Lanes | B21: =B10/$I10 -> 0.23263918 | C21: =C10/$I10 -> 0.20336021 | D21: =D10/$I10 -> 0.11363593 | E21: =E10/$I10 -> 0.10608094 | F21: =F10/$I10 -> 0.058289054 | G21: =G10/$I10 -> 0.11186217 | H21: =H10/$I10 -> 0.17413252 | I21: =I10/$I10 -> 1 | K21: Bike Lanes | L21: =L10/$P10 -> 0.43599939 | M21: =M10/$P10 -> 0.11363593 | N21: =N10/$P10 -> 0.27623216 | O21: =O10/$P10 -> 0.17413252 | P21: =P10/$P10 -> 1 | R21: BIKE LANE
A22: Neighborhood Greenways | B22: =B11/$I11 -> 0.36655924 | C22: =C11/$I11 -> 0.22400414 | D22: =D11/$I11 -> 0.22825789 | E22: =E11/$I11 -> 0 | F22: =F11/$I11 -> 0 | G22: =G11/$I11 -> 0.094633868 | H22: =H11/$I11 -> 0.086544864 | I22: =I11/$I11 -> 1 | K22: Neighborhood Greenways | L22: =L11/$P11 -> 0.59056338 | M22: =M11/$P11 -> 0.22825789 | N22: =N11/$P11 -> 0.094633868 | O22: =O11/$P11 -> 0.086544864 | P22: =P11/$P11 -> 1 | R22: NEIGHBORHOOD GREENWAY
A23: Marked Shared Lanes | B23: =B12/$I12 -> 0.24280509 | C23: =C12/$I12 -> 0.17653831 | D23: =D12/$I12 -> 0.068581007 | E23: =E12/$I12 -> 0.1152292 | F23: =F12/$I12 -> 0.1312658 | G23: =G12/$I12 -> 0.16002021 | H23: =H12/$I12 -> 0.10556039 | I23: =I12/$I12 -> 1 | K23: Marked Shared Lanes | L23: =L12/$P12 -> 0.4193434 | M23: =M12/$P12 -> 0.068581007 | N23: =N12/$P12 -> 0.40651521 | O23: =O12/$P12 -> 0.10556039 | P23: =P12/$P12 -> 1 | R23: SHARED-LANE
A24: TOTAL | B24: =B13/$I13 -> 0.17827963 | C24: =C13/$I13 -> 0.17426735 | D24: =D13/$I13 -> 0.13213383 | E24: =E13/$I13 -> 0.12348601 | F24: =F13/$I13 -> 0.071786827 | G24: =G13/$I13 -> 0.12465433 | H24: =H13/$I13 -> 0.19539203 | I24: =I13/$I13 -> 1 | K24: TOTAL | L24: =L13/$P13 -> 0.35254698 | M24: =M13/$P13 -> 0.13213383 | N24: =N13/$P13 -> 0.31992717 | O24: =O13/$P13 -> 0.19539203 | P24: =P13/$P13 -> 1
A26: all but Shared Lanes | B26: =B15/$I15 -> 0.16810788 | C26: =C15/$I15 -> 0.17390936 | D26: =D15/$I15 -> 0.14215225 | E26: =E15/$I15 -> 0.12478761 | F26: =F15/$I15 -> 0.062410597 | G26: =G15/$I15 -> 0.11907927 | H26: =H15/$I15 -> 0.20955303 | I26: =I15/$I15 -> 1 | K26: all but Shared Lanes | L26: =L15/$P15 -> 0.34201723 | M26: =M15/$P15 -> 0.14215225 | N26: =N15/$P15 -> 0.30627748 | O26: =O15/$P15 -> 0.20955303 | P26: =P15/$P15 -> 1
A29: Census | I29: Source: 2016 ACS 5-Year (Updated 8/27/2018) | K29: Census | P29: Source: 2016 ACS 5-Year (Updated 8/27/2018)
A30: Area | B30: =SUMIFS(Geographies!$G$6:$G$809,Geographies!$J$6:$J$809,B$5) -> 20.344508 | C30: =SUMIFS(Geographies!$G$6:$G$809,Geographies!$J$6:$J$809,C$5) -> 51.254445 | D30: =SUMIFS(Geographies!$G$6:$G$809,Geographies!$J$6:$J$809,D$5) -> 21.787325 | E30: =SUMIFS(Geographies!$G$6:$G$809,Geographies!$J$6:$J$809,E$5) -> 28.346796 | F30: =SUMIFS(Geographies!$G$6:$G$809,Geographies!$J$6:$J$809,F$5) -> 40.776885 | G30: =SUMIFS(Geographies!$G$6:$G$809,Geographies!$J$6:$J$809,G$5) -> 49.084347 | H30: =SUMIFS(Geographies!$G$6:$G$809,Geographies!$J$6:$J$809,H$5) -> 19.337014 | I30: =SUM(B30:H30) -> 230.93132 | K30: Area | L30: =SUM(B30:C30) -> 71.598953 | M30: =D30 -> 21.787325 | N30: =SUM(E30:G30) -> 118.20803 | O30: =H30 -> 19.337014 | P30: =SUM(L30:O30) -> 230.93132
A31: Percentage | B31: =B30/$I$30 -> 0.088097655 | C31: =C30/$I$30 -> 0.2219467 | D31: =D30/$I$30 -> 0.094345476 | E31: =E30/$I$30 -> 0.1227499 | F31: =F30/$I$30 -> 0.17657581 | G31: =G30/$I$30 -> 0.21254954 | H31: =H30/$I$30 -> 0.083734912 | I31: =I30/$I$30 -> 1 | K31: Percentage | L31: =L30/$P$30 -> 0.31004436 | M31: =M30/$P$30 -> 0.094345476 | N31: =N30/$P$30 -> 0.51187525 | O31: =O30/$P$30 -> 0.083734912 | P31: =P30/$P$30 -> 1
A32: Population | B32: =SUMIFS(Geographies!$L$6:$L$809,Geographies!$J$6:$J$809,B$5) -> #VALUE! | C32: =SUMIFS(Geographies!$L$6:$L$809,Geographies!$J$6:$J$809,C$5) -> #VALUE! | D32: =SUMIFS(Geographies!$L$6:$L$809,Geographies!$J$6:$J$809,D$5) -> #VALUE! | E32: =SUMIFS(Geographies!$L$6:$L$809,Geographies!$J$6:$J$809,E$5) -> #VALUE! | F32: =SUMIFS(Geographies!$L$6:$L$809,Geographies!$J$6:$J$809,F$5) -> #VALUE! | G32: =SUMIFS(Geographies!$L$6:$L$809,Geographies!$J$6:$J$809,G$5) -> #VALUE! | H32: =SUMIFS(Geographies!$L$6:$L$809,Geographies!$J$6:$J$809,H$5) -> #VALUE! | I32: =SUM(B32:H32) -> #VALUE! | K32: Population | L32: =SUM(B32:C32) -> #VALUE! | M32: =D32 -> #VALUE! | N32: =SUM(E32:G32) -> #VALUE! | O32: =H32 -> #VALUE! | P32: =SUM(L32:O32) -> #VALUE!
A33: Percentage | B33: =B32/$I$32 -> #VALUE! | C33: =C32/$I$32 -> #VALUE! | D33: =D32/$I$32 -> #VALUE! | E33: =E32/$I$32 -> #VALUE! | F33: =F32/$I$32 -> #VALUE! | G33: =G32/$I$32 -> #VALUE! | H33: =H32/$I$32 -> #VALUE! | I33: =I32/$I$32 -> #VALUE! | K33: Percentage | L33: =L32/$P$32 -> #VALUE! | M33: =M32/$P$32 -> #VALUE! | N33: =N32/$P$32 -> #VALUE! | O33: =O32/$P$32 -> #VALUE! | P33: =P32/$P$32 -> #VALUE!
A34: Density | B34: =B32/B30 -> #VALUE! | C34: =C32/C30 -> #VALUE! | D34: =D32/D30 -> #VALUE! | E34: =E32/E30 -> #VALUE! | F34: =F32/F30 -> #VALUE! | G34: =G32/G30 -> #VALUE! | H34: =H32/H30 -> #VALUE! | I34: =I32/I30 -> #VALUE! | K34: Density | L34: =L32/L30 -> #VALUE! | M34: =M32/M30 -> #VALUE! | N34: =N32/N30 -> #VALUE! | O34: =O32/O30 -> #VALUE! | P34: =P32/P30 -> #VALUE!
A36: Automobile | B36: =SUMIFS(Geographies!$N$6:$N$809,Geographies!$J$6:$J$809,B$5) -> #VALUE! | C36: =SUMIFS(Geographies!$N$6:$N$809,Geographies!$J$6:$J$809,C$5) -> #VALUE! | D36: =SUMIFS(Geographies!$N$6:$N$809,Geographies!$J$6:$J$809,D$5) -> #VALUE! | E36: =SUMIFS(Geographies!$N$6:$N$809,Geographies!$J$6:$J$809,E$5) -> #VALUE! | F36: =SUMIFS(Geographies!$N$6:$N$809,Geographies!$J$6:$J$809,F$5) -> #VALUE! | G36: =SUMIFS(Geographies!$N$6:$N$809,Geographies!$J$6:$J$809,G$5) -> #VALUE! | H36: =SUMIFS(Geographies!$N$6:$N$809,Geographies!$J$6:$J$809,H$5) -> #VALUE! | I36: =SUM(B36:H36) -> #VALUE! | K36: Automobile | L36: =SUM(B36:C36) -> #VALUE! | M36: =D36 -> #VALUE! | N36: =SUM(E36:G36) -> #VALUE! | O36: =H36 -> #VALUE! | P36: =SUM(L36:O36) -> #VALUE!
A37: Transit | B37: =SUMIFS(Geographies!$O$6:$O$809,Geographies!$J$6:$J$809,B$5) -> #VALUE! | C37: =SUMIFS(Geographies!$O$6:$O$809,Geographies!$J$6:$J$809,C$5) -> #VALUE! | D37: =SUMIFS(Geographies!$O$6:$O$809,Geographies!$J$6:$J$809,D$5) -> #VALUE! | E37: =SUMIFS(Geographies!$O$6:$O$809,Geographies!$J$6:$J$809,E$5) -> #VALUE! | F37: =SUMIFS(Geographies!$O$6:$O$809,Geographies!$J$6:$J$809,F$5) -> #VALUE! | G37: =SUMIFS(Geographies!$O$6:$O$809,Geographies!$J$6:$J$809,G$5) -> #VALUE! | H37: =SUMIFS(Geographies!$O$6:$O$809,Geographies!$J$6:$J$809,H$5) -> #VALUE! | I37: =SUM(B37:H37) -> #VALUE! | K37: Transit | L37: =SUM(B37:C37) -> #VALUE! | M37: =D37 -> #VALUE! | N37: =SUM(E37:G37) -> #VALUE! | O37: =H37 -> #VALUE! | P37: =SUM(L37:O37) -> #VALUE!
A38: Taxi | B38: =SUMIFS(Geographies!$P$6:$P$809,Geographies!$J$6:$J$809,B$5) -> #VALUE! | C38: =SUMIFS(Geographies!$P$6:$P$809,Geographies!$J$6:$J$809,C$5) -> #VALUE! | D38: =SUMIFS(Geographies!$P$6:$P$809,Geographies!$J$6:$J$809,D$5) -> #VALUE! | E38: =SUMIFS(Geographies!$P$6:$P$809,Geographies!$J$6:$J$809,E$5) -> #VALUE! | F38: =SUMIFS(Geographies!$P$6:$P$809,Geographies!$J$6:$J$809,F$5) -> #VALUE! | G38: =SUMIFS(Geographies!$P$6:$P$809,Geographies!$J$6:$J$809,G$5) -> #VALUE! | H38: =SUMIFS(Geographies!$P$6:$P$809,Geographies!$J$6:$J$809,H$5) -> #VALUE! | I38: =SUM(B38:H38) -> #VALUE! | K38: Taxi | L38: =SUM(B38:C38) -> #VALUE! | M38: =D38 -> #VALUE! | N38: =SUM(E38:G38) -> #VALUE! | O38: =H38 -> #VALUE! | P38: =SUM(L38:O38) -> #VALUE!
A39: Bike | B39: =SUMIFS(Geographies!$Q$6:$Q$809,Geographies!$J$6:$J$809,B$5) -> #VALUE! | C39: =SUMIFS(Geographies!$Q$6:$Q$809,Geographies!$J$6:$J$809,C$5) -> #VALUE! | D39: =SUMIFS(Geographies!$Q$6:$Q$809,Geographies!$J$6:$J$809,D$5) -> #VALUE! | E39: =SUMIFS(Geographies!$Q$6:$Q$809,Geographies!$J$6:$J$809,E$5) -> #VALUE! | F39: =SUMIFS(Geographies!$Q$6:$Q$809,Geographies!$J$6:$J$809,F$5) -> #VALUE! | G39: =SUMIFS(Geographies!$Q$6:$Q$809,Geographies!$J$6:$J$809,G$5) -> #VALUE! | H39: =SUMIFS(Geographies!$Q$6:$Q$809,Geographies!$J$6:$J$809,H$5) -> #VALUE! | I39: =SUM(B39:H39) -> #VALUE! | K39: Bike | L39: =SUM(B39:C39) -> #VALUE! | M39: =D39 -> #VALUE! | N39: =SUM(E39:G39) -> #VALUE! | O39: =H39 -> #VALUE! | P39: =SUM(L39:O39) -> #VALUE!
A40: Walk | B40: =SUMIFS(Geographies!$R$6:$R$809,Geographies!$J$6:$J$809,B$5) -> #VALUE! | C40: =SUMIFS(Geographies!$R$6:$R$809,Geographies!$J$6:$J$809,C$5) -> #VALUE! | D40: =SUMIFS(Geographies!$R$6:$R$809,Geographies!$J$6:$J$809,D$5) -> #VALUE! | E40: =SUMIFS(Geographies!$R$6:$R$809,Geographies!$J$6:$J$809,E$5) -> #VALUE! | F40: =SUMIFS(Geographies!$R$6:$R$809,Geographies!$J$6:$J$809,F$5) -> #VALUE! | G40: =SUMIFS(Geographies!$R$6:$R$809,Geographies!$J$6:$J$809,G$5) -> #VALUE! | H40: =SUMIFS(Geographies!$R$6:$R$809,Geographies!$J$6:$J$809,H$5) -> #VALUE! | I40: =SUM(B40:H40) -> #VALUE! | K40: Walk | L40: =SUM(B40:C40) -> #VALUE! | M40: =D40 -> #VALUE! | N40: =SUM(E40:G40) -> #VALUE! | O40: =H40 -> #VALUE! | P40: =SUM(L40:O40) -> #VALUE!
A41: Other | B41: =SUMIFS(Geographies!$S$6:$S$809,Geographies!$J$6:$J$809,B$5) -> #VALUE! | C41: =SUMIFS(Geographies!$S$6:$S$809,Geographies!$J$6:$J$809,C$5) -> #VALUE! | D41: =SUMIFS(Geographies!$S$6:$S$809,Geographies!$J$6:$J$809,D$5) -> #VALUE! | E41: =SUMIFS(Geographies!$S$6:$S$809,Geographies!$J$6:$J$809,E$5) -> #VALUE! | F41: =SUMIFS(Geographies!$S$6:$S$809,Geographies!$J$6:$J$809,F$5) -> #VALUE! | G41: =SUMIFS(Geographies!$S$6:$S$809,Geographies!$J$6:$J$809,G$5) -> #VALUE! | H41: =SUMIFS(Geographies!$S$6:$S$809,Geographies!$J$6:$J$809,H$5) -> #VALUE! | I41: =SUM(B41:H41) -> #VALUE! | K41: Other | L41: =SUM(B41:C41) -> #VALUE! | M41: =D41 -> #VALUE! | N41: =SUM(E41:G41) -> #VALUE! | O41: =H41 -> #VALUE! | P41: =SUM(L41:O41) -> #VALUE!
A42: TOTAL COMMUTERS | B42: =SUMIFS(Geographies!$M$6:$M$809,Geographies!$J$6:$J$809,B$5) -> #VALUE! | C42: =SUMIFS(Geographies!$M$6:$M$809,Geographies!$J$6:$J$809,C$5) -> #VALUE! | D42: =SUMIFS(Geographies!$M$6:$M$809,Geographies!$J$6:$J$809,D$5) -> #VALUE! | E42: =SUMIFS(Geographies!$M$6:$M$809,Geographies!$J$6:$J$809,E$5) -> #VALUE! | F42: =SUMIFS(Geographies!$M$6:$M$809,Geographies!$J$6:$J$809,F$5) -> #VALUE! | G42: =SUMIFS(Geographies!$M$6:$M$809,Geographies!$J$6:$J$809,G$5) -> #VALUE! | H42: =SUMIFS(Geographies!$M$6:$M$809,Geographies!$J$6:$J$809,H$5) -> #VALUE! | I42: =SUM(B42:H42) -> #VALUE! | K42: TOTAL COMMUTERS | L42: =SUM(B42:C42) -> #VALUE! | M42: =D42 -> #VALUE! | N42: =SUM(E42:G42) -> #VALUE! | O42: =H42 -> #VALUE! | P42: =SUM(L42:O42) -> #VALUE!
A44: Automobile | B44: =B36/B$42 -> #VALUE! | C44: =C36/C$42 -> #VALUE! | D44: =D36/D$42 -> #VALUE! | E44: =E36/E$42 -> #VALUE! | F44: =F36/F$42 -> #VALUE! | G44: =G36/G$42 -> #VALUE! | H44: =H36/H$42 -> #VALUE! | I44: =I36/I$42 -> #VALUE! | K44: Automobile | L44: =L36/L$42 -> #VALUE! | M44: =M36/M$42 -> #VALUE! | N44: =N36/N$42 -> #VALUE! | O44: =O36/O$42 -> #VALUE! | P44: =P36/P$42 -> #VALUE!
A45: Transit | B45: =B37/B$42 -> #VALUE! | C45: =C37/C$42 -> #VALUE! | D45: =D37/D$42 -> #VALUE! | E45: =E37/E$42 -> #VALUE! | F45: =F37/F$42 -> #VALUE! | G45: =G37/G$42 -> #VALUE! | H45: =H37/H$42 -> #VALUE! | I45: =I37/I$42 -> #VALUE! | K45: Transit | L45: =L37/L$42 -> #VALUE! | M45: =M37/M$42 -> #VALUE! | N45: =N37/N$42 -> #VALUE! | O45: =O37/O$42 -> #VALUE! | P45: =P37/P$42 -> #VALUE!
A46: Taxi | B46: =B38/B$42 -> #VALUE! | C46: =C38/C$42 -> #VALUE! | D46: =D38/D$42 -> #VALUE! | E46: =E38/E$42 -> #VALUE! | F46: =F38/F$42 -> #VALUE! | G46: =G38/G$42 -> #VALUE! | H46: =H38/H$42 -> #VALUE! | I46: =I38/I$42 -> #VALUE! | K46: Taxi | L46: =L38/L$42 -> #VALUE! | M46: =M38/M$42 -> #VALUE! | N46: =N38/N$42 -> #VALUE! | O46: =O38/O$42 -> #VALUE! | P46: =P38/P$42 -> #VALUE!
A47: Bike | B47: =B39/B$42 -> #VALUE! | C47: =C39/C$42 -> #VALUE! | D47: =D39/D$42 -> #VALUE! | E47: =E39/E$42 -> #VALUE! | F47: =F39/F$42 -> #VALUE! | G47: =G39/G$42 -> #VALUE! | H47: =H39/H$42 -> #VALUE! | I47: =I39/I$42 -> #VALUE! | K47: Bike | L47: =L39/L$42 -> #VALUE! | M47: =M39/M$42 -> #VALUE! | N47: =N39/N$42 -> #VALUE! | O47: =O39/O$42 -> #VALUE! | P47: =P39/P$42 -> #VALUE!
A48: Walk | B48: =B40/B$42 -> #VALUE! | C48: =C40/C$42 -> #VALUE! | D48: =D40/D$42 -> #VALUE! | E48: =E40/E$42 -> #VALUE! | F48: =F40/F$42 -> #VALUE! | G48: =G40/G$42 -> #VALUE! | H48: =H40/H$42 -> #VALUE! | I48: =I40/I$42 -> #VALUE! | K48: Walk | L48: =L40/L$42 -> #VALUE! | M48: =M40/M$42 -> #VALUE! | N48: =N40/N$42 -> #VALUE! | O48: =O40/O$42 -> #VALUE! | P48: =P40/P$42 -> #VALUE!
A49: Other | B49: =B41/B$42 -> #VALUE! | C49: =C41/C$42 -> #VALUE! | D49: =D41/D$42 -> #VALUE! | E49: =E41/E$42 -> #VALUE! | F49: =F41/F$42 -> #VALUE! | G49: =G41/G$42 -> #VALUE! | H49: =H41/H$42 -> #VALUE! | I49: =I41/I$42 -> #VALUE! | K49: Other | L49: =L41/L$42 -> #VALUE! | M49: =M41/M$42 -> #VALUE! | N49: =N41/N$42 -> #VALUE! | O49: =O41/O$42 -> #VALUE! | P49: =P41/P$42 -> #VALUE!
A52: Equity Measures | I52: Centerline Miles | K52: Equity Measures | P52: Centerline Miles
A53: Facilities per 1,000 Bike Commuters | K53: Facilities per 1,000 Bike Commuter
A54: All | B54: =SUM(B$8:B$12)/B$39*1000 -> #VALUE! | C54: =SUM(C$8:C$12)/C$39*1000 -> #VALUE! | D54: =SUM(D$8:D$12)/D$39*1000 -> #VALUE! | E54: =SUM(E$8:E$12)/E$39*1000 -> #VALUE! | F54: =SUM(F$8:F$12)/F$39*1000 -> #VALUE! | G54: =SUM(G$8:G$12)/G$39*1000 -> #VALUE! | H54: =SUM(H$8:H$12)/H$39*1000 -> #VALUE! | I54: =SUM(I$8:I$12)/I$39*1000 -> #VALUE! | K54: All | L54: =SUM(L$8:L$12)/L$39*1000 -> #VALUE! | M54: =SUM(M$8:M$12)/M$39*1000 -> #VALUE! | N54: =SUM(N$8:N$12)/N$39*1000 -> #VALUE! | O54: =SUM(O$8:O$12)/O$39*1000 -> #VALUE! | P54: =SUM(P$8:P$12)/P$39*1000 -> #VALUE!
A55: NG, BL, BBL, PBL | B55: =SUM(B$8:B$11)/B$39*1000 -> #VALUE! | C55: =SUM(C$8:C$11)/C$39*1000 -> #VALUE! | D55: =SUM(D$8:D$11)/D$39*1000 -> #VALUE! | E55: =SUM(E$8:E$11)/E$39*1000 -> #VALUE! | F55: =SUM(F$8:F$11)/F$39*1000 -> #VALUE! | G55: =SUM(G$8:G$11)/G$39*1000 -> #VALUE! | H55: =SUM(H$8:H$11)/H$39*1000 -> #VALUE! | I55: =SUM(I$8:I$11)/I$39*1000 -> #VALUE! | K55: NG, BL, BBL, PBL | L55: =SUM(L$8:L$11)/L$39*1000 -> #VALUE! | M55: =SUM(M$8:M$11)/M$39*1000 -> #VALUE! | N55: =SUM(N$8:N$11)/N$39*1000 -> #VALUE! | O55: =SUM(O$8:O$11)/O$39*1000 -> #VALUE! | P55: =SUM(P$8:P$11)/P$39*1000 -> #VALUE!
A56: BL, BBL, PBL | B56: =SUM(B$8:B$10)/B$39*1000 -> #VALUE! | C56: =SUM(C$8:C$10)/C$39*1000 -> #VALUE! | D56: =SUM(D$8:D$10)/D$39*1000 -> #VALUE! | E56: =SUM(E$8:E$10)/E$39*1000 -> #VALUE! | F56: =SUM(F$8:F$10)/F$39*1000 -> #VALUE! | G56: =SUM(G$8:G$10)/G$39*1000 -> #VALUE! | H56: =SUM(H$8:H$10)/H$39*1000 -> #VALUE! | I56: =SUM(I$8:I$10)/I$39*1000 -> #VALUE! | K56: BL, BBL, PBL | L56: =SUM(L$8:L$10)/L$39*1000 -> #VALUE! | M56: =SUM(M$8:M$10)/M$39*1000 -> #VALUE! | N56: =SUM(N$8:N$10)/N$39*1000 -> #VALUE! | O56: =SUM(O$8:O$10)/O$39*1000 -> #VALUE! | P56: =SUM(P$8:P$10)/P$39*1000 -> #VALUE!
A57: BBL, PBL | B57: =SUM(B$8:B$9)/B$39*1000 -> #VALUE! | C57: =SUM(C$8:C$9)/C$39*1000 -> #VALUE! | D57: =SUM(D$8:D$9)/D$39*1000 -> #VALUE! | E57: =SUM(E$8:E$9)/E$39*1000 -> #VALUE! | F57: =SUM(F$8:F$9)/F$39*1000 -> #VALUE! | G57: =SUM(G$8:G$9)/G$39*1000 -> #VALUE! | H57: =SUM(H$8:H$9)/H$39*1000 -> #VALUE! | I57: =SUM(I$8:I$9)/I$39*1000 -> #VALUE! | K57: BBL, PBL | L57: =SUM(L$8:L$9)/L$39*1000 -> #VALUE! | M57: =SUM(M$8:M$9)/M$39*1000 -> #VALUE! | N57: =SUM(N$8:N$9)/N$39*1000 -> #VALUE! | O57: =SUM(O$8:O$9)/O$39*1000 -> #VALUE! | P57: =SUM(P$8:P$9)/P$39*1000 -> #VALUE!
A58: PBL | B58: =SUM(B$8:B$8)/B$39*1000 -> #VALUE! | C58: =SUM(C$8:C$8)/C$39*1000 -> #VALUE! | D58: =SUM(D$8:D$8)/D$39*1000 -> #VALUE! | E58: =SUM(E$8:E$8)/E$39*1000 -> #VALUE! | F58: =SUM(F$8:F$8)/F$39*1000 -> #VALUE! | G58: =SUM(G$8:G$8)/G$39*1000 -> #VALUE! | H58: =SUM(H$8:H$8)/H$39*1000 -> #VALUE! | I58: =SUM(I$8:I$8)/I$39*1000 -> #VALUE! | K58: PBL | L58: =SUM(L$8:L$8)/L$39*1000 -> #VALUE! | M58: =SUM(M$8:M$8)/M$39*1000 -> #VALUE! | N58: =SUM(N$8:N$8)/N$39*1000 -> #VALUE! | O58: =SUM(O$8:O$8)/O$39*1000 -> #VALUE! | P58: =SUM(P$8:P$8)/P$39*1000 -> #VALUE!
A60: All
A61: NG, BL, BBL, PBL
A62: NG, PBL
A63: NG, PBL + Trail
A69: Facility Miles per 100,000 Population | K69: Facility Miles per 100,000 Population
A70: MSL, NG, BL, BBL, PBL | B70: =SUM(B$8:B$12)/B$32*100000 -> #VALUE! | C70: =SUM(C$8:C$12)/C$32*100000 -> #VALUE! | D70: =SUM(D$8:D$12)/D$32*100000 -> #VALUE! | E70: =SUM(E$8:E$12)/E$32*100000 -> #VALUE! | F70: =SUM(F$8:F$12)/F$32*100000 -> #VALUE! | G70: =SUM(G$8:G$12)/G$32*100000 -> #VALUE! | H70: =SUM(H$8:H$12)/H$32*100000 -> #VALUE! | I70: =SUM(I$8:I$12)/I$32*100000 -> #VALUE! | K70: MSL, NG, BL, BBL, PBL | L70: =SUM(L$8:L$12)/L$32*100000 -> #VALUE! | M70: =SUM(M$8:M$12)/M$32*100000 -> #VALUE! | N70: =SUM(N$8:N$12)/N$32*100000 -> #VALUE! | O70: =SUM(O$8:O$12)/O$32*100000 -> #VALUE! | P70: =SUM(P$8:P$12)/P$32*100000 -> #VALUE!
A71: NG, BL, BBL, PBL | B71: =SUM(B$8:B$11)/B$32*100000 -> #VALUE! | C71: =SUM(C$8:C$11)/C$32*100000 -> #VALUE! | D71: =SUM(D$8:D$11)/D$32*100000 -> #VALUE! | E71: =SUM(E$8:E$11)/E$32*100000 -> #VALUE! | F71: =SUM(F$8:F$11)/F$32*100000 -> #VALUE! | G71: =SUM(G$8:G$11)/G$32*100000 -> #VALUE! | H71: =SUM(H$8:H$11)/H$32*100000 -> #VALUE! | I71: =SUM(I$8:I$11)/I$32*100000 -> #VALUE! | K71: NG, BL, BBL, PBL | L71: =SUM(L$8:L$11)/L$32*100000 -> #VALUE! | M71: =SUM(M$8:M$11)/M$32*100000 -> #VALUE! | N71: =SUM(N$8:N$11)/N$32*100000 -> #VALUE! | O71: =SUM(O$8:O$11)/O$32*100000 -> #VALUE! | P71: =SUM(P$8:P$11)/P$32*100000 -> #VALUE!
A72: BL, BBL, PBL | B72: =SUM(B$8:B$10)/B$32*100000 -> #VALUE! | C72: =SUM(C$8:C$10)/C$32*100000 -> #VALUE! | D72: =SUM(D$8:D$10)/D$32*100000 -> #VALUE! | E72: =SUM(E$8:E$10)/E$32*100000 -> #VALUE! | F72: =SUM(F$8:F$10)/F$32*100000 -> #VALUE! | G72: =SUM(G$8:G$10)/G$32*100000 -> #VALUE! | H72: =SUM(H$8:H$10)/H$32*100000 -> #VALUE! | I72: =SUM(I$8:I$10)/I$32*100000 -> #VALUE! | K72: BL, BBL, PBL | L72: =SUM(L$8:L$10)/L$32*100000 -> #VALUE! | M72: =SUM(M$8:M$10)/M$32*100000 -> #VALUE! | N72: =SUM(N$8:N$10)/N$32*100000 -> #VALUE! | O72: =SUM(O$8:O$10)/O$32*100000 -> #VALUE! | P72: =SUM(P$8:P$10)/P$32*100000 -> #VALUE!
A73: BBL, PBL | B73: =SUM(B$8:B$9)/B$32*100000 -> #VALUE! | C73: =SUM(C$8:C$9)/C$32*100000 -> #VALUE! | D73: =SUM(D$8:D$9)/D$32*100000 -> #VALUE! | E73: =SUM(E$8:E$9)/E$32*100000 -> #VALUE! | F73: =SUM(F$8:F$9)/F$32*100000 -> #VALUE! | G73: =SUM(G$8:G$9)/G$32*100000 -> #VALUE! | H73: =SUM(H$8:H$9)/H$32*100000 -> #VALUE! | I73: =SUM(I$8:I$9)/I$32*100000 -> #VALUE! | K73: BBL, PBL | L73: =SUM(L$8:L$9)/L$32*100000 -> #VALUE! | M73: =SUM(M$8:M$9)/M$32*100000 -> #VALUE! | N73: =SUM(N$8:N$9)/N$32*100000 -> #VALUE! | O73: =SUM(O$8:O$9)/O$32*100000 -> #VALUE! | P73: =SUM(P$8:P$9)/P$32*100000 -> #VALUE!
A74: PBL | B74: =SUM(B$8:B$8)/B$32*100000 -> #VALUE! | C74: =SUM(C$8:C$8)/C$32*100000 -> #VALUE! | D74: =SUM(D$8:D$8)/D$32*100000 -> #VALUE! | E74: =SUM(E$8:E$8)/E$32*100000 -> #VALUE! | F74: =SUM(F$8:F$8)/F$32*100000 -> #VALUE! | G74: =SUM(G$8:G$8)/G$32*100000 -> #VALUE! | H74: =SUM(H$8:H$8)/H$32*100000 -> #VALUE! | I74: =SUM(I$8:I$8)/I$32*100000 -> #VALUE! | K74: PBL | L74: =SUM(L$8:L$8)/L$32*100000 -> #VALUE! | M74: =SUM(M$8:M$8)/M$32*100000 -> #VALUE! | N74: =SUM(N$8:N$8)/N$32*100000 -> #VALUE! | O74: =SUM(O$8:O$8)/O$32*100000 -> #VALUE! | P74: =SUM(P$8:P$8)/P$32*100000 -> #VALUE!
A77: Facilities per Square Mile | K77: Facilities per Square Mile
A78: All | B78: =SUM(B$8:B$12)/B$30 -> 3.2166821 | C78: =SUM(C$8:C$12)/C$30 -> 1.2480676 | D78: =SUM(D$8:D$12)/D$30 -> 2.2261975 | E78: =SUM(E$8:E$12)/E$30 -> 1.5990697 | F78: =SUM(F$8:F$12)/F$30 -> 0.64622583 | G78: =SUM(G$8:G$12)/G$30 -> 0.93221898 | H78: =SUM(H$8:H$12)/H$30 -> 3.7091213 | I78: =SUM(I$8:I$12)/I$30 -> 1.5895375 | K78: All | L78: =SUM(L$8:L$12)/L$30 -> 1.8074402 | M78: =SUM(M$8:M$12)/M$30 -> 2.2261975 | N78: =SUM(N$8:N$12)/N$30 -> 0.99347685 | O78: =SUM(O$8:O$12)/O$30 -> 3.7091213 | P78: =SUM(P$8:P$12)/P$30 -> 1.5895375
A79: NG, BL, BBL, PBL | B79: =SUM(B$8:B$11)/B$30 -> 2.62012 | C79: =SUM(C$8:C$11)/C$30 -> 1.0758995 | D79: =SUM(D$8:D$11)/D$30 -> 2.0688554 | E79: =SUM(E$8:E$11)/E$30 -> 1.3958791 | F79: =SUM(F$8:F$11)/F$30 -> 0.48531597 | G79: =SUM(G$8:G$11)/G$30 -> 0.76926051 | H79: =SUM(H$8:H$11)/H$30 -> 3.4362507 | I79: =SUM(I$8:I$11)/I$30 -> 1.3730851 | K79: NG, BL, BBL, PBL | L79: =SUM(L$8:L$11)/L$30 -> 1.5146825 | M79: =SUM(M$8:M$11)/M$30 -> 2.0688554 | N79: =SUM(N$8:N$11)/N$30 -> 0.82157722 | O79: =SUM(O$8:O$11)/O$30 -> 3.4362507 | P79: =SUM(P$8:P$11)/P$30 -> 1.3730851
A80: BL, BBL, PBL | B80: =SUM(B$8:B$10)/B$30 -> 1.9370344 | C80: =SUM(C$8:C$10)/C$30 -> 0.91020709 | D80: =SUM(D$8:D$10)/D$30 -> 1.6716638 | E80: =SUM(E$8:E$10)/E$30 -> 1.3958791 | F80: =SUM(F$8:F$10)/F$30 -> 0.48531597 | G80: =SUM(G$8:G$10)/G$30 -> 0.69616651 | H80: =SUM(H$8:H$10)/H$30 -> 3.2665709 | I80: =SUM(I$8:I$10)/I$30 -> 1.2089146 | K80: BL, BBL, PBL | L80: =SUM(L$8:L$10)/L$30 -> 1.2019753 | M80: =SUM(M$8:M$10)/M$30 -> 1.6716638 | N80: =SUM(N$8:N$10)/N$30 -> 0.79122589 | O80: =SUM(O$8:O$10)/O$30 -> 3.2665709 | P80: =SUM(P$8:P$10)/P$30 -> 1.2089146
A81: BBL, PBL | B81: =SUM(B$8:B$9)/B$30 -> 0.50659785 | C81: =SUM(C$8:C$9)/C$30 -> 0.41388069 | D81: =SUM(D$8:D$9)/D$30 -> 1.0192177 | E81: =SUM(E$8:E$9)/E$30 -> 0.92774929 | F81: =SUM(F$8:F$9)/F$30 -> 0.30650018 | G81: =SUM(G$8:G$9)/G$30 -> 0.41108231 | H81: =SUM(H$8:H$9)/H$30 -> 2.1400911 | I81: =SUM(I$8:I$9)/I$30 -> 0.66722546 | K81: BBL, PBL | L81: =SUM(L$8:L$9)/L$30 -> 0.44022584 | M81: =SUM(M$8:M$9)/M$30 -> 1.0192177 | N81: =SUM(N$8:N$9)/N$30 -> 0.49890477 | O81: =SUM(O$8:O$9)/O$30 -> 2.1400911 | P81: =SUM(P$8:P$9)/P$30 -> 0.66722546
A82: PBL | B82: =SUM(B$8:B$8)/B$30 -> 0.10950841 | C82: =SUM(C$8:C$8)/C$30 -> 0.057542603 | D82: =SUM(D$8:D$8)/D$30 -> 0.41198641 | E82: =SUM(E$8:E$8)/E$30 -> 0.10079722 | F82: =SUM(F$8:F$8)/F$30 -> 0.020899075 | G82: =SUM(G$8:G$8)/G$30 -> 0.099297442 | H82: =SUM(H$8:H$8)/H$30 -> 0.81563488 | I82: =SUM(I$8:I$8)/I$30 -> 0.16675374 | K82: PBL | L82: =SUM(L$8:L$8)/L$30 -> 0.072308444 | M82: =SUM(M$8:M$8)/M$30 -> 0.41198641 | N82: =SUM(N$8:N$8)/N$30 -> 0.072612897 | O82: =SUM(O$8:O$8)/O$30 -> 0.81563488 | P82: =SUM(P$8:P$8)/P$30 -> 0.16675374
A85: Total Population within 1/2 Mile of Bike Facility | K85: Total Population within 1/2 Mile of Bike Facility
A86: All Bike Facilities | B86: =SUMIFS(Geographies!$U$6:$U$809,Geographies!$J$6:$J$809,B$5) -> #VALUE! | C86: =SUMIFS(Geographies!$U$6:$U$809,Geographies!$J$6:$J$809,C$5) -> #VALUE! | D86: =SUMIFS(Geographies!$U$6:$U$809,Geographies!$J$6:$J$809,D$5) -> #VALUE! | E86: =SUMIFS(Geographies!$U$6:$U$809,Geographies!$J$6:$J$809,E$5) -> #VALUE! | F86: =SUMIFS(Geographies!$U$6:$U$809,Geographies!$J$6:$J$809,F$5) -> #VALUE! | G86: =SUMIFS(Geographies!$U$6:$U$809,Geographies!$J$6:$J$809,G$5) -> #VALUE! | H86: =SUMIFS(Geographies!$U$6:$U$809,Geographies!$J$6:$J$809,H$5) -> #VALUE! | I86: =SUM(B86:H86) -> #VALUE! | K86: All Bike Facilities | L86: =SUM(B86:C86) -> #VALUE! | M86: =D86 -> #VALUE! | N86: =SUM(E86:G86) -> #VALUE! | O86: =H86 -> #VALUE! | P86: =SUM(L86:O86) -> #VALUE!
A87: All Greater than MSL | B87: =SUMIFS(Geographies!$W$6:$W$809,Geographies!$J$6:$J$809,B$5) -> #VALUE! | C87: =SUMIFS(Geographies!$W$6:$W$809,Geographies!$J$6:$J$809,C$5) -> #VALUE! | D87: =SUMIFS(Geographies!$W$6:$W$809,Geographies!$J$6:$J$809,D$5) -> #VALUE! | E87: =SUMIFS(Geographies!$W$6:$W$809,Geographies!$J$6:$J$809,E$5) -> #VALUE! | F87: =SUMIFS(Geographies!$W$6:$W$809,Geographies!$J$6:$J$809,F$5) -> #VALUE! | G87: =SUMIFS(Geographies!$W$6:$W$809,Geographies!$J$6:$J$809,G$5) -> #VALUE! | H87: =SUMIFS(Geographies!$W$6:$W$809,Geographies!$J$6:$J$809,H$5) -> #VALUE! | I87: =SUM(B87:H87) -> #VALUE! | K87: All Greater than MSL | L87: =SUM(B87:C87) -> #VALUE! | M87: =D87 -> #VALUE! | N87: =SUM(E87:G87) -> #VALUE! | O87: =H87 -> #VALUE! | P87: =SUM(L87:O87) -> #VALUE!
A90: % of Population within 1/2 Mile of Bike Facility | K90: % of Population within 1/2 Mile of Bike Facility
A91: All Bike Facilities | B91: =B86/B$32 -> #VALUE! | C91: =C86/C$32 -> #VALUE! | D91: =D86/D$32 -> #VALUE! | E91: =E86/E$32 -> #VALUE! | F91: =F86/F$32 -> #VALUE! | G91: =G86/G$32 -> #VALUE! | H91: =H86/H$32 -> #VALUE! | I91: =I86/I$32 -> #VALUE! | K91: All Bike Facilities | L91: =L86/L$32 -> #VALUE! | M91: =M86/M$32 -> #VALUE! | N91: =N86/N$32 -> #VALUE! | O91: =O86/O$32 -> #VALUE! | P91: =P86/P$32 -> #VALUE!
A92: All Greater than MSL | B92: =B87/B$32 -> #VALUE! | C92: =C87/C$32 -> #VALUE! | D92: =D87/D$32 -> #VALUE! | E92: =E87/E$32 -> #VALUE! | F92: =F87/F$32 -> #VALUE! | G92: =G87/G$32 -> #VALUE! | H92: =H87/H$32 -> #VALUE! | I92: =I87/I$32 -> #VALUE! | K92: All Greater than MSL | L92: =L87/L$32 -> #VALUE! | M92: =M87/M$32 -> #VALUE! | N92: =N87/N$32 -> #VALUE! | O92: =O87/O$32 -> #VALUE! | P92: =P87/P$32 -> #VALUE!
A96: Bikeways Distribution Analysis | F96: On-Street Bikeways Only
B97: North | C97: West | D97: South | E97: Central | F97: TOTAL
A98: Miles of facilities | B98: =L13 -> 129.41082 | C98: =M13 -> 48.50289 | D98: =N13 -> 117.43694 | E98: =O13 -> 71.723329 | F98: =P13 -> 367.07398
A99: Facility Miles per…
A100: 1,000 Bike Commuter | B100: =L54 -> #VALUE! | C100: =M54 -> #VALUE! | D100: =N54 -> #VALUE! | E100: =O54 -> #VALUE! | F100: =P54 -> #VALUE!
A101: 100,000 Population | B101: =L70 -> #VALUE! | C101: =M70 -> #VALUE! | D101: =N70 -> #VALUE! | E101: =O70 -> #VALUE! | F101: =P70 -> #VALUE!
A102: Square Mile | B102: =L78 -> 1.8074402 | C102: =M78 -> 2.2261975 | D102: =N78 -> 0.99347685 | E102: =O78 -> 3.7091213 | F102: =P78 -> 1.5895375
A103: % Population within 1/2 Mile of…
A104: All Bikeways and Trails | B104: =L91 -> #VALUE! | C104: =M91 -> #VALUE! | D104: =N91 -> #VALUE! | E104: =O91 -> #VALUE! | F104: =P91 -> #VALUE!
A105: Bikeways > MSL and Trails | B105: =L92 -> #VALUE! | C105: =M92 -> #VALUE! | D105: =N92 -> #VALUE! | E105: =O92 -> #VALUE! | F105: =P92 -> #VALUE!

Sheet Geographies
A1: Geographies
A2: for Equity Tracking
H3: Assign Community Area & Equity District | L3: 2020 ACS 5-Year B08301 | T3: Population within a 1/2 mile of
M4: B08301_001E | N4: B08301_002E | O4: B08301_010E | P4: B08301_016E | Q4: B08301_018E | R4: B08301_019E | T4: All Bikeways | V4: > MSL | X4: Low Stress | Z4: Low Stress & Trails
A5: CENSUS_TRACT | B5: CENSUS_TRACT_FULL | C5: TRACT_FIPS | D5: TRACT_CENSUS_YEAR | E5: Community Area | F5: SHAPE.AREA | G5: Sq Miles | H5: Area Name | I5: Group | J5: Region | K5: District | L5: Population | M5: Workers | N5: Automobile | O5: Transit | P5: Taxi | Q5: Bike | R5: Walk | S5: Other | T5: Sq Miles | U5: Population | V5: Sq Miles | W5: Population | X5: Sq Miles | Y5: Population | Z5: Sq Miles | AA5: Population
A6: 350400 | B6: 17031350400 | C6: 17031 | D6: 2010 | E6: 35 | F6: 2163073.4 | G6: 0.077589581 | H6: =_xlfn.IFNA( INDEX('Community Areas'!B$2:B$78,MATCH($E6,'Community Areas'!$A$2:$A$78,0)), "") -> DOUGLAS | I6: =_xlfn.IFNA( INDEX('Community Areas'!C$2:C$78,MATCH($E6,'Community Areas'!$A$2:$A$78,0)), "") -> 6-A | J6: =_xlfn.IFNA( INDEX('Community Areas'!D$2:D$78,MATCH($E6,'Community Areas'!$A$2:$A$78,0)), "") -> 6 | K6: =_xlfn.IFNA( INDEX('Community Areas'!E$2:E$78,MATCH($E6,'Community Areas'!$A$2:$A$78,0)), "") -> SOUTH | L6: =SUMIFS([1]ACSDT5Y2020.B08301_data_with_ov!AT$3:AT$1334,[1]ACSDT5Y2020.B08301_data_with_ov!$AS$3:$AS$1334,$B6) -> #VALUE! | M6: =SUMIFS([1]ACSDT5Y2020.B08301_data_with_ov!AU$3:AU$1334,[1]ACSDT5Y2020.B08301_data_with_ov!$AS$3:$AS$1334,$B6) -> #VALUE! | N6: =SUMIFS([1]ACSDT5Y2020.B08301_data_with_ov!AV$3:AV$1334,[1]ACSDT5Y2020.B08301_data_with_ov!$AS$3:$AS$1334,$B6) -> #VALUE! | O6: =SUMIFS([1]ACSDT5Y2020.B08301_data_with_ov!AW$3:AW$1334,[1]ACSDT5Y2020.B08301_data_with_ov!$AS$3:$AS$1334,$B6) -> #VALUE! | P6: =SUMIFS([1]ACSDT5Y2020.B08301_data_with_ov!AX$3:AX$1334,[1]ACSDT5Y2020.B08301_data_with_ov!$AS$3:$AS$1334,$B6) -> #VALUE! | Q6: =SUMIFS([1]ACSDT5Y2020.B08301_data_with_ov!AY$3:AY$1334,[1]ACSDT5Y2020.B08301_data_with_ov!$AS$3:$AS$1334,$B6) -> #VALUE! | R6: =SUMIFS([1]ACSDT5Y2020.B08301_data_with_ov!AZ$3:AZ$1334,[1]ACSDT5Y2020.B08301_data_with_ov!$AS$3:$AS$1334,$B6) -> #VALUE! | S6: =SUMIFS([1]ACSDT5Y2020.B08301_data_with_ov!BA$3:BA$1334,[1]ACSDT5Y2020.B08301_data_with_ov!$AS$3:$AS$1334,$B6) -> #VALUE! | T6: 0.07758958 | U6: =(T6/$G6)*$L6 -> #VALUE! | V6: 0.07758958 | W6: =(V6/$G6)*$L6 -> #VALUE! | X6: 0.07758958 | Y6: =(X6/$G6)*$L6 -> #VALUE! | Z6: 0.07758958 | AA6: =(Z6/$G6)*$L6 -> #VALUE!
A7: 839500 | B7: 17031839500 | C7: 17031 | D7: 2010 | E7: 35 | F7: 2825468.3 | G7: 0.10134973 | H7: =_xlfn.IFNA( INDEX('Community Areas'!B$2:B$78,MATCH($E7,'Community Areas'!$A$2:$A$78,0)), "") -> DOUGLAS | I7: =_xlfn.IFNA( INDEX('Community Areas'!C$2:C$78,MATCH($E7,'Community Areas'!$A$2:$A$78,0)), "") -> 6-A | J7: =_xlfn.IFNA( INDEX('Community Areas'!D$2:D$78,MATCH($E7,'Community Areas'!$A$2:$A$78,0)), "") -> 6 | K7: =_xlfn.IFNA( INDEX('Community Areas'!E$2:E$78,MATCH($E7,'Community Areas'!$A$2:$A$78,0)), "") -> SOUTH | L7: =SUMIFS([1]ACSDT5Y2020.B08301_data_with_ov!AT$3:AT$1334,[1]ACSDT5Y2020.B08301_data_with_ov!$AS$3:$AS$1334,$B7) -> #VALUE! | M7: =SUMIFS([1]ACSDT5Y2020.B08301_data_with_ov!AU$3:AU$1334,[1]ACSDT5Y2020.B08301_data_with_ov!$AS$3:$AS$1334,$B7) -> #VALUE! | N7: =SUMIFS([1]ACSDT5Y2020.B08301_data_with_ov!AV$3:AV$1334,[1]ACSDT5Y2020.B08301_data_with_ov!$AS$3:$AS$1334,$B7) -> #VALUE! | O7: =SUMIFS([1]ACSDT5Y2020.B08301_data_with_ov!AW$3:AW$1334,[1]ACSDT5Y2020.B08301_data_with_ov!$AS$3:$AS$1334,$B7) -> #VALUE! | P7: =SUMIFS([1]ACSDT5Y2020.B08301_data_with_ov!AX$3:AX$1334,[1]ACSDT5Y2020.B08301_data_with_ov!$AS$3:$AS$1334,$B7) -> #VALUE! | Q7: =SUMIFS([1]ACSDT5Y2020.B08301_data_with_ov!AY$3:AY$1334,[1]ACSDT5Y2020.B08301_data_with_ov!$AS$3:$AS$1334,$B7) -> #VALUE! | R7: =SUMIFS([1]ACSDT5Y2020.B08301_data_with_ov!AZ$3:AZ$1334,[1]ACSDT5Y2020.B08301_data_with_ov!$AS$3:$AS$1334,$B7) -> #VALUE! | S7: =SUMIFS([1]ACSDT5Y2020.B08301_data_with_ov!BA$3:BA$1334,[1]ACSDT5Y2020.B08301_data_with_ov!$AS$3:$AS$1334,$B7) -> #VALUE! | T7: 0.10134973 | U7: =(T7/$G7)*$L7 -> #VALUE! | V7: 0.10134973 | W7: =(V7/$G7)*$L7 -> #VALUE! | X7: 0.10134973 | Y7: =(X7/$G7)*$L7 -> #VALUE! | Z7: 0.10134973 | AA7: =(Z7/$G7)*$L7 -> #VALUE!
A8: 839600 | B8: 17031839600 | C8: 17031 | D8: 2010 | E8: 35 | F8: 3518755 | G8: 0.12621797 | H8: =_xlfn.IFNA( INDEX('Community Areas'!B$2:B$78,MATCH($E8,'Community Areas'!$A$2:$A$78,0)), "") -> DOUGLAS | I8: =_xlfn.IFNA( INDEX('Community Areas'!C$2:C$78,MATCH($E8,'Community Areas'!$A$2:$A$78,0)), "") -> 6-A | J8: =_xlfn.IFNA( INDEX('Community Areas'!D$2:D$78,MATCH($E8,'Community Areas'!$A$2:$A$78,0)), "") -> 6 | K8: =_xlfn.IFNA( INDEX('Community Areas'!E$2:E$78,MATCH($E8,'Community Areas'!$A$2:$A$78,0)), "") -> SOUTH | L8: =SUMIFS([1]ACSDT5Y2020.B08301_data_with_ov!AT$3:AT$1334,[1]ACSDT5Y2020.B08301_data_with_ov!$AS$3:$AS$1334,$B8) -> #VALUE! | M8: =SUMIFS([1]ACSDT5Y2020.B08301_data_with_ov!AU$3:AU$1334,[1]ACSDT5Y2020.B08301_data_with_ov!$AS$3:$AS$1334,$B8) -> #VALUE! | N8: =SUMIFS([1]ACSDT5Y2020.B08301_data_with_ov!AV$3:AV$1334,[1]ACSDT5Y2020.B08301_data_with_ov!$AS$3:$AS$1334,$B8) -> #VALUE! | O8: =SUMIFS([1]ACSDT5Y2020.B08301_data_with_ov!AW$3:AW$1334,[1]ACSDT5Y2020.B08301_data_with_ov!$AS$3:$AS$1334,$B8) -> #VALUE! | P8: =SUMIFS([1]ACSDT5Y2020.B08301_data_with_ov!AX$3:AX$1334,[1]ACSDT5Y2020.B08301_data_with_ov!$AS$3:$AS$1334,$B8) -> #VALUE! | Q8: =SUMIFS([1]ACSDT5Y2020.B08301_data_with_ov!AY$3:AY$1334,[1]ACSDT5Y2020.B08301_data_with_ov!$AS$3:$AS$1334,$B8) -> #VALUE! | R8: =SUMIFS([1]ACSDT5Y2020.B08301_data_with_ov!AZ$3:AZ$1334,[1]ACSDT5Y2020.B08301_data_with_ov!$AS$3:$AS$1334,$B8) -> #VALUE! | S8: =SUMIFS([1]ACSDT5Y2020.B08301_data_with_ov!BA$3:BA$1334,[1]ACSDT5Y2020.B08301_data_with_ov!$AS$3:$AS$1334,$B8) -> #VALUE! | T8: 0.12621797 | U8: =(T8/$G8)*$L8 -> #VALUE! | V8: 0.12621797 | W8: =(V8/$G8)*$L8 -> #VALUE! | X8: 0.12621797 | Y8: =(X8/$G8)*$L8 -> #VALUE! | Z8: 0.12621797 | AA8: =(Z8/$G8)*$L8 -> #VALUE!
A9: 842000 | B9: 17031842000 | C9: 17031 | D9: 2010 | E9: 35 | F9: 6328580.6 | G9: 0.22700659 | H9: =_xlfn.IFNA( INDEX('Community Areas'!B$2:B$78,MATCH($E9,'Community Areas'!$A$2:$A$78,0)), "") -> DOUGLAS | I9: =_xlfn.IFNA( INDEX('Community Areas'!C$2:C$78,MATCH($E9,'Community Areas'!$A$2:$A$78,0)), "") -> 6-A | J9: =_xlfn.IFNA( INDEX('Community Areas'!D$2:D$78,MATCH($E9,'Community Areas'!$A$2:$A$78,0)), "") -> 6 | K9: =_xlfn.IFNA( INDEX('Community Areas'!E$2:E$78,MATCH($E9,'Community Areas'!$A$2:$A$78,0)), "") -> SOUTH | L9: =SUMIFS([1]ACSDT5Y2020.B08301_data_with_ov!AT$3:AT$1334,[1]ACSDT5Y2020.B08301_data_with_ov!$AS$3:$AS$1334,$B9) -> #VALUE! | M9: =SUMIFS([1]ACSDT5Y2020.B08301_data_with_ov!AU$3:AU$1334,[1]ACSDT5Y2020.B08301_data_with_ov!$AS$3:$AS$1334,$B9) -> #VALUE! | N9: =SUMIFS([1]ACSDT5Y2020.B08301_data_with_ov!AV$3:AV$1334,[1]ACSDT5Y2020.B08301_data_with_ov!$AS$3:$AS$1334,$B9) -> #VALUE! | O9: =SUMIFS([1]ACSDT5Y2020.B08301_data_with_ov!AW$3:AW$1334,[1]ACSDT5Y2020.B08301_data_with_ov!$AS$3:$AS$1334,$B9) -> #VALUE! | P9: =SUMIFS([1]ACSDT5Y2020.B08301_data_with_ov!AX$3:AX$1334,[1]ACSDT5Y2020.B08301_data_with_ov!$AS$3:$AS$1334,$B9) -> #VALUE! | Q9: =SUMIFS([1]ACSDT5Y2020.B08301_data_with_ov!AY$3:AY$1334,[1]ACSDT5Y2020.B08301_data_with_ov!$AS$3:$AS$1334,$B9) -> #VALUE! | R9: =SUMIFS([1]ACSDT5Y2020.B08301_data_with_ov!AZ$3:AZ$1334,[1]ACSDT5Y2020.B08301_data_with_ov!$AS$3:$AS$1334,$B9) -> #VALUE! | S9: =SUMIFS([1]ACSDT5Y2020.B08301_data_with_ov!BA$3:BA$1334,[1]ACSDT5Y2020.B08301_data_with_ov!$AS$3:$AS$1334,$B9) -> #VALUE! | T9: 0.2270066 | U9: =(T9/$G9)*$L9 -> #VALUE! | V9: 0.2270066 | W9: =(V9/$G9)*$L9 -> #VALUE! | X9: 0.2270066 | Y9: =(X9/$G9)*$L9 -> #VALUE! | Z9: 0.2270066 | AA9: =(Z9/$G9)*$L9 -> #VALUE!
A10: 839200 | B10: 17031839200 | C10: 17031 | D10: 2010 | E10: 35 | F10: 7006617.4 | G10: 0.25132782 | H10: =_xlfn.IFNA( INDEX('Community Areas'!B$2:B$78,MATCH($E10,'Community Areas'!$A$2:$A$78,0)), "") -> DOUGLAS | I10: =_xlfn.IFNA( INDEX('Community Areas'!C$2:C$78,MATCH($E10,'Community Areas'!$A$2:$A$78,0)), "") -> 6-A | J10: =_xlfn.IFNA( INDEX('Community Areas'!D$2:D$78,MATCH($E10,'Community Areas'!$A$2:$A$78,0)), "") -> 6 | K10: =_xlfn.IFNA( INDEX('Community Areas'!E$2:E$78,MATCH($E10,'Community Areas'!$A$2:$A$78,0)), "") -> SOUTH | L10: =SUMIFS([1]ACSDT5Y2020.B08301_data_with_ov!AT$3:AT$1334,[1]ACSDT5Y2020.B08301_data_with_ov!$AS$3:$AS$1334,$B10) -> #VALUE! | M10: =SUMIFS([1]ACSDT5Y2020.B08301_data_with_ov!AU$3:AU$1334,[1]ACSDT5Y2020.B08301_data_with_ov!$AS$3:$AS$1334,$B10) -> #VALUE! | N10: =SUMIFS([1]ACSDT5Y2020.B08301_data_with_ov!AV$3:AV$1334,[1]ACSDT5Y2020.B08301_data_with_ov!$AS$3:$AS$1334,$B10) -> #VALUE! | O10: =SUMIFS([1]ACSDT5Y2020.B08301_data_with_ov!AW$3:AW$1334,[1]ACSDT5Y2020.B08301_data_with_ov!$AS$3:$AS$1334,$B10) -> #VALUE! | P10: =SUMIFS([1]ACSDT5Y2020.B08301_data_with_ov!AX$3:AX$1334,[1]ACSDT5Y2020.B08301_data_with_ov!$AS$3:$AS$1334,$B10) -> #VALUE! | Q10: =SUMIFS([1]ACSDT5Y2020.B08301_data_with_ov!AY$3:AY$1334,[1]ACSDT5Y2020.B08301_data_with_ov!$AS$3:$AS$1334,$B10) -> #VALUE! | R10: =SUMIFS([1]ACSDT5Y2020.B08301_data_with_ov!AZ$3:AZ$1334,[1]ACSDT5Y2020.B08301_data_with_ov!$AS$3:$AS$1334,$B10) -> #VALUE! | S10: =SUMIFS([1]ACSDT5Y2020.B08301_data_with_ov!BA$3:BA$1334,[1]ACSDT5Y2020.B08301_data_with_ov!$AS$3:$AS$1334,$B10) -> #VALUE! | T10: 0.25132782 | U10: =(T10/$G10)*$L10 -> #VALUE! | V10: 0.25132782 | W10: =(V10/$G10)*$L10 -> #VALUE! | X10: 0.25132782 | Y10: =(X10/$G10)*$L10 -> #VALUE! | Z10: 0.25132782 | AA10: =(Z10/$G10)*$L10 -> #VALUE!
A11: 351000 | B11: 17031351000 | C11: 17031 | D11: 2010 | E11: 35 | F11: 8900946.2 | G11: 0.31927751 | H11: =_xlfn.IFNA( INDEX('Community Areas'!B$2:B$78,MATCH($E11,'Community Areas'!$A$2:$A$78,0)), "") -> DOUGLAS | I11: =_xlfn.IFNA( INDEX('Community Areas'!C$2:C$78,MATCH($E11,'Community Areas'!$A$2:$A$78,0)), "") -> 6-A | J11: =_xlfn.IFNA( INDEX('Community Areas'!D$2:D$78,MATCH($E11,'Community Areas'!$A$2:$A$78,0)), "") -> 6 | K11: =_xlfn.IFNA( INDEX('Community Areas'!E$2:E$78,MATCH($E11,'Community Areas'!$A$2:$A$78,0)), "") -> SOUTH | L11: =SUMIFS([1]ACSDT5Y2020.B08301_data_with_ov!AT$3:AT$1334,[1]ACSDT5Y2020.B08301_data_with_ov!$AS$3:$AS$1334,$B11) -> #VALUE! | M11: =SUMIFS([1]ACSDT5Y2020.B08301_data_with_ov!AU$3:AU$1334,[1]ACSDT5Y2020.B08301_data_with_ov!$AS$3:$AS$1334,$B11) -> #VALUE! | N11: =SUMIFS([1]ACSDT5Y2020.B08301_data_with_ov!AV$3:AV$1334,[1]ACSDT5Y2020.B08301_data_with_ov!$AS$3:$AS$1334,$B11) -> #VALUE! | O11: =SUMIFS([1]ACSDT5Y2020.B08301_data_with_ov!AW$3:AW$1334,[1]ACSDT5Y2020.B08301_data_with_ov!$AS$3:$AS$1334,$B11) -> #VALUE! | P11: =SUMIFS([1]ACSDT5Y2020.B08301_data_with_ov!AX$3:AX$1334,[1]ACSDT5Y2020.B08301_data_with_ov!$AS$3:$AS$1334,$B11) -> #VALUE! | Q11: =SUMIFS([1]ACSDT5Y2020.B08301_data_with_ov!AY$3:AY$1334,[1]ACSDT5Y2020.B08301_data_with_ov!$AS$3:$AS$1334,$B11) -> #VALUE! | R11: =SUMIFS([1]ACSDT5Y2020.B08301_data_with_ov!AZ$3:AZ$1334,[1]ACSDT5Y2020.B08301_data_with_ov!$AS$3:$AS$1334,$B11) -> #VALUE! | S11: =SUMIFS([1]ACSDT5Y2020.B08301_data_with_ov!BA$3:BA$1334,[1]ACSDT5Y2020.B08301_data_with_ov!$AS$3:$AS$1334,$B11) -> #VALUE! | T11: 0.31927751 | U11: =(T11/$G11)*$L11 -> #VALUE! | V11: 0.31927751 | W11: =(V11/$G11)*$L11 -> #VALUE! | X11: 0.31927751 | Y11: =(X11/$G11)*$L11 -> #VALUE! | Z11: 0.31927751 | AA11: =(Z11/$G11)*$L11 -> #VALUE!
A12: 351500 | B12: 17031351500 | C12: 17031 | D12: 2010 | E12: 35 | F12: 1818880.8 | G12: 0.065243372 | H12: =_xlfn.IFNA( INDEX('Community Areas'!B$2:B$78,MATCH($E12,'Community Areas'!$A$2:$A$78,0)), "") -> DOUGLAS | I12: =_xlfn.IFNA( INDEX('Community Areas'!C$2:C$78,MATCH($E12,'Community Areas'!$A$2:$A$78,0)), "") -> 6-A | J12: =_xlfn.IFNA( INDEX('Community Areas'!D$2:D$78,MATCH($E12,'Community Areas'!$A$2:$A$78,0)), "") -> 6 | K12: =_xlfn.IFNA( INDEX('Community Areas'!E$2:E$78,MATCH($E12,'Community Areas'!$A$2:$A$78,0)), "") -> SOUTH | L12: =SUMIFS([1]ACSDT5Y2020.B08301_data_with_ov!AT$3:AT$1334,[1]ACSDT5Y2020.B08301_data_with_ov!$AS$3:$AS$1334,$B12) -> #VALUE! | M12: =SUMIFS([1]ACSDT5Y2020.B08301_data_with_ov!AU$3:AU$1334,[1]ACSDT5Y2020.B08301_data_with_ov!$AS$3:$AS$1334,$B12) -> #VALUE! | N12: =SUMIFS([1]ACSDT5Y2020.B08301_data_with_ov!AV$3:AV$1334,[1]ACSDT5Y2020.B08301_data_with_ov!$AS$3:$AS$1334,$B12) -> #VALUE! | O12: =SUMIFS([1]ACSDT5Y2020.B08301_data_with_ov!AW$3:AW$1334,[1]ACSDT5Y2020.B08301_data_with_ov!$AS$3:$AS$1334,$B12) -> #VALUE! | P12: =SUMIFS([1]ACSDT5Y2020.B08301_data_with_ov!AX$3:AX$1334,[1]ACSDT5Y2020.B08301_data_with_ov!$AS$3:$AS$1334,$B12) -> #VALUE! | Q12: =SUMIFS([1]ACSDT5Y2020.B08301_data_with_ov!AY$3:AY$1334,[1]ACSDT5Y2020.B08301_data_with_ov!$AS$3:$AS$1334,$B12) -> #VALUE! | R12: =SUMIFS([1]ACSDT5Y2020.B08301_data_with_ov!AZ$3:AZ$1334,[1]ACSDT5Y2020.B08301_data_with_ov!$AS$3:$AS$1334,$B12) -> #VALUE! | S12: =SUMIFS([1]ACSDT5Y2020.B08301_data_with_ov!BA$3:BA$1334,[1]ACSDT5Y2020.B08301_data_with_ov!$AS$3:$AS$1334,$B12) -> #VALUE! | T12: 0.065243373 | U12: =(T12/$G12)*$L12 -> #VALUE! | V12: 0.065208649 | W12: =(V12/$G12)*$L12 -> #VALUE! | X12: 0.065208649 | Y12: =(X12/$G12)*$L12 -> #VALUE! | Z12: 0.065208649 | AA12: =(Z12/$G12)*$L12 -> #VALUE!
A13: 351400 | B13: 17031351400 | C13: 17031 | D13: 2010 | E13: 35 | F13: 3483715.8 | G13: 0.12496111 | H13: =_xlfn.IFNA( INDEX('Community Areas'!B$2:B$78,MATCH($E13,'Community Areas'!$A$2:$A$78,0)), "") -> DOUGLAS | I13: =_xlfn.IFNA( INDEX('Community Areas'!C$2:C$78,MATCH($E13,'Community Areas'!$A$2:$A$78,0)), "") -> 6-A | J13: =_xlfn.IFNA( INDEX('Community Areas'!D$2:D$78,MATCH($E13,'Community Areas'!$A$2:$A$78,0)), "") -> 6 | K13: =_xlfn.IFNA( INDEX('Community Areas'!E$2:E$78,MATCH($E13,'Community Areas'!$A$2:$A$78,0)), "") -> SOUTH | L13: =SUMIFS([1]ACSDT5Y2020.B08301_data_with_ov!AT$3:AT$1334,[1]ACSDT5Y2020.B08301_data_with_ov!$AS$3:$AS$1334,$B13) -> #VALUE! | M13: =SUMIFS([1]ACSDT5Y2020.B08301_data_with_ov!AU$3:AU$1334,[1]ACSDT5Y2020.B08301_data_with_ov!$AS$3:$AS$1334,$B13) -> #VALUE! | N13: =SUMIFS([1]ACSDT5Y2020.B08301_data_with_ov!AV$3:AV$1334,[1]ACSDT5Y2020.B08301_data_with_ov!$AS$3:$AS$1334,$B13) -> #VALUE! | O13: =SUMIFS([1]ACSDT5Y2020.B08301_data_with_ov!AW$3:AW$1334,[1]ACSDT5Y2020.B08301_data_with_ov!$AS$3:$AS$1334,$B13) -> #VALUE! | P13: =SUMIFS([1]ACSDT5Y2020.B08301_data_with_ov!AX$3:AX$1334,[1]ACSDT5Y2020.B08301_data_with_ov!$AS$3:$AS$1334,$B13) -> #VALUE! | Q13: =SUMIFS([1]ACSDT5Y2020.B08301_data_with_ov!AY$3:AY$1334,[1]ACSDT5Y2020.B08301_data_with_ov!$AS$3:$AS$1334,$B13) -> #VALUE! | R13: =SUMIFS([1]ACSDT5Y2020.B08301_data_with_ov!AZ$3:AZ$1334,[1]ACSDT5Y2020.B08301_data_with_ov!$AS$3:$AS$1334,$B13) -> #VALUE! | S13: =SUMIFS([1]ACSDT5Y2020.B08301_data_with_ov!BA$3:BA$1334,[1]ACSDT5Y2020.B08301_data_with_ov!$AS$3:$AS$1334,$B13) -> #VALUE! | T13: 0.12496111 | U13: =(T13/$G13)*$L13 -> #VALUE! | V13: 0.12496111 | W13: =(V13/$G13)*$L13 -> #VALUE! | X13: 0.12496111 | Y13: =(X13/$G13)*$L13 -> #VALUE! | Z13: 0.12496111 | AA13: =(Z13/$G13)*$L13 -> #VALUE!
A14: 351100 | B14: 17031351100 | C14: 17031 | D14: 2010 | E14: 35 | F14: 3776863.6 | G14: 0.13547634 | H14: =_xlfn.IFNA( INDEX('Community Areas'!B$2:B$78,MATCH($E14,'Community Areas'!$A$2:$A$78,0)), "") -> DOUGLAS | I14: =_xlfn.IFNA( INDEX('Community Areas'!C$2:C$78,MATCH($E14,'Community Areas'!$A$2:$A$78,0)), "") -> 6-A | J14: =_xlfn.IFNA( INDEX('Community Areas'!D$2:D$78,MATCH($E14,'Community Areas'!$A$2:$A$78,0)), "") -> 6 | K14: =_xlfn.IFNA( INDEX('Community Areas'!E$2:E$78,MATCH($E14,'Community Areas'!$A$2:$A$78,0)), "") -> SOUTH | L14: =SUMIFS([1]ACSDT5Y2020.B08301_data_with_ov!AT$3:AT$1334,[1]ACSDT5Y2020.B08301_data_with_ov!$AS$3:$AS$1334,$B14) -> #VALUE! | M14: =SUMIFS([1]ACSDT5Y2020.B08301_data_with_ov!AU$3:AU$1334,[1]ACSDT5Y2020.B08301_data_with_ov!$AS$3:$AS$1334,$B14) -> #VALUE! | N14: =SUMIFS([1]ACSDT5Y2020.B08301_data_with_ov!AV$3:AV$1334,[1]ACSDT5Y2020.B08301_data_with_ov!$AS$3:$AS$1334,$B14) -> #VALUE! | O14: =SUMIFS([1]ACSDT5Y2020.B08301_data_with_ov!AW$3:AW$1334,[1]ACSDT5Y2020.B08301_data_with_ov!$AS$3:$AS$1334,$B14) -> #VALUE! | P14: =SUMIFS([1]ACSDT5Y2020.B08301_data_with_ov!AX$3:AX$1334,[1]ACSDT5Y2020.B08301_data_with_ov!$AS$3:$AS$1334,$B14) -> #VALUE! | Q14: =SUMIFS([1]ACSDT5Y2020.B08301_data_with_ov!AY$3:AY$1334,[1]ACSDT5Y2020.B08301_data_with_ov!$AS$3:$AS$1334,$B14) -> #VALUE! | R14: =SUMIFS([1]ACSDT5Y2020.B08301_data_with_ov!AZ$3:AZ$1334,[1]ACSDT5Y2020.B08301_data_with_ov!$AS$3:$AS$1334,$B14) -> #VALUE! | S14: =SUMIFS([1]ACSDT5Y2020.B08301_data_with_ov!BA$3:BA$1334,[1]ACSDT5Y2020.B08301_data_with_ov!$AS$3:$AS$1334,$B14) -> #VALUE! | T14: 0.13547634 | U14: =(T14/$G14)*$L14 -> #VALUE! | V14: 0.13547634 | W14: =(V14/$G14)*$L14 -> #VALUE! | X14: 0.13547634 | Y14: =(X14/$G14)*$L14 -> #VALUE! | Z14: 0.13547634 | AA14: =(Z14/$G14)*$L14 -> #VALUE!
A15: 836500 | B15: 17031836500 | C15: 17031 | D15: 2010 | E15: 36 | F15: 5521904.7 | G15: 0.19807108 | H15: =_xlfn.IFNA( INDEX('Community Areas'!B$2:B$78,MATCH($E15,'Community Areas'!$A$2:$A$78,0)), "") -> OAKLAND | I15: =_xlfn.IFNA( INDEX('Community Areas'!C$2:C$78,MATCH($E15,'Community Areas'!$A$2:$A$78,0)), "") -> 6-A | J15: =_xlfn.IFNA( INDEX('Community Areas'!D$2:D$78,MATCH($E15,'Community Areas'!$A$2:$A$78,0)), "") -> 6 | K15: =_xlfn.IFNA( INDEX('Community Areas'!E$2:E$78,MATCH($E15,'Community Areas'!$A$2:$A$78,0)), "") -> SOUTH | L15: =SUMIFS([1]ACSDT5Y2020.B08301_data_with_ov!AT$3:AT$1334,[1]ACSDT5Y2020.B08301_data_with_ov!$AS$3:$AS$1334,$B15) -> #VALUE! | M15: =SUMIFS([1]ACSDT5Y2020.B08301_data_with_ov!AU$3:AU$1334,[1]ACSDT5Y2020.B08301_data_with_ov!$AS$3:$AS$1334,$B15) -> #VALUE! | N15: =SUMIFS([1]ACSDT5Y2020.B08301_data_with_ov!AV$3:AV$1334,[1]ACSDT5Y2020.B08301_data_with_ov!$AS$3:$AS$1334,$B15) -> #VALUE! | O15: =SUMIFS([1]ACSDT5Y2020.B08301_data_with_ov!AW$3:AW$1334,[1]ACSDT5Y2020.B08301_data_with_ov!$AS$3:$AS$1334,$B15) -> #VALUE! | P15: =SUMIFS([1]ACSDT5Y2020.B08301_data_with_ov!AX$3:AX$1334,[1]ACSDT5Y2020.B08301_data_with_ov!$AS$3:$AS$1334,$B15) -> #VALUE! | Q15: =SUMIFS([1]ACSDT5Y2020.B08301_data_with_ov!AY$3:AY$1334,[1]ACSDT5Y2020.B08301_data_with_ov!$AS$3:$AS$1334,$B15) -> #VALUE! | R15: =SUMIFS([1]ACSDT5Y2020.B08301_data_with_ov!AZ$3:AZ$1334,[1]ACSDT5Y2020.B08301_data_with_ov!$AS$3:$AS$1334,$B15) -> #VALUE! | S15: =SUMIFS([1]ACSDT5Y2020.B08301_data_with_ov!BA$3:BA$1334,[1]ACSDT5Y2020.B08301_data_with_ov!$AS$3:$AS$1334,$B15) -> #VALUE! | T15: 0.19807109 | U15: =(T15/$G15)*$L15 -> #VALUE! | V15: 0.19807109 | W15: =(V15/$G15)*$L15 -> #VALUE! | X15: 0.19807109 | Y15: =(X15/$G15)*$L15 -> #VALUE! | Z15: 0.19807109 | AA15: =(Z15/$G15)*$L15 -> #VALUE!
A16: 360200 | B16: 17031360200 | C16: 17031 | D16: 2010 | E16: 36 | F16: 2514325.2 | G16: 0.090189008 | H16: =_xlfn.IFNA( INDEX('Community Areas'!B$2:B$78,MATCH($E16,'Community Areas'!$A$2:$A$78,0)), "") -> OAKLAND | I16: =_xlfn.IFNA( INDEX('Community Areas'!C$2:C$78,MATCH($E16,'Community Areas'!$A$2:$A$78,0)), "") -> 6-A | J16: =_xlfn.IFNA( INDEX('Community Areas'!D$2:D$78,MATCH($E16,'Community Areas'!$A$2:$A$78,0)), "") -> 6 | K16: =_xlfn.IFNA( INDEX('Community Areas'!E$2:E$78,MATCH($E16,'Community Areas'!$A$2:$A$78,0)), "") -> SOUTH | L16: =SUMIFS([1]ACSDT5Y2020.B08301_data_with_ov!AT$3:AT$1334,[1]ACSDT5Y2020.B08301_data_with_ov!$AS$3:$AS$1334,$B16) -> #VALUE! | M16: =SUMIFS([1]ACSDT5Y2020.B08301_data_with_ov!AU$3:AU$1334,[1]ACSDT5Y2020.B08301_data_with_ov!$AS$3:$AS$1334,$B16) -> #VALUE! | N16: =SUMIFS([1]ACSDT5Y2020.B08301_data_with_ov!AV$3:AV$1334,[1]ACSDT5Y2020.B08301_data_with_ov!$AS$3:$AS$1334,$B16) -> #VALUE! | O16: =SUMIFS([1]ACSDT5Y2020.B08301_data_with_ov!AW$3:AW$1334,[1]ACSDT5Y2020.B08301_data_with_ov!$AS$3:$AS$1334,$B16) -> #VALUE! | P16: =SUMIFS([1]ACSDT5Y2020.B08301_data_with_ov!AX$3:AX$1334,[1]ACSDT5Y2020.B08301_data_with_ov!$AS$3:$AS$1334,$B16) -> #VALUE! | Q16: =SUMIFS([1]ACSDT5Y2020.B08301_data_with_ov!AY$3:AY$1334,[1]ACSDT5Y2020.B08301_data_with_ov!$AS$3:$AS$1334,$B16) -> #VALUE! | R16: =SUMIFS([1]ACSDT5Y2020.B08301_data_with_ov!AZ$3:AZ$1334,[1]ACSDT5Y2020.B08301_data_with_ov!$AS$3:$AS$1334,$B16) -> #VALUE! | S16: =SUMIFS([1]ACSDT5Y2020.B08301_data_with_ov!BA$3:BA$1334,[1]ACSDT5Y2020.B08301_data_with_ov!$AS$3:$AS$1334,$B16) -> #VALUE! | T16: 0.090189003 | U16: =(T16/$G16)*$L16 -> #VALUE! | V16: 0.090189003 | W16: =(V16/$G16)*$L16 -> #VALUE! | X16: 0.090189003 | Y16: =(X16/$G16)*$L16 -> #VALUE! | Z16: 0.090189003 | AA16: =(Z16/$G16)*$L16 -> #VALUE!
A17: 836400 | B17: 17031836400 | C17: 17031 | D17: 2010 | E17: 36 | F17: 8877731.1 | G17: 0.31844478 | H17: =_xlfn.IFNA( INDEX('Community Areas'!B$2:B$78,MATCH($E17,'Community Areas'!$A$2:$A$78,0)), "") -> OAKLAND | I17: =_xlfn.IFNA( INDEX('Community Areas'!C$2:C$78,MATCH($E17,'Community Areas'!$A$2:$A$78,0)), "") -> 6-A | J17: =_xlfn.IFNA( INDEX('Community Areas'!D$2:D$78,MATCH($E17,'Community Areas'!$A$2:$A$78,0)), "") -> 6 | K17: =_xlfn.IFNA( INDEX('Community Areas'!E$2:E$78,MATCH($E17,'Community Areas'!$A$2:$A$78,0)), "") -> SOUTH | L17: =SUMIFS([1]ACSDT5Y2020.B08301_data_with_ov!AT$3:AT$1334,[1]ACSDT5Y2020.B08301_data_with_ov!$AS$3:$AS$1334,$B17) -> #VALUE! | M17: =SUMIFS([1]ACSDT5Y2020.B08301_data_with_ov!AU$3:AU$1334,[1]ACSDT5Y2020.B08301_data_with_ov!$AS$3:$AS$1334,$B17) -> #VALUE! | N17: =SUMIFS([1]ACSDT5Y2020.B08301_data_with_ov!AV$3:AV$1334,[1]ACSDT5Y2020.B08301_data_with_ov!$AS$3:$AS$1334,$B17) -> #VALUE! | O17: =SUMIFS([1]ACSDT5Y2020.B08301_data_with_ov!AW$3:AW$1334,[1]ACSDT5Y2020.B08301_data_with_ov!$AS$3:$AS$1334,$B17) -> #VALUE! | P17: =SUMIFS([1]ACSDT5Y2020.B08301_data_with_ov!AX$3:AX$1334,[1]ACSDT5Y2020.B08301_data_with_ov!$AS$3:$AS$1334,$B17) -> #VALUE! | Q17: =SUMIFS([1]ACSDT5Y2020.B08301_data_with_ov!AY$3:AY$1334,[1]ACSDT5Y2020.B08301_data_with_ov!$AS$3:$AS$1334,$B17) -> #VALUE! | R17: =SUMIFS([1]ACSDT5Y2020.B08301_data_with_ov!AZ$3:AZ$1334,[1]ACSDT5Y2020.B08301_data_with_ov!$AS$3:$AS$1334,$B17) -> #VALUE! | S17: =SUMIFS([1]ACSDT5Y2020.B08301_data_with_ov!BA$3:BA$1334,[1]ACSDT5Y2020.B08301_data_with_ov!$AS$3:$AS$1334,$B17) -> #VALUE! | T17: 0.31844478 | U17: =(T17/$G17)*$L17 -> #VALUE! | V17: 0.31844478 | W17: =(V17/$G17)*$L17 -> #VALUE! | X17: 0.31844478 | Y17: =(X17/$G17)*$L17 -> #VALUE! | Z17: 0.31844478 | AA17: =(Z17/$G17)*$L17 -> #VALUE!
... A809: 831000 | B809: 17031831000 | C809: 17031 | D809: 2010 | E809: 22 | F809: 3038813.9 | G809: 0.10900245 | H809: =_xlfn.IFNA( INDEX('Community Areas'!B$2:B$78,MATCH($E809,'Community Areas'!$A$2:$A$78,0)), "") -> LOGAN SQUARE | I809: =_xlfn.IFNA( INDEX('Community Areas'!C$2:C$78,MATCH($E809,'Community Areas'!$A$2:$A$78,0)), "") -> 2-B | J809: =_xlfn.IFNA( INDEX('Community Areas'!D$2:D$78,MATCH($E809,'Community Areas'!$A$2:$A$78,0)), "") -> 2 | K809: =_xlfn.IFNA( INDEX('Community Areas'!E$2:E$78,MATCH($E809,'Community Areas'!$A$2:$A$78,0)), "") -> NORTHWEST | L809: =SUMIFS([1]ACSDT5Y2020.B08301_data_with_ov!AT$3:AT$1334,[1]ACSDT5Y2020.B08301_data_with_ov!$AS$3:$AS$1334,$B809) -> #VALUE! | M809: =SUMIFS([1]ACSDT5Y2020.B08301_data_with_ov!AU$3:AU$1334,[1]ACSDT5Y2020.B08301_data_with_ov!$AS$3:$AS$1334,$B809) -> #VALUE! | N809: =SUMIFS([1]ACSDT5Y2020.B08301_data_with_ov!AV$3:AV$1334,[1]ACSDT5Y2020.B08301_data_with_ov!$AS$3:$AS$1334,$B809) -> #VALUE! | O809: =SUMIFS([1]ACSDT5Y2020.B08301_data_with_ov!AW$3:AW$1334,[1]ACSDT5Y2020.B08301_data_with_ov!$AS$3:$AS$1334,$B809) -> #VALUE! | P809: =SUMIFS([1]ACSDT5Y2020.B08301_data_with_ov!AX$3:AX$1334,[1]ACSDT5Y2020.B08301_data_with_ov!$AS$3:$AS$1334,$B809) -> #VALUE! | Q809: =SUMIFS([1]ACSDT5Y2020.B08301_data_with_ov!AY$3:AY$1334,[1]ACSDT5Y2020.B08301_data_with_ov!$AS$3:$AS$1334,$B809) -> #VALUE! | R809: =SUMIFS([1]ACSDT5Y2020.B08301_data_with_ov!AZ$3:AZ$1334,[1]ACSDT5Y2020.B08301_data_with_ov!$AS$3:$AS$1334,$B809) -> #VALUE! | S809: =SUMIFS([1]ACSDT5Y2020.B08301_data_with_ov!BA$3:BA$1334,[1]ACSDT5Y2020.B08301_data_with_ov!$AS$3:$AS$1334,$B809) -> #VALUE! | T809: 0.10900245 | U809: =(T809/$G809)*$L809 -> #VALUE! | V809: 0.10900245 | W809: =(V809/$G809)*$L809 -> #VALUE! | X809: 0.10900245 | Y809: =(X809/$G809)*$L809 -> #VALUE! | Z809: 0.10900245 | AA809: =(Z809/$G809)*$L809 -> #VALUE!
A811: Reference formulas - Use these when updating values / linking to source data | G811: =F811/(5280*5280) -> 0 | H811: =_xlfn.IFNA( INDEX('Community Areas'!B$2:B$78,MATCH($E811,'Community Areas'!$A$2:$A$78,0)), "") | I811: =_xlfn.IFNA( INDEX('Community Areas'!C$2:C$78,MATCH($E811,'Community Areas'!$A$2:$A$78,0)), "") | J811: =_xlfn.IFNA( INDEX('Community Areas'!D$2:D$78,MATCH($E811,'Community Areas'!$A$2:$A$78,0)), "") | K811: =_xlfn.IFNA( INDEX('Community Areas'!E$2:E$78,MATCH($E811,'Community Areas'!$A$2:$A$78,0)), "") | L811: =_xlfn.IFNA( INDEX([2]ACS_16_5YR_B01003_with_ann!$D$3:$D$1321,MATCH($B811,[2]ACS_16_5YR_B01003_with_ann!$B$3:$B$1321,0)), 0) -> 0 | M811: =_xlfn.IFNA( INDEX([3]ACS_16_5YR_B08301_with_ann!$D$3:$AS$1321,MATCH($B811,[3]ACS_16_5YR_B08301_with_ann!$B$3:$B$1321,0),MATCH(M$4,[3]ACS_16_5YR_B08301_with_ann!$D$1:$AS$1,0)), 0) -> 0 | N811: =_xlfn.IFNA( INDEX([3]ACS_16_5YR_B08301_with_ann!$D$3:$AS$1321,MATCH($B811,[3]ACS_16_5YR_B08301_with_ann!$B$3:$B$1321,0),MATCH(N$4,[3]ACS_16_5YR_B08301_with_ann!$D$1:$AS$1,0)), 0) -> 0 | O811: =_xlfn.IFNA( INDEX([3]ACS_16_5YR_B08301_with_ann!$D$3:$AS$1321,MATCH($B811,[3]ACS_16_5YR_B08301_with_ann!$B$3:$B$1321,0),MATCH(O$4,[3]ACS_16_5YR_B08301_with_ann!$D$1:$AS$1,0)), 0) -> 0 | P811: =_xlfn.IFNA( INDEX([3]ACS_16_5YR_B08301_with_ann!$D$3:$AS$1321,MATCH($B811,[3]ACS_16_5YR_B08301_with_ann!$B$3:$B$1321,0),MATCH(P$4,[3]ACS_16_5YR_B08301_with_ann!$D$1:$AS$1,0)), 0) -> 0 | Q811: =_xlfn.IFNA( INDEX([3]ACS_16_5YR_B08301_with_ann!$D$3:$AS$1321,MATCH($B811,[3]ACS_16_5YR_B08301_with_ann!$B$3:$B$1321,0),MATCH(Q$4,[3]ACS_16_5YR_B08301_with_ann!$D$1:$AS$1,0)), 0) -> 0 | R811: =_xlfn.IFNA( INDEX([3]ACS_16_5YR_B08301_with_ann!$D$3:$AS$1321,MATCH($B811,[3]ACS_16_5YR_B08301_with_ann!$B$3:$B$1321,0),MATCH(R$4,[3]ACS_16_5YR_B08301_with_ann!$D$1:$AS$1,0)), 0) -> 0 | S811: =M811-SUM(N811:R811) -> 0
L813: =SUM(L6:L809) -> #VALUE! | M813: =SUM(M6:M809) -> #VALUE! | N813: =SUM(N6:N809) -> #VALUE! | O813: =SUM(O6:O809) -> #VALUE! | P813: =SUM(P6:P809) -> #VALUE! | Q813: =SUM(Q6:Q809) -> #VALUE! | R813: =SUM(R6:R809) -> #VALUE! | S813: =SUM(S6:S809) -> #VALUE!
L814: 2739477 | M814: 1276010 | N814: 740643 | O814: 352515 | P814: 7540 | Q814: 20614 | R814: 84786 | S814: 69912

Sheet Community Areas
A1: AREA_NUMBER | B1: COMMUNITY | C1: COM_GROUP | D1: PLAN_DIST | E1: PLAN_REGIO
A2: 59 | B2: MCKINLEY PARK | C2: 4-A | D2: 4 | E2: SOUTHWEST
A3: 60 | B3: BRIDGEPORT | C3: 4-A | D3: 4 | E3: SOUTHWEST
A4: 61 | B4: NEW CITY | C4: 4-A | D4: 4 | E4: SOUTHWEST
A5: 67 | B5: WEST ENGLEWOOD | C5: 4-A | D5: 4 | E5: SOUTHWEST
A6: 68 | B6: ENGLEWOOD | C6: 4-A | D6: 4 | E6: SOUTHWEST
A7: 56 | B7: GARFIELD RIDGE | C7: 4-B | D7: 4 | E7: SOUTHWEST
A8: 57 | B8: ARCHER HEIGHTS | C8: 4-B | D8: 4 | E8: SOUTHWEST
A9: 58 | B9: BRIGHTON PARK | C9: 4-B | D9: 4 | E9: SOUTHWEST
A10: 62 | B10: WEST ELSDON | C10: 4-B | D10: 4 | E10: SOUTHWEST
A11: 63 | B11: GAGE PARK | C11: 4-B | D11: 4 | E11: SOUTHWEST
A12: 66 | B12: CHICAGO LAWN | C12: 4-B | D12: 4 | E12: SOUTHWEST
A13: 64 | B13: CLEARING | C13: 4-C | D13: 4 | E13: SOUTHWEST
... A75: 48 | B75: CALUMET HEIGHTS | C75: 6-C | D75: 6 | E75: SOUTH
A76: 33 | B76: NEAR SOUTH SIDE | C76: 7 | D76: 7 | E76: CENTRAL
A77: 8 | B77: NEAR NORTH SIDE | C77: 7 | D77: 7 | E77: CENTRAL
A78: 32 | B78: LOOP | C78: 7 | D78: 7 | E78: CENTRAL
