Workbook
Name Date_End: Dashboard!$A$6
Name Date_Start: Dashboard!$A$5
Name R_Bike_Install_BBL: _xlfn.ANCHORARRAY(R_Dashboard!$B$41)
Name R_Bike_Install_BL: _xlfn.ANCHORARRAY(R_Dashboard!$B$42)
Name R_Bike_Install_LS: _xlfn.ANCHORARRAY(R_Dashboard!$B$60)
Name R_Bike_Install_LS_Per: _xlfn.ANCHORARRAY(R_Dashboard!$B$63)
Name R_Bike_Install_NG: _xlfn.ANCHORARRAY(R_Dashboard!$B$43)
Name R_Bike_Install_Off_T: _xlfn.ANCHORARRAY(R_Dashboard!$B$49)
Name R_Bike_Install_On_T: _xlfn.ANCHORARRAY(R_Dashboard!$B$45)
Name R_Bike_Install_Other: _xlfn.ANCHORARRAY(R_Dashboard!$B$57)
Name R_Bike_Install_Path: _xlfn.ANCHORARRAY(R_Dashboard!$B$47)
Name R_Bike_Install_PBL: _xlfn.ANCHORARRAY(R_Dashboard!$B$40)
Name R_Bike_Install_PBLA: _xlfn.ANCHORARRAY(R_Dashboard!$B$54)
Name R_Bike_Install_PBLC: _xlfn.ANCHORARRAY(R_Dashboard!$B$39)
Name R_Bike_Install_SL: _xlfn.ANCHORARRAY(R_Dashboard!$B$44)
Name R_Bike_Install_T: _xlfn.ANCHORARRAY(R_Dashboard!$B$51)
Name R_Bike_Install_Trail: _xlfn.ANCHORARRAY(R_Dashboard!$B$48)
Name R_Bike_Net_BBL: _xlfn.ANCHORARRAY(R_Dashboard!$B$12)
Name R_Bike_Net_BL: _xlfn.ANCHORARRAY(R_Dashboard!$B$13)
Name R_Bike_Net_Growth: _xlfn.ANCHORARRAY(R_Dashboard!$B$24)
Name R_Bike_Net_LS: _xlfn.ANCHORARRAY(R_Dashboard!$B$32)
Name R_Bike_Net_LS_Per: _xlfn.ANCHORARRAY(R_Dashboard!$B$35)
Name R_Bike_Net_NG: _xlfn.ANCHORARRAY(R_Dashboard!$B$14)
Name R_Bike_Net_Off_T: _xlfn.ANCHORARRAY(R_Dashboard!$B$20)
Name R_Bike_Net_On_T: _xlfn.ANCHORARRAY(R_Dashboard!$B$16)
Name R_Bike_Net_Other: _xlfn.ANCHORARRAY(R_Dashboard!$B$29)
Name R_Bike_Net_Path: _xlfn.ANCHORARRAY(R_Dashboard!$B$18)
Name R_Bike_Net_PBL: _xlfn.ANCHORARRAY(R_Dashboard!$B$11)
Name R_Bike_Net_SL: _xlfn.ANCHORARRAY(R_Dashboard!$B$15)
Name R_Bike_Net_T: _xlfn.ANCHORARRAY(R_Dashboard!$B$22)
Name R_Bike_Net_Trail: _xlfn.ANCHORARRAY(R_Dashboard!$B$19)
Name R_Date: _xlfn.ANCHORARRAY(R_Dashboard!$B$8)

Sheet Dashboard
A1: CDOT Complete Streets
A2: Program Dashboard
A5: 2010 | B5: Start | AA5: <--- Start year of charts
A6: 2025 | B6: End | C6: Emanuel 1 | G6: Emanuel 2 | K6: Lightfoot 1 | O6: Johnson 1 | AA6: <--- End year of charts
A8: Facility | B8: 2010 | C8: 2011 | D8: 2012 | E8: 2013 | F8: 2014 | G8: 2015 | H8: 2016 | I8: 2017 | J8: 2018 | K8: 2019 | L8: 2020 | M8: 2021 | N8: 2022 | O8: 2023 | P8: 2024 | Q8: 2025 | S8: Since 2018
A9: Bikeways
A10: Bikeway Network | Z10: Centerline Miles
A11: Protected Bike Lane | C11: 2 | D11: 11.4 | E11: 15.5 | F11: 18.5 | G11: 21.35 | H11: 22.55 | I11: 22.5 | J11: 23.45068 | K11: 24.3 | L11: 26.7 | M11: 35.220585 | N11: 37.56 | O11: 47.2 | P11: 57.3 | Q11: 68.7 | S11: =Q11-I11 -> 46.2
A12: Buffered Bike Lane | C12: 1 | D12: 18.65 | E12: 33.5 | F12: 67 | G12: 87 | H12: 88.8 | I12: 95.1 | J12: 105.88543 | K12: 107.5 | L12: 110.5 | M12: 113.96737 | N12: 115.57 | O12: 110.1 | P12: 107.8 | Q12: 106.5 | S12: =Q12-I12 -> 11.4
A13: Bike Lane | B13: 116 | C13: 133 | D13: 134.2 | E13: 117.5 | F13: 99 | G13: 88.5 | H13: 85.6 | I13: 82.7 | J13: 83.228266 | K13: 88 | L13: 103.3 | M13: 113.05001 | N13: 126.1 | O13: 130.4 | P13: 136.95 | Q13: 138.5 | S13: =Q13-I13 -> 55.8
A14: Neighborhood | E14: 1 | F14: 1.5 | G14: 1.5 | H14: 2.1 | I14: 3.2 | J14: 11.448655 | K14: 14.4 | L14: 17.4 | M14: 26.850629 | N14: 39.17 | O14: 57.2 | P14: 71.95 | Q14: 85.2 | S14: =Q14-I14 -> 82
A15: Shared Lane | B15: 30 | C15: 39 | D15: 39.85 | E15: 40 | F15: 41.5 | G15: 45.7 | H15: 45.7 | I15: 45.4 | J15: 45.474801 | K15: 44.4 | L15: 44.9 | M15: 52.026725 | N15: 49.74 | O15: 48.3 | P15: 47.6 | Q15: 46.98 | S15: =Q15-I15 -> 1.58
A16: TOTAL ON-STREET | B16: =IF(ISBLANK(B$8),"",SUM(B11:B15)) -> 146 | C16: =IF(ISBLANK(C$8),"",SUM(C11:C15)) -> 175 | D16: =IF(ISBLANK(D$8),"",SUM(D11:D15)) -> 204.1 | E16: =IF(ISBLANK(E$8),"",SUM(E11:E15)) -> 207.5 | F16: =IF(ISBLANK(F$8),"",SUM(F11:F15)) -> 227.5 | G16: =IF(ISBLANK(G$8),"",SUM(G11:G15)) -> 244.05 | H16: =IF(ISBLANK(H$8),"",SUM(H11:H15)) -> 244.75 | I16: =IF(ISBLANK(I$8),"",SUM(I11:I15)) -> 248.9 | ... X16: =IF(ISBLANK(X$8),"",SUM(X11:X15))
A18: Access Path | P18: 5.8 | Q18: 5.8 | S18: =Q18-I18 -> 5.8
A19: Off-Street Trail | B19: 47.2 | C19: 47.2 | D19: 47.76 | E19: 47.76 | F19: 47.76 | G19: 51.53 | H19: 51.81 | I19: 54.62 | J19: 54.92 | K19: 54.92 | L19: 55.27 | M19: 55.27 | N19: 55.27 | O19: 55.3 | P19: 49.5 | Q19: 49.5 | S19: =Q19-I19 -> -5.12
A20: TOTAL OFF-STREET | B20: =IF(ISBLANK(B$8),"",SUM(B18:B19)) -> 47.2 | C20: =IF(ISBLANK(C$8),"",SUM(C18:C19)) -> 47.2 | D20: =IF(ISBLANK(D$8),"",SUM(D18:D19)) -> 47.76 | E20: =IF(ISBLANK(E$8),"",SUM(E18:E19)) -> 47.76 | F20: =IF(ISBLANK(F$8),"",SUM(F18:F19)) -> 47.76 | G20: =IF(ISBLANK(G$8),"",SUM(G18:G19)) -> 51.53 | H20: =IF(ISBLANK(H$8),"",SUM(H18:H19)) -> 51.81 | I20: =IF(ISBLANK(I$8),"",SUM(I18:I19)) -> 54.62 | ... X20: =IF(ISBLANK(X$8),"",SUM(X18:X19))
A22: TOTAL NETWORK | B22: =IF(ISBLANK(B$8),"",SUM(B16,B20)) -> 193.2 | C22: =IF(ISBLANK(C$8),"",SUM(C16,C20)) -> 222.2 | D22: =IF(ISBLANK(D$8),"",SUM(D16,D20)) -> 251.86 | E22: =IF(ISBLANK(E$8),"",SUM(E16,E20)) -> 255.26 | F22: =IF(ISBLANK(F$8),"",SUM(F16,F20)) -> 275.26 | G22: =IF(ISBLANK(G$8),"",SUM(G16,G20)) -> 295.58 | H22: =IF(ISBLANK(H$8),"",SUM(H16,H20)) -> 296.56 | I22: =IF(ISBLANK(I$8),"",SUM(I16,I20)) -> 303.52 | ... X22: =IF(ISBLANK(X$8),"",SUM(X16,X20))
A24: Network Growth (from Prev Year) | C24: =IF(ISBLANK(C$8),"",C22-B22) -> 29 | D24: =IF(ISBLANK(D$8),"",D22-C22) -> 29.66 | E24: =IF(ISBLANK(E$8),"",E22-D22) -> 3.4 | F24: =IF(ISBLANK(F$8),"",F22-E22) -> 20 | G24: =IF(ISBLANK(G$8),"",G22-F22) -> 20.32 | H24: =IF(ISBLANK(H$8),"",H22-G22) -> 0.98 | I24: =IF(ISBLANK(I$8),"",I22-H22) -> 6.96 | J24: =IF(ISBLANK(J$8),"",J22-I22) -> 20.887835 | ... X24: =IF(ISBLANK(X$8),"",X22-W22)
A26: Protected Bike Lanes | B26: =IF(ISBLANK(B$8),"",B11) -> 0 | C26: =IF(ISBLANK(C$8),"",C11) -> 2 | D26: =IF(ISBLANK(D$8),"",D11) -> 11.4 | E26: =IF(ISBLANK(E$8),"",E11) -> 15.5 | F26: =IF(ISBLANK(F$8),"",F11) -> 18.5 | G26: =IF(ISBLANK(G$8),"",G11) -> 21.35 | H26: =IF(ISBLANK(H$8),"",H11) -> 22.55 | I26: =IF(ISBLANK(I$8),"",I11) -> 22.5 | ... X26: =IF(ISBLANK(X$8),"",X11)
A27: Neighborhood Greenways | B27: =IF(ISBLANK(B$8),"",B14) -> 0 | C27: =IF(ISBLANK(C$8),"",C14) -> 0 | D27: =IF(ISBLANK(D$8),"",D14) -> 0 | E27: =IF(ISBLANK(E$8),"",E14) -> 1 | F27: =IF(ISBLANK(F$8),"",F14) -> 1.5 | G27: =IF(ISBLANK(G$8),"",G14) -> 1.5 | H27: =IF(ISBLANK(H$8),"",H14) -> 2.1 | I27: =IF(ISBLANK(I$8),"",I14) -> 3.2 | ... X27: =IF(ISBLANK(X$8),"",X14)
A28: Off-Street Trails | B28: =IF(ISBLANK(B$8),"",B20) -> 47.2 | C28: =IF(ISBLANK(C$8),"",C20) -> 47.2 | D28: =IF(ISBLANK(D$8),"",D20) -> 47.76 | E28: =IF(ISBLANK(E$8),"",E20) -> 47.76 | F28: =IF(ISBLANK(F$8),"",F20) -> 47.76 | G28: =IF(ISBLANK(G$8),"",G20) -> 51.53 | H28: =IF(ISBLANK(H$8),"",H20) -> 51.81 | I28: =IF(ISBLANK(I$8),"",I20) -> 54.62 | ... X28: =IF(ISBLANK(X$8),"",X20)
A29: Other Bikeways | B29: =IF(ISBLANK(B$8),"",B22-SUM(B26:B28)) -> 146 | C29: =IF(ISBLANK(C$8),"",C22-SUM(C26:C28)) -> 173 | D29: =IF(ISBLANK(D$8),"",D22-SUM(D26:D28)) -> 192.7 | E29: =IF(ISBLANK(E$8),"",E22-SUM(E26:E28)) -> 191 | F29: =IF(ISBLANK(F$8),"",F22-SUM(F26:F28)) -> 207.5 | G29: =IF(ISBLANK(G$8),"",G22-SUM(G26:G28)) -> 221.2 | H29: =IF(ISBLANK(H$8),"",H22-SUM(H26:H28)) -> 220.1 | I29: =IF(ISBLANK(I$8),"",I22-SUM(I26:I28)) -> 223.2 | ... X29: =IF(ISBLANK(X$8),"",X22-SUM(X26:X28))
A32: Low-Stress Bikeways | B32: =IF(ISBLANK(B$8),"",SUM(B26:B28)) -> 47.2 | C32: =IF(ISBLANK(C$8),"",SUM(C26:C28)) -> 49.2 | D32: =IF(ISBLANK(D$8),"",SUM(D26:D28)) -> 59.16 | E32: =IF(ISBLANK(E$8),"",SUM(E26:E28)) -> 64.26 | F32: =IF(ISBLANK(F$8),"",SUM(F26:F28)) -> 67.76 | G32: =IF(ISBLANK(G$8),"",SUM(G26:G28)) -> 74.38 | H32: =IF(ISBLANK(H$8),"",SUM(H26:H28)) -> 76.46 | I32: =IF(ISBLANK(I$8),"",SUM(I26:I28)) -> 80.32 | ... X32: =IF(ISBLANK(X$8),"",SUM(X26:X28))
A33: Other Bikeways | B33: =B29 -> 146 | C33: =C29 -> 173 | D33: =D29 -> 192.7 | E33: =E29 -> 191 | F33: =F29 -> 207.5 | G33: =G29 -> 221.2 | H33: =H29 -> 220.1 | I33: =I29 -> 223.2 | ... X33: =X29
A35: % Low-Stress | B35: =IF(ISBLANK(B$8),"",B32/B22) -> 0.24430642 | C35: =IF(ISBLANK(C$8),"",C32/C22) -> 0.22142214 | D35: =IF(ISBLANK(D$8),"",D32/D22) -> 0.2348924 | E35: =IF(ISBLANK(E$8),"",E32/E22) -> 0.25174332 | F35: =IF(ISBLANK(F$8),"",F32/F22) -> 0.24616726 | G35: =IF(ISBLANK(G$8),"",G32/G22) -> 0.25164084 | H35: =IF(ISBLANK(H$8),"",H32/H22) -> 0.25782304 | I35: =IF(ISBLANK(I$8),"",I32/I22) -> 0.26462836 | ... X35: =IF(ISBLANK(X$8),"",X32/X22)
A37: Protected Bike Lanes | B37: =IF(ISBLANK(B$8),"",B26/B$22) -> 0 | C37: =IF(ISBLANK(C$8),"",C26/C$22) -> 0.0090009001 | D37: =IF(ISBLANK(D$8),"",D26/D$22) -> 0.045263241 | E37: =IF(ISBLANK(E$8),"",E26/E$22) -> 0.060722401 | F37: =IF(ISBLANK(F$8),"",F26/F$22) -> 0.067209184 | G37: =IF(ISBLANK(G$8),"",G26/G$22) -> 0.072230868 | H37: =IF(ISBLANK(H$8),"",H26/H$22) -> 0.076038576 | I37: =IF(ISBLANK(I$8),"",I26/I$22) -> 0.074130206 | ... X37: =IF(ISBLANK(X$8),"",X26/X$22)
A38: Neighborhood Greenways | B38: =IF(ISBLANK(B$8),"",B27/B$22) -> 0 | C38: =IF(ISBLANK(C$8),"",C27/C$22) -> 0 | D38: =IF(ISBLANK(D$8),"",D27/D$22) -> 0 | E38: =IF(ISBLANK(E$8),"",E27/E$22) -> 0.0039175742 | F38: =IF(ISBLANK(F$8),"",F27/F$22) -> 0.0054493933 | G38: =IF(ISBLANK(G$8),"",G27/G$22) -> 0.0050747683 | H38: =IF(ISBLANK(H$8),"",H27/H$22) -> 0.0070811977 | I38: =IF(ISBLANK(I$8),"",I27/I$22) -> 0.010542963 | ... X38: =IF(ISBLANK(X$8),"",X27/X$22)
A39: Off-Street Trails | B39: =IF(ISBLANK(B$8),"",B28/B$22) -> 0.24430642 | C39: =IF(ISBLANK(C$8),"",C28/C$22) -> 0.21242124 | D39: =IF(ISBLANK(D$8),"",D28/D$22) -> 0.18962916 | E39: =IF(ISBLANK(E$8),"",E28/E$22) -> 0.18710335 | F39: =IF(ISBLANK(F$8),"",F28/F$22) -> 0.17350868 | G39: =IF(ISBLANK(G$8),"",G28/G$22) -> 0.17433521 | H39: =IF(ISBLANK(H$8),"",H28/H$22) -> 0.17470326 | I39: =IF(ISBLANK(I$8),"",I28/I$22) -> 0.17995519 | ... X39: =IF(ISBLANK(X$8),"",X28/X$22)
A40: Other Bikeways | B40: =IF(ISBLANK(B$8),"",B29/B$22) -> 0.75569358 | C40: =IF(ISBLANK(C$8),"",C29/C$22) -> 0.77857786 | D40: =IF(ISBLANK(D$8),"",D29/D$22) -> 0.7651076 | E40: =IF(ISBLANK(E$8),"",E29/E$22) -> 0.74825668 | F40: =IF(ISBLANK(F$8),"",F29/F$22) -> 0.75383274 | G40: =IF(ISBLANK(G$8),"",G29/G$22) -> 0.74835916 | H40: =IF(ISBLANK(H$8),"",H29/H$22) -> 0.74217696 | I40: =IF(ISBLANK(I$8),"",I29/I$22) -> 0.73537164 | ... X40: =IF(ISBLANK(X$8),"",X29/X$22)
A43: Low-Stress Bikeways | B43: =IF(ISBLANK(B$8),"",SUM(B37:B39)) -> 0.24430642 | C43: =IF(ISBLANK(C$8),"",SUM(C37:C39)) -> 0.22142214 | D43: =IF(ISBLANK(D$8),"",SUM(D37:D39)) -> 0.2348924 | E43: =IF(ISBLANK(E$8),"",SUM(E37:E39)) -> 0.25174332 | F43: =IF(ISBLANK(F$8),"",SUM(F37:F39)) -> 0.24616726 | G43: =IF(ISBLANK(G$8),"",SUM(G37:G39)) -> 0.25164084 | H43: =IF(ISBLANK(H$8),"",SUM(H37:H39)) -> 0.25782304 | I43: =IF(ISBLANK(I$8),"",SUM(I37:I39)) -> 0.26462836 | ... X43: =IF(ISBLANK(X$8),"",SUM(X37:X39))
A44: Other Bikeways | B44: =B40 -> 0.75569358 | C44: =C40 -> 0.77857786 | D44: =D40 -> 0.7651076 | E44: =E40 -> 0.74825668 | F44: =F40 -> 0.75383274 | G44: =G40 -> 0.74835916 | H44: =H40 -> 0.74217696 | I44: =I40 -> 0.73537164 | ... X44: =X40
A47: Bikeways Installs | Z47: Centerline Miles
A48: Concrete PBL Upgrade | J48: 2.36 | K48: 1.69 | N48: 2.64 | O48: 17.56 | P48: 3.5 | Q48: 0.98 | S48: =SUM(J48:R48) -> 28.73 | X48: =SUM(O48:Q48) -> 22.04
A49: Protected Bike Lane | C49: 2 | D49: 9.25 | E49: 4 | F49: 3.25 | G49: 3.35 | H49: 1.2 | I49: 1.2 | J49: 1 | K49: 0.76 | L49: 2.4 | M49: 8.5 | N49: 2.36 | O49: 9.49 | P49: 11.7 | Q49: 11.41 | S49: =SUM(J49:R49) -> 47.62 | X49: =SUM(O49:Q49) -> 32.6
A50: Buffered Bike Lane | C50: 1 | D50: 17.65 | E50: 15 | F50: 33.25 | G50: 20 | H50: 1.8 | I50: 8.9 | J50: 10.82 | K50: 2.3 | L50: 3 | M50: 3.91 | N50: 3.08 | O50: 0.15 | P50: 2.4 | Q50: 0.76 | S50: =SUM(J50:R50) -> 26.42 | X50: =SUM(O50:Q50) -> 3.31
A51: Bike Lane | C51: 17 | D51: 1.2 | E51: 2.25 | F51: 2.5 | G51: 0.5 | H51: 1.3 | I51: 3.3 | J51: 5.63 | K51: 4.8 | L51: 15.3 | M51: 16.34 | N51: 13.7 | O51: 5.53 | P51: 12.15 | Q51: 2.5 | S51: =SUM(J51:R51) -> 75.95 | X51: =SUM(O51:Q51) -> 20.18
A52: Neighborhood | E52: 1 | F52: 0.5 | H52: 0.75 | I52: 1.1 | J52: 7.92 | K52: 3 | L52: 3 | M52: 9.18 | N52: 12.3 | O52: 17.54 | P52: 15.25 | Q52: 13.67 | S52: =SUM(J52:R52) -> 81.86 | X52: =SUM(O52:Q52) -> 46.46
A53: Shared Lane | C53: 9 | D53: 0.85 | G53: 1.6 | I53: 3.7 | J53: 2.06 | K53: 0.5 | L53: 5.3 | M53: 6.3 | N53: 1 | O53: 0.12 | P53: 0.6 | Q53: 0.58 | S53: =SUM(J53:R53) -> 16.46 | X53: =SUM(O53:Q53) -> 1.3
A54: TOTAL ON-STREET | C54: =IF(ISBLANK(C$8),"",SUM(C48:C53)) -> 29 | D54: =IF(ISBLANK(D$8),"",SUM(D48:D53)) -> 28.95 | E54: =IF(ISBLANK(E$8),"",SUM(E48:E53)) -> 22.25 | F54: =IF(ISBLANK(F$8),"",SUM(F48:F53)) -> 39.5 | G54: =IF(ISBLANK(G$8),"",SUM(G48:G53)) -> 25.45 | H54: =IF(ISBLANK(H$8),"",SUM(H48:H53)) -> 5.05 | I54: =IF(ISBLANK(I$8),"",SUM(I48:I53)) -> 18.2 | J54: =IF(ISBLANK(J$8),"",SUM(J48:J53)) -> 29.79 | ... W54: =IF(ISBLANK(W$8),"",SUM(W48:W53)) | X54: =SUM(O54:Q54) -> 125.89
A56: Access Path | P56: 0 | Q56: 0 | S56: =SUM(J56:R56) -> 0 | X56: =SUM(O56:Q56) -> 0
A57: Off-Street Trail | D57: 0.56 | G57: 3.77 | H57: 0.28 | I57: 2.81 | J57: 0.3 | L57: 0.35 | O57: 0.03 | P57: 0 | Q57: 0 | S57: =SUM(J57:R57) -> 0.68 | X57: =SUM(O57:Q57) -> 0.03
A58: TOTAL OFF-STREET | C58: =IF(ISBLANK(C$8),"",SUM(C56:C57)) -> 0 | D58: =IF(ISBLANK(D$8),"",SUM(D56:D57)) -> 0.56 | E58: =IF(ISBLANK(E$8),"",SUM(E56:E57)) -> 0 | F58: =IF(ISBLANK(F$8),"",SUM(F56:F57)) -> 0 | G58: =IF(ISBLANK(G$8),"",SUM(G56:G57)) -> 3.77 | H58: =IF(ISBLANK(H$8),"",SUM(H56:H57)) -> 0.28 | I58: =IF(ISBLANK(I$8),"",SUM(I56:I57)) -> 2.81 | J58: =IF(ISBLANK(J$8),"",SUM(J56:J57)) -> 0.3 | ... W58: =IF(ISBLANK(W$8),"",SUM(W56:W57)) | X58: =SUM(O58:Q58) -> 0.03
A60: TOTAL INSTALLS | B60: =IF(ISBLANK(B$8),"",SUM(B54,B58)) -> 0 | C60: =IF(ISBLANK(C$8),"",SUM(C54,C58)) -> 29 | D60: =IF(ISBLANK(D$8),"",SUM(D54,D58)) -> 29.51 | E60: =IF(ISBLANK(E$8),"",SUM(E54,E58)) -> 22.25 | F60: =IF(ISBLANK(F$8),"",SUM(F54,F58)) -> 39.5 | G60: =IF(ISBLANK(G$8),"",SUM(G54,G58)) -> 29.22 | H60: =IF(ISBLANK(H$8),"",SUM(H54,H58)) -> 5.33 | I60: =IF(ISBLANK(I$8),"",SUM(I54,I58)) -> 21.01 | ... X60: =IF(ISBLANK(X$8),"",SUM(X54,X58))
A63: Protected Bike Lanes | C63: =SUM(C48:C49) -> 2 | D63: =SUM(D48:D49) -> 9.25 | E63: =SUM(E48:E49) -> 4 | F63: =SUM(F48:F49) -> 3.25 | G63: =SUM(G48:G49) -> 3.35 | H63: =SUM(H48:H49) -> 1.2 | I63: =SUM(I48:I49) -> 1.2 | J63: =SUM(J48:J49) -> 3.36 | ... X63: =SUM(X48:X49) -> 54.64
A64: Neighborhood Greenways | C64: =IF(ISBLANK(C$8),"",C52) -> 0 | D64: =IF(ISBLANK(D$8),"",D52) -> 0 | E64: =IF(ISBLANK(E$8),"",E52) -> 1 | F64: =IF(ISBLANK(F$8),"",F52) -> 0.5 | G64: =IF(ISBLANK(G$8),"",G52) -> 0 | H64: =IF(ISBLANK(H$8),"",H52) -> 0.75 | I64: =IF(ISBLANK(I$8),"",I52) -> 1.1 | J64: =IF(ISBLANK(J$8),"",J52) -> 7.92 | ... X64: =IF(ISBLANK(X$8),"",X52)
A65: Off-Street Trails | C65: =IF(ISBLANK(C$8),"",C58) -> 0 | D65: =IF(ISBLANK(D$8),"",D58) -> 0.56 | E65: =IF(ISBLANK(E$8),"",E58) -> 0 | F65: =IF(ISBLANK(F$8),"",F58) -> 0 | G65: =IF(ISBLANK(G$8),"",G58) -> 3.77 | H65: =IF(ISBLANK(H$8),"",H58) -> 0.28 | I65: =IF(ISBLANK(I$8),"",I58) -> 2.81 | J65: =IF(ISBLANK(J$8),"",J58) -> 0.3 | ... X65: =IF(ISBLANK(X$8),"",X58)
A66: Other Bikeways | C66: =IF(ISBLANK(C$8),"",C60-SUM(C63:C65)) -> 27 | D66: =IF(ISBLANK(D$8),"",D60-SUM(D63:D65)) -> 19.7 | E66: =IF(ISBLANK(E$8),"",E60-SUM(E63:E65)) -> 17.25 | F66: =IF(ISBLANK(F$8),"",F60-SUM(F63:F65)) -> 35.75 | G66: =IF(ISBLANK(G$8),"",G60-SUM(G63:G65)) -> 22.1 | H66: =IF(ISBLANK(H$8),"",H60-SUM(H63:H65)) -> 3.1 | I66: =IF(ISBLANK(I$8),"",I60-SUM(I63:I65)) -> 15.9 | J66: =IF(ISBLANK(J$8),"",J60-SUM(J63:J65)) -> 18.51 | ... X66: =IF(ISBLANK(X$8),"",X60-SUM(X63:X65))
A69: Low-Stress Bikeways | C69: =IF(ISBLANK(C$8),"",SUM(C63:C65)) -> 2 | D69: =IF(ISBLANK(D$8),"",SUM(D63:D65)) -> 9.81 | E69: =IF(ISBLANK(E$8),"",SUM(E63:E65)) -> 5 | F69: =IF(ISBLANK(F$8),"",SUM(F63:F65)) -> 3.75 | G69: =IF(ISBLANK(G$8),"",SUM(G63:G65)) -> 7.12 | H69: =IF(ISBLANK(H$8),"",SUM(H63:H65)) -> 2.23 | I69: =IF(ISBLANK(I$8),"",SUM(I63:I65)) -> 5.11 | J69: =IF(ISBLANK(J$8),"",SUM(J63:J65)) -> 11.58 | ... X69: =IF(ISBLANK(X$8),"",SUM(X63:X65))
A70: Other Bikeways | C70: =C66 -> 27 | D70: =D66 -> 19.7 | E70: =E66 -> 17.25 | F70: =F66 -> 35.75 | G70: =G66 -> 22.1 | H70: =H66 -> 3.1 | I70: =I66 -> 15.9 | J70: =J66 -> 18.51 | ... X70: =X66
A72: % Low-Stress | C72: =IF(ISBLANK(C$8),"",C69/C60) -> 0.068965517 | D72: =IF(ISBLANK(D$8),"",D69/D60) -> 0.33242968 | E72: =IF(ISBLANK(E$8),"",E69/E60) -> 0.2247191 | F72: =IF(ISBLANK(F$8),"",F69/F60) -> 0.094936709 | G72: =IF(ISBLANK(G$8),"",G69/G60) -> 0.24366872 | H72: =IF(ISBLANK(H$8),"",H69/H60) -> 0.41838649 | I72: =IF(ISBLANK(I$8),"",I69/I60) -> 0.24321752 | J72: =IF(ISBLANK(J$8),"",J69/J60) -> 0.38484546 | ... X72: =IF(ISBLANK(X$8),"",X69/X60)
A75: Bikeways Installs - COMPLETE STREETS ONLY | Z75: Centerline Miles
A76: Concrete PBL Upgrade | J76: 2.36 | K76: 1.69 | N76: 2.64 | O76: 17.56 | P76: 3.5 | Q76: 0.98 | X76: =SUM(O76:Q76) -> 22.04
A77: Protected Bike Lane | C77: 2 | D77: 9.25 | E77: 4 | F77: 3.25 | G77: 3.35 | H77: 1.2 | I77: 1.2 | J77: 1 | K77: 0.76 | L77: 2.4 | M77: 8.5 | N77: 2.36 | O77: 9.49 | P77: 11.7 | Q77: 11.41 | X77: =SUM(O77:Q77) -> 32.6
A78: Buffered Bike Lane | C78: 1 | D78: 17.65 | E78: 15 | F78: 33.25 | G78: 20 | H78: 1.8 | I78: 8.9 | J78: 10.82 | K78: 2.3 | L78: 3 | M78: 3.91 | N78: 3.08 | O78: 0.15 | P78: 2.4 | Q78: 0.76 | X78: =SUM(O78:Q78) -> 3.31
A79: Bike Lane | C79: 17 | D79: 1.2 | E79: 2.25 | F79: 2.5 | G79: 0.5 | H79: 1.3 | I79: 3.3 | J79: 5.63 | K79: 4.8 | L79: 15.3 | M79: 16.34 | N79: 13.7 | O79: 5.53 | P79: 12.15 | Q79: 2.5 | X79: =SUM(O79:Q79) -> 20.18
A80: Neighborhood | E80: 1 | F80: 0.5 | H80: 0.75 | I80: 1.1 | J80: 7.92 | K80: 3 | L80: 3 | M80: 9.18 | N80: 12.3 | O80: 17.54 | P80: 15.25 | Q80: 13.67 | X80: =SUM(O80:Q80) -> 46.46
A81: Shared Lane | C81: 9 | D81: 0.85 | G81: 1.6 | I81: 3.7 | J81: 2.06 | K81: 0.5 | L81: 5.3 | M81: 6.3 | N81: 1 | O81: 0.12 | P81: 0.6 | Q81: 0.58 | X81: =SUM(O81:Q81) -> 1.3
A82: TOTAL ON-STREET | C82: =IF(ISBLANK(C$8),"",SUM(C76:C81)) -> 29 | D82: =IF(ISBLANK(D$8),"",SUM(D76:D81)) -> 28.95 | E82: =IF(ISBLANK(E$8),"",SUM(E76:E81)) -> 22.25 | F82: =IF(ISBLANK(F$8),"",SUM(F76:F81)) -> 39.5 | G82: =IF(ISBLANK(G$8),"",SUM(G76:G81)) -> 25.45 | H82: =IF(ISBLANK(H$8),"",SUM(H76:H81)) -> 5.05 | I82: =IF(ISBLANK(I$8),"",SUM(I76:I81)) -> 18.2 | J82: =IF(ISBLANK(J$8),"",SUM(J76:J81)) -> 29.79 | ... W82: =IF(ISBLANK(W$8),"",SUM(W76:W81)) | X82: =SUM(O82:Q82) -> 125.89
A84: Access Path | P84: 0 | Q84: 0 | X84: =SUM(O84:Q84) -> 0
A85: Off-Street Trail | D85: 0.56 | G85: 3.77 | H85: 0.28 | I85: 2.81 | J85: 0.3 | L85: 0.35 | O85: 0.03 | P85: 0 | Q85: 0 | X85: =SUM(O85:Q85) -> 0.03
A86: TOTAL OFF-STREET | C86: =IF(ISBLANK(C$8),"",SUM(C84:C85)) -> 0 | D86: =IF(ISBLANK(D$8),"",SUM(D84:D85)) -> 0.56 | E86: =IF(ISBLANK(E$8),"",SUM(E84:E85)) -> 0 | F86: =IF(ISBLANK(F$8),"",SUM(F84:F85)) -> 0 | G86: =IF(ISBLANK(G$8),"",SUM(G84:G85)) -> 3.77 | H86: =IF(ISBLANK(H$8),"",SUM(H84:H85)) -> 0.28 | I86: =IF(ISBLANK(I$8),"",SUM(I84:I85)) -> 2.81 | J86: =IF(ISBLANK(J$8),"",SUM(J84:J85)) -> 0.3 | ... W86: =IF(ISBLANK(W$8),"",SUM(W84:W85)) | X86: =SUM(O86:Q86) -> 0.03
A88: TOTAL INSTALLS | B88: =IF(ISBLANK(B$8),"",SUM(B82,B86)) -> 0 | C88: =IF(ISBLANK(C$8),"",SUM(C82,C86)) -> 29 | D88: =IF(ISBLANK(D$8),"",SUM(D82,D86)) -> 29.51 | E88: =IF(ISBLANK(E$8),"",SUM(E82,E86)) -> 22.25 | F88: =IF(ISBLANK(F$8),"",SUM(F82,F86)) -> 39.5 | G88: =IF(ISBLANK(G$8),"",SUM(G82,G86)) -> 29.22 | H88: =IF(ISBLANK(H$8),"",SUM(H82,H86)) -> 5.33 | I88: =IF(ISBLANK(I$8),"",SUM(I82,I86)) -> 21.01 | ... X88: =IF(ISBLANK(X$8),"",SUM(X82,X86))
A91: Protected Bike Lanes | C91: =SUM(C76:C77) -> 2 | D91: =SUM(D76:D77) -> 9.25 | E91: =SUM(E76:E77) -> 4 | F91: =SUM(F76:F77) -> 3.25 | G91: =SUM(G76:G77) -> 3.35 | H91: =SUM(H76:H77) -> 1.2 | I91: =SUM(I76:I77) -> 1.2 | J91: =SUM(J76:J77) -> 3.36 | ... X91: =SUM(X76:X77) -> 54.64
A92: Neighborhood Greenways | C92: =IF(ISBLANK(C$8),"",C80) -> 0 | D92: =IF(ISBLANK(D$8),"",D80) -> 0 | E92: =IF(ISBLANK(E$8),"",E80) -> 1 | F92: =IF(ISBLANK(F$8),"",F80) -> 0.5 | G92: =IF(ISBLANK(G$8),"",G80) -> 0 | H92: =IF(ISBLANK(H$8),"",H80) -> 0.75 | I92: =IF(ISBLANK(I$8),"",I80) -> 1.1 | J92: =IF(ISBLANK(J$8),"",J80) -> 7.92 | ... X92: =IF(ISBLANK(X$8),"",X80)
A93: Off-Street Trails | C93: =IF(ISBLANK(C$8),"",C86) -> 0 | D93: =IF(ISBLANK(D$8),"",D86) -> 0.56 | E93: =IF(ISBLANK(E$8),"",E86) -> 0 | F93: =IF(ISBLANK(F$8),"",F86) -> 0 | G93: =IF(ISBLANK(G$8),"",G86) -> 3.77 | H93: =IF(ISBLANK(H$8),"",H86) -> 0.28 | I93: =IF(ISBLANK(I$8),"",I86) -> 2.81 | J93: =IF(ISBLANK(J$8),"",J86) -> 0.3 | ... X93: =IF(ISBLANK(X$8),"",X86)
A94: Other Bikeways | C94: =IF(ISBLANK(C$8),"",C88-SUM(C91:C93)) -> 27 | D94: =IF(ISBLANK(D$8),"",D88-SUM(D91:D93)) -> 19.7 | E94: =IF(ISBLANK(E$8),"",E88-SUM(E91:E93)) -> 17.25 | F94: =IF(ISBLANK(F$8),"",F88-SUM(F91:F93)) -> 35.75 | G94: =IF(ISBLANK(G$8),"",G88-SUM(G91:G93)) -> 22.1 | H94: =IF(ISBLANK(H$8),"",H88-SUM(H91:H93)) -> 3.1 | I94: =IF(ISBLANK(I$8),"",I88-SUM(I91:I93)) -> 15.9 | J94: =IF(ISBLANK(J$8),"",J88-SUM(J91:J93)) -> 18.51 | ... X94: =IF(ISBLANK(X$8),"",X88-SUM(X91:X93))
A97: Low-Stress Bikeways | C97: =IF(ISBLANK(C$8),"",SUM(C91:C93)) -> 2 | D97: =IF(ISBLANK(D$8),"",SUM(D91:D93)) -> 9.81 | E97: =IF(ISBLANK(E$8),"",SUM(E91:E93)) -> 5 | F97: =IF(ISBLANK(F$8),"",SUM(F91:F93)) -> 3.75 | G97: =IF(ISBLANK(G$8),"",SUM(G91:G93)) -> 7.12 | H97: =IF(ISBLANK(H$8),"",SUM(H91:H93)) -> 2.23 | I97: =IF(ISBLANK(I$8),"",SUM(I91:I93)) -> 5.11 | J97: =IF(ISBLANK(J$8),"",SUM(J91:J93)) -> 11.58 | ... X97: =IF(ISBLANK(X$8),"",SUM(X91:X93))
A98: Other Bikeways | C98: =C94 -> 27 | D98: =D94 -> 19.7 | E98: =E94 -> 17.25 | F98: =F94 -> 35.75 | G98: =G94 -> 22.1 | H98: =H94 -> 3.1 | I98: =I94 -> 15.9 | J98: =J94 -> 18.51 | ... X98: =X94
A100: % Low-Stress | C100: =IF(ISBLANK(C$8),"",C97/C88) -> 0.068965517 | D100: =IF(ISBLANK(D$8),"",D97/D88) -> 0.33242968 | E100: =IF(ISBLANK(E$8),"",E97/E88) -> 0.2247191 | F100: =IF(ISBLANK(F$8),"",F97/F88) -> 0.094936709 | G100: =IF(ISBLANK(G$8),"",G97/G88) -> 0.24366872 | H100: =IF(ISBLANK(H$8),"",H97/H88) -> 0.41838649 | I100: =IF(ISBLANK(I$8),"",I97/I88) -> 0.24321752 | J100: =IF(ISBLANK(J$8),"",J97/J88) -> 0.38484546 | ... X100: =IF(ISBLANK(X$8),"",X97/X88)
A103: % of Population within 1/2 Mile of Bike Facility
A104: All Bikeways | J104: 0.78847825
A105: Low-Stress Bikeways | J105: 0.7409082
A107: Transit
A108: Bus Lane Installs
A109: Bus Lanes - Centerline Mi | Q109: 0.99
A110: Bus Lanes - Lane Mi | Q110: 1.58
A113: Bus Bulbs Installs
A114: Bus Bulbs | G114: 9 | L114: 2 | M114: 2 | N114: 17 | O114: 28 | P114: 57 | Q114: 54
G115: =F115+G114 -> 9 | H115: =G115+H114 -> 9 | I115: =H115+I114 -> 9 | J115: =I115+J114 -> 9 | K115: =J115+K114 -> 9 | L115: =K115+L114 -> 11 | M115: =L115+M114 -> 13 | N115: =M115+N114 -> 30 | ... Q115: =P115+Q114 -> 169
A119: Annual Bikeways Spending
A120: Total Annual Bikeway Spending
A121: New/Upgraded | E121: 2339120.5 | F121: 4357045.5 | G121: 4708250 | H121: 934250 | I121: 3367000 | J121: 5423354.4 | K121: 2523663.5 | L121: 2322593.2 | M121: 6667275 | N121: 16821660
A122: Restriping | E122: 525000 | F122: 859000 | G122: 1152000 | H122: 1275000 | I122: 1646000 | J122: 3609935.7 | K122: 873715.16 | L122: 3333351.6 | M122: 2198420 | N122: 1833667.3
A123: TOTAL | E123: =SUM(E121:E122) -> 2864120.5 | F123: =SUM(F121:F122) -> 5216045.5 | G123: =SUM(G121:G122) -> 5860250 | H123: =SUM(H121:H122) -> 2209250 | I123: =SUM(I121:I122) -> 5013000 | J123: =SUM(J121:J122) -> 9033290.1 | K123: =SUM(K121:K122) -> 3397378.7 | L123: =SUM(L121:L122) -> 5655944.8 | ... X123: =SUM(X121:X122) -> 0
C125: E1 Average | F125: =AVERAGE(C123:F123) -> 4040083 | G125: E2 Average | J125: =AVERAGE(G123:J123) -> 5528947.5 | K125: L1 Average | N125: =AVERAGE(K123:N123) -> 9143586.5
G126: E1+2 Average | J126: =AVERAGE(C123:J123) -> 5032659.4
A128: Annual Spending (Complete Streets Only)
A129: Bikeways
A130: Bond | J130: 0 | K130: 0 | L130: 0 | M130: 4597011.5 | N130: 2725536 | O130: 11016904 | P130: 5663765.3
A131: Divvy | J131: 417862.36 | K131: 173981.31 | L131: 1615986.1 | M131: 40529.289 | N131: 0 | O131: 3604082.4 | P131: 1373817.6
A132: Menu | J132: 590906.66 | K132: 244046.59 | L132: 67445.57 | M132: 305090.29 | N132: 528065.04 | O132: 364461.4 | P132: 903401.54
A133: TIF | J133: 402301.05 | K133: 258981.97 | L133: 371453.7 | M133: 0 | N133: 0 | O133: 4684495.7 | P133: 843146.59
A134: Cook | J134: 0 | K134: 0 | L134: 0 | M134: 0 | N134: 0 | P134: 0
A135: State | J135: 277416.31 | K135: 89658.787 | L135: 196125 | M135: 0 | N135: 0 | P135: 0
A136: Fed | J136: 3710176.7 | K136: 376635.15 | L136: 192000 | M136: 0 | N136: 0 | P136: 0
A137: Other | J137: 48657.796 | K137: 220046.88 | L137: 45537.64 | M137: 0 | N137: 0 | P137: 0
A138: Total Bikeways | B138: =IF(ISBLANK(B$8),"",SUM(B130:B137)) -> 0 | C138: =IF(ISBLANK(C$8),"",SUM(C130:C137)) -> 0 | D138: =IF(ISBLANK(D$8),"",SUM(D130:D137)) -> 0 | E138: =IF(ISBLANK(E$8),"",SUM(E130:E137)) -> 0 | F138: =IF(ISBLANK(F$8),"",SUM(F130:F137)) -> 0 | G138: =IF(ISBLANK(G$8),"",SUM(G130:G137)) -> 0 | H138: =IF(ISBLANK(H$8),"",SUM(H130:H137)) -> 0 | I138: =IF(ISBLANK(I$8),"",SUM(I130:I137)) -> 0 | ... X138: =IF(ISBLANK(X$8),"",SUM(X130:X137))
A140: Pedestrian
A141: Bond | M141: 2170407 | N141: 2433345 | O141: 5979274 | P141: 7212315.5
A142: Divvy | P142: 151470.51
...

Sheet R_Dashboard
A1: CDOT Complete Streets
A2: Program Dashboard
A4: Bikeways
A8: R_Date | B8: {=_xlfn._xlws.FILTER(Dashboard!$B8:$Y8,(Dashboard!$B$8:$Y$8>=Date_Start)*(Dashboard!$B$8:$Y$8<=Date_End),NA())} -> 2010 | C8: 2011 | D8: 2012 | E8: 2013 | F8: 2014 | G8: 2015 | H8: 2016 | I8: 2017 | J8: 2018 | K8: 2019 | L8: 2020 | M8: 2021 | N8: 2022 | O8: 2023 | P8: 2024 | Q8: 2025
A9: R_Bike
A10: R_Bike_Net
A11: R_Bike_Net_PBL | B11: {=_xlfn._xlws.FILTER(Dashboard!$B11:$Y11,(Dashboard!$B$8:$Y$8>=Date_Start)*(Dashboard!$B$8:$Y$8<=Date_End),NA())} -> 0 | C11: 2 | D11: 11.4 | E11: 15.5 | F11: 18.5 | G11: 21.35 | H11: 22.55 | I11: 22.5 | J11: 23.45068 | K11: 24.3 | L11: 26.7 | M11: 35.220585 | N11: 37.56 | O11: 47.2 | P11: 57.3 | Q11: 68.7
A12: R_Bike_Net_BBL | B12: {=_xlfn._xlws.FILTER(Dashboard!$B12:$Y12,(Dashboard!$B$8:$Y$8>=Date_Start)*(Dashboard!$B$8:$Y$8<=Date_End),NA())} -> 0 | C12: 1 | D12: 18.65 | E12: 33.5 | F12: 67 | G12: 87 | H12: 88.8 | I12: 95.1 | J12: 105.88543 | K12: 107.5 | L12: 110.5 | M12: 113.96737 | N12: 115.57 | O12: 110.1 | P12: 107.8 | Q12: 106.5
A13: R_Bike_Net_BL | B13: {=_xlfn._xlws.FILTER(Dashboard!$B13:$Y13,(Dashboard!$B$8:$Y$8>=Date_Start)*(Dashboard!$B$8:$Y$8<=Date_End),NA())} -> 116 | C13: 133 | D13: 134.2 | E13: 117.5 | F13: 99 | G13: 88.5 | H13: 85.6 | I13: 82.7 | J13: 83.228266 | K13: 88 | L13: 103.3 | M13: 113.05001 | N13: 126.1 | O13: 130.4 | P13: 136.95 | Q13: 138.5
A14: R_Bike_Net_NG | B14: {=_xlfn._xlws.FILTER(Dashboard!$B14:$Y14,(Dashboard!$B$8:$Y$8>=Date_Start)*(Dashboard!$B$8:$Y$8<=Date_End),NA())} -> 0 | C14: 0 | D14: 0 | E14: 1 | F14: 1.5 | G14: 1.5 | H14: 2.1 | I14: 3.2 | J14: 11.448655 | K14: 14.4 | L14: 17.4 | M14: 26.850629 | N14: 39.17 | O14: 57.2 | P14: 71.95 | Q14: 85.2
A15: R_Bike_Net_SL | B15: {=_xlfn._xlws.FILTER(Dashboard!$B15:$Y15,(Dashboard!$B$8:$Y$8>=Date_Start)*(Dashboard!$B$8:$Y$8<=Date_End),NA())} -> 30 | C15: 39 | D15: 39.85 | E15: 40 | F15: 41.5 | G15: 45.7 | H15: 45.7 | I15: 45.4 | J15: 45.474801 | K15: 44.4 | L15: 44.9 | M15: 52.026725 | N15: 49.74 | O15: 48.3 | P15: 47.6 | Q15: 46.98
A16: R_Bike_Net_On_T | B16: {=_xlfn._xlws.FILTER(Dashboard!$B16:$Y16,(Dashboard!$B$8:$Y$8>=Date_Start)*(Dashboard!$B$8:$Y$8<=Date_End),NA())} -> 146 | C16: 175 | D16: 204.1 | E16: 207.5 | F16: 227.5 | G16: 244.05 | H16: 244.75 | I16: 248.9 | J16: 269.48784 | K16: 278.6 | L16: 302.8 | M16: 341.11532 | N16: 368.14 | O16: 393.2 | P16: 421.6 | Q16: 445.88
A18: R_Bike_Net_Path | B18: {=_xlfn._xlws.FILTER(Dashboard!$B18:$Y18,(Dashboard!$B$8:$Y$8>=Date_Start)*(Dashboard!$B$8:$Y$8<=Date_End),NA())} -> 0 | C18: 0 | D18: 0 | E18: 0 | F18: 0 | G18: 0 | H18: 0 | I18: 0 | J18: 0 | K18: 0 | L18: 0 | M18: 0 | N18: 0 | O18: 0 | P18: 5.8 | Q18: 5.8
A19: R_Bike_Net_Trail | B19: {=_xlfn._xlws.FILTER(Dashboard!$B19:$Y19,(Dashboard!$B$8:$Y$8>=Date_Start)*(Dashboard!$B$8:$Y$8<=Date_End),NA())} -> 47.2 | C19: 47.2 | D19: 47.76 | E19: 47.76 | F19: 47.76 | G19: 51.53 | H19: 51.81 | I19: 54.62 | J19: 54.92 | K19: 54.92 | L19: 55.27 | M19: 55.27 | N19: 55.27 | O19: 55.3 | P19: 49.5 | Q19: 49.5
A20: R_Bike_Net_Off_T | B20: {=_xlfn._xlws.FILTER(Dashboard!$B20:$Y20,(Dashboard!$B$8:$Y$8>=Date_Start)*(Dashboard!$B$8:$Y$8<=Date_End),NA())} -> 47.2 | C20: 47.2 | D20: 47.76 | E20: 47.76 | F20: 47.76 | G20: 51.53 | H20: 51.81 | I20: 54.62 | J20: 54.92 | K20: 54.92 | L20: 55.27 | M20: 55.27 | N20: 55.27 | O20: 55.3 | P20: 55.3 | Q20: 55.3
A22: R_Bike_Net_T | B22: {=_xlfn._xlws.FILTER(Dashboard!$B22:$Y22,(Dashboard!$B$8:$Y$8>=Date_Start)*(Dashboard!$B$8:$Y$8<=Date_End),NA())} -> 193.2 | C22: 222.2 | D22: 251.86 | E22: 255.26 | F22: 275.26 | G22: 295.58 | H22: 296.56 | I22: 303.52 | J22: 324.40784 | K22: 333.52 | L22: 358.07 | M22: 396.38532 | N22: 423.41 | O22: 448.5 | P22: 476.9 | Q22: 501.18
A24: R_Bike_Net_Growth | B24: {=_xlfn._xlws.FILTER(Dashboard!$B24:$Y24,(Dashboard!$B$8:$Y$8>=Date_Start)*(Dashboard!$B$8:$Y$8<=Date_End),NA())} -> 0 | C24: 29 | D24: 29.66 | E24: 3.4 | F24: 20 | G24: 20.32 | H24: 0.98 | I24: 6.96 | J24: 20.887835 | K24: 9.1121648 | L24: 24.55 | M24: 38.31532 | N24: 27.02468 | O24: 25.09 | P24: 28.4 | Q24: 24.28
A26: =A11 -> R_Bike_Net_PBL | B26: {=_xlfn._xlws.FILTER(Dashboard!$B26:$Y26,(Dashboard!$B$8:$Y$8>=Date_Start)*(Dashboard!$B$8:$Y$8<=Date_End),NA())} -> 0 | C26: 2 | D26: 11.4 | E26: 15.5 | F26: 18.5 | G26: 21.35 | H26: 22.55 | I26: 22.5 | J26: 23.45068 | K26: 24.3 | L26: 26.7 | M26: 35.220585 | N26: 37.56 | O26: 47.2 | P26: 57.3 | Q26: 68.7
A27: =A14 -> R_Bike_Net_NG | B27: {=_xlfn._xlws.FILTER(Dashboard!$B27:$Y27,(Dashboard!$B$8:$Y$8>=Date_Start)*(Dashboard!$B$8:$Y$8<=Date_End),NA())} -> 0 | C27: 0 | D27: 0 | E27: 1 | F27: 1.5 | G27: 1.5 | H27: 2.1 | I27: 3.2 | J27: 11.448655 | K27: 14.4 | L27: 17.4 | M27: 26.850629 | N27: 39.17 | O27: 57.2 | P27: 71.95 | Q27: 85.2
A28: =A20 -> R_Bike_Net_Off_T | B28: {=_xlfn._xlws.FILTER(Dashboard!$B28:$Y28,(Dashboard!$B$8:$Y$8>=Date_Start)*(Dashboard!$B$8:$Y$8<=Date_End),NA())} -> 47.2 | C28: 47.2 | D28: 47.76 | E28: 47.76 | F28: 47.76 | G28: 51.53 | H28: 51.81 | I28: 54.62 | J28: 54.92 | K28: 54.92 | L28: 55.27 | M28: 55.27 | N28: 55.27 | O28: 55.3 | P28: 55.3 | Q28: 55.3
A29: R_Bike_Net_Other | B29: {=_xlfn._xlws.FILTER(Dashboard!$B29:$Y29,(Dashboard!$B$8:$Y$8>=Date_Start)*(Dashboard!$B$8:$Y$8<=Date_End),NA())} -> 146 | C29: 173 | D29: 192.7 | E29: 191 | F29: 207.5 | G29: 221.2 | H29: 220.1 | I29: 223.2 | J29: 234.5885 | K29: 239.9 | L29: 258.7 | M29: 279.04411 | N29: 291.41 | O29: 288.8 | P29: 292.35 | Q29: 291.98
A32: R_Bike_Net_LS | B32: {=_xlfn._xlws.FILTER(Dashboard!$B32:$Y32,(Dashboard!$B$8:$Y$8>=Date_Start)*(Dashboard!$B$8:$Y$8<=Date_End),NA())} -> 47.2 | C32: 49.2 | D32: 59.16 | E32: 64.26 | F32: 67.76 | G32: 74.38 | H32: 76.46 | I32: 80.32 | J32: 89.819334 | K32: 93.62 | L32: 99.37 | M32: 117.34121 | N32: 132 | O32: 159.7 | P32: 184.55 | Q32: 209.2
A33: =A29 -> R_Bike_Net_Other | B33: {=_xlfn._xlws.FILTER(Dashboard!$B33:$Y33,(Dashboard!$B$8:$Y$8>=Date_Start)*(Dashboard!$B$8:$Y$8<=Date_End),NA())} -> 146 | C33: 173 | D33: 192.7 | E33: 191 | F33: 207.5 | G33: 221.2 | H33: 220.1 | I33: 223.2 | J33: 234.5885 | K33: 239.9 | L33: 258.7 | M33: 279.04411 | N33: 291.41 | O33: 288.8 | P33: 292.35 | Q33: 291.98
A35: R_Bike_Net_LS_Per | B35: {=_xlfn._xlws.FILTER(Dashboard!$B35:$Y35,(Dashboard!$B$8:$Y$8>=Date_Start)*(Dashboard!$B$8:$Y$8<=Date_End),NA())} -> 0.24430642 | C35: 0.22142214 | D35: 0.2348924 | E35: 0.25174332 | F35: 0.24616726 | G35: 0.25164084 | H35: 0.25782304 | I35: 0.26462836 | J35: 0.27687166 | K35: 0.28070281 | L35: 0.27751557 | M35: 0.29602815 | N35: 0.31175456 | O35: 0.35607581 | P35: 0.3869784 | Q35: 0.4174149
A38: B_Install
A39: R_Bike_Install_PBLC | B39: {=_xlfn._xlws.FILTER(Dashboard!$B48:$Y48,(Dashboard!$B$8:$Y$8>=Date_Start)*(Dashboard!$B$8:$Y$8<=Date_End),NA())} -> 0 | C39: 0 | D39: 0 | E39: 0 | F39: 0 | G39: 0 | H39: 0 | I39: 0 | J39: 2.36 | K39: 1.69 | L39: 0 | M39: 0 | N39: 2.64 | O39: 17.56 | P39: 3.5 | Q39: 0.98
A40: R_Bike_Install_PBL | B40: {=_xlfn._xlws.FILTER(Dashboard!$B49:$Y49,(Dashboard!$B$8:$Y$8>=Date_Start)*(Dashboard!$B$8:$Y$8<=Date_End),NA())} -> 0 | C40: 2 | D40: 9.25 | E40: 4 | F40: 3.25 | G40: 3.35 | H40: 1.2 | I40: 1.2 | J40: 1 | K40: 0.76 | L40: 2.4 | M40: 8.5 | N40: 2.36 | O40: 9.49 | P40: 11.7 | Q40: 11.41
A41: R_Bike_Install_BBL | B41: {=_xlfn._xlws.FILTER(Dashboard!$B50:$Y50,(Dashboard!$B$8:$Y$8>=Date_Start)*(Dashboard!$B$8:$Y$8<=Date_End),NA())} -> 0 | C41: 1 | D41: 17.65 | E41: 15 | F41: 33.25 | G41: 20 | H41: 1.8 | I41: 8.9 | J41: 10.82 | K41: 2.3 | L41: 3 | M41: 3.91 | N41: 3.08 | O41: 0.15 | P41: 2.4 | Q41: 0.76
A42: R_Bike_Install_BL | B42: {=_xlfn._xlws.FILTER(Dashboard!$B51:$Y51,(Dashboard!$B$8:$Y$8>=Date_Start)*(Dashboard!$B$8:$Y$8<=Date_End),NA())} -> 0 | C42: 17 | D42: 1.2 | E42: 2.25 | F42: 2.5 | G42: 0.5 | H42: 1.3 | I42: 3.3 | J42: 5.63 | K42: 4.8 | L42: 15.3 | M42: 16.34 | N42: 13.7 | O42: 5.53 | P42: 12.15 | Q42: 2.5
A43: R_Bike_Install_NG | B43: {=_xlfn._xlws.FILTER(Dashboard!$B52:$Y52,(Dashboard!$B$8:$Y$8>=Date_Start)*(Dashboard!$B$8:$Y$8<=Date_End),NA())} -> 0 | C43: 0 | D43: 0 | E43: 1 | F43: 0.5 | G43: 0 | H43: 0.75 | I43: 1.1 | J43: 7.92 | K43: 3 | L43: 3 | M43: 9.18 | N43: 12.3 | O43: 17.54 | P43: 15.25 | Q43: 13.67
A44: R_Bike_Install_SL | B44: {=_xlfn._xlws.FILTER(Dashboard!$B53:$Y53,(Dashboard!$B$8:$Y$8>=Date_Start)*(Dashboard!$B$8:$Y$8<=Date_End),NA())} -> 0 | C44: 9 | D44: 0.85 | E44: 0 | F44: 0 | G44: 1.6 | H44: 0 | I44: 3.7 | J44: 2.06 | K44: 0.5 | L44: 5.3 | M44: 6.3 | N44: 1 | O44: 0.12 | P44: 0.6 | Q44: 0.58
A45: R_Bike_Install_On_T | B45: {=_xlfn._xlws.FILTER(Dashboard!$B54:$Y54,(Dashboard!$B$8:$Y$8>=Date_Start)*(Dashboard!$B$8:$Y$8<=Date_End),NA())} -> 0 | C45: 29 | D45: 28.95 | E45: 22.25 | F45: 39.5 | G45: 25.45 | H45: 5.05 | I45: 18.2 | J45: 29.79 | K45: 13.05 | L45: 29 | M45: 44.23 | N45: 35.08 | O45: 50.39 | P45: 45.6 | Q45: 29.9
A47: R_Bike_Install_Path | B47: {=_xlfn._xlws.FILTER(Dashboard!$B56:$Y56,(Dashboard!$B$8:$Y$8>=Date_Start)*(Dashboard!$B$8:$Y$8<=Date_End),NA())} -> 0 | C47: 0 | D47: 0 | E47: 0 | F47: 0 | G47: 0 | H47: 0 | I47: 0 | J47: 0 | K47: 0 | L47: 0 | M47: 0 | N47: 0 | O47: 0 | P47: 0 | Q47: 0
A48: R_Bike_Install_Trail | B48: {=_xlfn._xlws.FILTER(Dashboard!$B57:$Y57,(Dashboard!$B$8:$Y$8>=Date_Start)*(Dashboard!$B$8:$Y$8<=Date_End),NA())} -> 0 | C48: 0 | D48: 0.56 | E48: 0 | F48: 0 | G48: 3.77 | H48: 0.28 | I48: 2.81 | J48: 0.3 | K48: 0 | L48: 0.35 | M48: 0 | N48: 0 | O48: 0.03 | P48: 0 | Q48: 0
A49: R_Bike_Install_Off_T | B49: {=_xlfn._xlws.FILTER(Dashboard!$B58:$Y58,(Dashboard!$B$8:$Y$8>=Date_Start)*(Dashboard!$B$8:$Y$8<=Date_End),NA())} -> 0 | C49: 0 | D49: 0.56 | E49: 0 | F49: 0 | G49: 3.77 | H49: 0.28 | I49: 2.81 | J49: 0.3 | K49: 0 | L49: 0.35 | M49: 0 | N49: 0 | O49: 0.03 | P49: 0 | Q49: 0
A51: R_Bike_Install_T | B51: {=_xlfn._xlws.FILTER(Dashboard!$B60:$Y60,(Dashboard!$B$8:$Y$8>=Date_Start)*(Dashboard!$B$8:$Y$8<=Date_End),NA())} -> 0 | C51: 29 | D51: 29.51 | E51: 22.25 | F51: 39.5 | G51: 29.22 | H51: 5.33 | I51: 21.01 | J51: 30.09 | K51: 13.05 | L51: 29.35 | M51: 44.23 | N51: 35.08 | O51: 50.42 | P51: 45.6 | Q51: 29.9
A54: R_Bike_Install_PBLA | B54: {=_xlfn._xlws.FILTER(Dashboard!$B63:$Y63,(Dashboard!$B$8:$Y$8>=Date_Start)*(Dashboard!$B$8:$Y$8<=Date_End),NA())} -> 0 | C54: 2 | D54: 9.25 | E54: 4 | F54: 3.25 | G54: 3.35 | H54: 1.2 | I54: 1.2 | J54: 3.36 | K54: 2.45 | L54: 2.4 | M54: 8.5 | N54: 5 | O54: 27.05 | P54: 15.2 | Q54: 12.39
A55: =A43 -> R_Bike_Install_NG | B55: {=_xlfn._xlws.FILTER(Dashboard!$B64:$Y64,(Dashboard!$B$8:$Y$8>=Date_Start)*(Dashboard!$B$8:$Y$8<=Date_End),NA())} -> 0 | C55: 0 | D55: 0 | E55: 1 | F55: 0.5 | G55: 0 | H55: 0.75 | I55: 1.1 | J55: 7.92 | K55: 3 | L55: 3 | M55: 9.18 | N55: 12.3 | O55: 17.54 | P55: 15.25 | Q55: 13.67
A56: =A49 -> R_Bike_Install_Off_T | B56: {=_xlfn._xlws.FILTER(Dashboard!$B65:$Y65,(Dashboard!$B$8:$Y$8>=Date_Start)*(Dashboard!$B$8:$Y$8<=Date_End),NA())} -> 0 | C56: 0 | D56: 0.56 | E56: 0 | F56: 0 | G56: 3.77 | H56: 0.28 | I56: 2.81 | J56: 0.3 | K56: 0 | L56: 0.35 | M56: 0 | N56: 0 | O56: 0.03 | P56: 0 | Q56: 0
A57: R_Bike_Install_Other | B57: {=_xlfn._xlws.FILTER(Dashboard!$B66:$Y66,(Dashboard!$B$8:$Y$8>=Date_Start)*(Dashboard!$B$8:$Y$8<=Date_End),NA())} -> 0 | C57: 27 | D57: 19.7 | E57: 17.25 | F57: 35.75 | G57: 22.1 | H57: 3.1 | I57: 15.9 | J57: 18.51 | K57: 7.6 | L57: 23.6 | M57: 26.55 | N57: 17.78 | O57: 5.8 | P57: 15.15 | Q57: 3.84
A60: R_Bike_Install_LS | B60: {=_xlfn._xlws.FILTER(Dashboard!$B69:$Y69,(Dashboard!$B$8:$Y$8>=Date_Start)*(Dashboard!$B$8:$Y$8<=Date_End),NA())} -> 0 | C60: 2 | D60: 9.81 | E60: 5 | F60: 3.75 | G60: 7.12 | H60: 2.23 | I60: 5.11 | J60: 11.58 | K60: 5.45 | L60: 5.75 | M60: 17.68 | N60: 17.3 | O60: 44.62 | P60: 30.45 | Q60: 26.06
A61: =A57 -> R_Bike_Install_Other | B61: {=_xlfn._xlws.FILTER(Dashboard!$B70:$Y70,(Dashboard!$B$8:$Y$8>=Date_Start)*(Dashboard!$B$8:$Y$8<=Date_End),NA())} -> 0 | C61: 27 | D61: 19.7 | E61: 17.25 | F61: 35.75 | G61: 22.1 | H61: 3.1 | I61: 15.9 | J61: 18.51 | K61: 7.6 | L61: 23.6 | M61: 26.55 | N61: 17.78 | O61: 5.8 | P61: 15.15 | Q61: 3.84
A63: R_Bike_Install_LS_Per | B63: {=_xlfn._xlws.FILTER(Dashboard!$B72:$Y72,(Dashboard!$B$8:$Y$8>=Date_Start)*(Dashboard!$B$8:$Y$8<=Date_End),NA())} -> 0 | C63: 0.068965517 | D63: 0.33242968 | E63: 0.2247191 | F63: 0.094936709 | G63: 0.24366872 | H63: 0.41838649 | I63: 0.24321752 | J63: 0.38484546 | K63: 0.41762452 | L63: 0.19591141 | M63: 0.39972869 | N63: 0.49315849 | O63: 0.88496628 | P63: 0.66776316 | Q63: 0.87157191
A68: Transit
A69: Bus Lane Network
A70: Bus Lanes - Centerline Mi | B70: {=_xlfn._xlws.FILTER(Dashboard!$B109:$Y109,(Dashboard!$B$8:$Y$8>=Date_Start)*(Dashboard!$B$8:$Y$8<=Date_End),NA())} -> 0 | C70: 0 | D70: 0 | E70: 0 | F70: 0 | G70: 0 | H70: 0 | I70: 0 | J70: 0 | K70: 0 | L70: 0 | M70: 0 | N70: 0 | O70: 0 | P70: 0 | Q70: 0.99
A71: Bus Lanes - Lane Mi | B71: {=_xlfn._xlws.FILTER(Dashboard!$B110:$Y110,(Dashboard!$B$8:$Y$8>=Date_Start)*(Dashboard!$B$8:$Y$8<=Date_End),NA())} -> 0 | C71: 0 | D71: 0 | E71: 0 | F71: 0 | G71: 0 | H71: 0 | I71: 0 | J71: 0 | K71: 0 | L71: 0 | M71: 0 | N71: 0 | O71: 0 | P71: 0 | Q71: 1.58
B72: {=_xlfn._xlws.FILTER(Dashboard!$B111:$Y111,(Dashboard!$B$8:$Y$8>=Date_Start)*(Dashboard!$B$8:$Y$8<=Date_End),NA())} -> 0 | C72: 0 | D72: 0 | E72: 0 | F72: 0 | G72: 0 | H72: 0 | I72: 0 | J72: 0 | K72: 0 | L72: 0 | M72: 0 | N72: 0 | O72: 0 | P72: 0 | Q72: 0
B73: {=_xlfn._xlws.FILTER(Dashboard!$B112:$Y112,(Dashboard!$B$8:$Y$8>=Date_Start)*(Dashboard!$B$8:$Y$8<=Date_End),NA())} -> 0 | C73: 0 | D73: 0 | E73: 0 | F73: 0 | G73: 0 | H73: 0 | I73: 0 | J73: 0 | K73: 0 | L73: 0 | M73: 0 | N73: 0 | O73: 0 | P73: 0 | Q73: 0
A74: Bus Bulbs Installs | B74: {=_xlfn._xlws.FILTER(Dashboard!$B113:$Y113,(Dashboard!$B$8:$Y$8>=Date_Start)*(Dashboard!$B$8:$Y$8<=Date_End),NA())} -> 0 | C74: 0 | D74: 0 | E74: 0 | F74: 0 | G74: 0 | H74: 0 | I74: 0 | J74: 0 | K74: 0 | L74: 0 | M74: 0 | N74: 0 | O74: 0 | P74: 0 | Q74: 0
A75: Bus Bulbs | B75: {=_xlfn._xlws.FILTER(Dashboard!$B114:$Y114,(Dashboard!$B$8:$Y$8>=Date_Start)*(Dashboard!$B$8:$Y$8<=Date_End),NA())} -> 0 | C75: 0 | D75: 0 | E75: 0 | F75: 0 | G75: 9 | H75: 0 | I75: 0 | J75: 0 | K75: 0 | L75: 2 | M75: 2 | N75: 17 | O75: 28 | P75: 57 | Q75: 54
B76: {=_xlfn._xlws.FILTER(Dashboard!$B115:$Y115,(Dashboard!$B$8:$Y$8>=Date_Start)*(Dashboard!$B$8:$Y$8<=Date_End),NA())} -> 0 | C76: 0 | D76: 0 | E76: 0 | F76: 0 | G76: 9 | H76: 9 | I76: 9 | J76: 9 | K76: 9 | L76: 11 | M76: 13 | N76: 30 | O76: 58 | P76: 115 | Q76: 169
B77: {=_xlfn._xlws.FILTER(Dashboard!$B116:$Y116,(Dashboard!$B$8:$Y$8>=Date_Start)*(Dashboard!$B$8:$Y$8<=Date_End),NA())} -> 0 | C77: 0 | D77: 0 | E77: 0 | F77: 0 | G77: 0 | H77: 0 | I77: 0 | J77: 0 | K77: 0 | L77: 0 | M77: 0 | N77: 0 | O77: 0 | P77: 0 | Q77: 0
B78: {=_xlfn._xlws.FILTER(Dashboard!$B117:$Y117,(Dashboard!$B$8:$Y$8>=Date_Start)*(Dashboard!$B$8:$Y$8<=Date_End),NA())} -> 0 | C78: 0 | D78: 0 | E78: 0 | F78: 0 | G78: 0 | H78: 0 | I78: 0 | J78: 0 | K78: 0 | L78: 0 | M78: 0 | N78: 0 | O78: 0 | P78: 0 | Q78: 0
B79: {=_xlfn._xlws.FILTER(Dashboard!$B118:$Y118,(Dashboard!$B$8:$Y$8>=Date_Start)*(Dashboard!$B$8:$Y$8<=Date_End),NA())} -> 0 | C79: 0 | D79: 0 | E79: 0 | F79: 0 | G79: 0 | H79: 0 | I79: 0 | J79: 0 | K79: 0 | L79: 0 | M79: 0 | N79: 0 | O79: 0 | P79: 0 | Q79: 0
A80: Mode Share | B80: {=_xlfn._xlws.FILTER(Dashboard!$B212:$Y212,(Dashboard!$B$8:$Y$8>=Date_Start)*(Dashboard!$B$8:$Y$8<=Date_End),NA())} -> 0 | C80: 0 | D80: 0 | E80: 0 | F80: 0 | G80: 0 | H80: 0 | I80: 0 | J80: 0 | K80: 0 | L80: 0 | M80: 0 | N80: 0 | O80: 0 | P80: 0 | Q80: 0
A81: Commute to Work Mode Share | B81: {=_xlfn._xlws.FILTER(Dashboard!$B213:$Y213,(Dashboard!$B$8:$Y$8>=Date_Start)*(Dashboard!$B$8:$Y$8<=Date_End),NA())} -> 0 | C81: 0 | D81: 0 | E81: 0 | F81: 0 | G81: 0 | H81: 0 | I81: 0 | J81: 0 | K81: 0 | L81: 0 | M81: 0 | N81: 0 | O81: 0 | P81: 0 | Q81: 0
A82: Total Commuters | B82: {=_xlfn._xlws.FILTER(Dashboard!$B214:$Y214,(Dashboard!$B$8:$Y$8>=Date_Start)*(Dashboard!$B$8:$Y$8<=Date_End),NA())} -> 1162550 | C82: 1209122 | D82: 1230933 | E82: 1260741 | F82: 1271744 | G82: 1168318 | H82: 1199278 | I82: 1218908 | J82: 1245739 | K82: 1255632 | L82: 0 | M82: 0 | N82: 0 | O82: 0 | P82: 1430663 | Q82: 0
B83: {=_xlfn._xlws.FILTER(Dashboard!$B215:$Y215,(Dashboard!$B$8:$Y$8>=Date_Start)*(Dashboard!$B$8:$Y$8<=Date_End),NA())} -> 0 | C83: 0 | D83: 0 | E83: 0 | F83: 0 | G83: 0 | H83: 0 | I83: 0 | J83: 0 | K83: 0 | L83: 0 | M83: 0 | N83: 0 | O83: 0 | P83: 0 | Q83: 0
A84: Percentage of Commuters | B84: {=_xlfn._xlws.FILTER(Dashboard!$B216:$Y216,(Dashboard!$B$8:$Y$8>=Date_Start)*(Dashboard!$B$8:$Y$8<=Date_End),NA())} -> 0 | C84: 0 | D84: 0 | E84: 0 | F84: 0 | G84: 0 | H84: 0 | I84: 0 | J84: 0 | K84: 0 | L84: 0 | M84: 0 | N84: 0 | O84: 0 | P84: 0 | Q84: 0
A85: Walk | B85: {=_xlfn._xlws.FILTER(Dashboard!$B219:$Y219,(Dashboard!$B$8:$Y$8>=Date_Start)*(Dashboard!$B$8:$Y$8<=Date_End),NA())} -> 0.065 | C85: 0.063 | D85: 0.069 | E85: 0.067 | F85: 0.066 | G85: 0.067 | H85: 0.066 | I85: 0.06646795 | J85: 0.056 | K85: 0.066 | L85: 0 | M85: 0 | N85: 0 | O85: 0 | P85: 0 | Q85: 0
A86: Bike | B86: {=_xlfn._xlws.FILTER(Dashboard!$B220:$Y220,(Dashboard!$B$8:$Y$8>=Date_Start)*(Dashboard!$B$8:$Y$8<=Date_End),NA())} -> 0.013 | C86: 0.014 | D86: 0.016 | E86: 0.014 | F86: 0.017 | G86: 0.018 | H86: 0.017 | I86: 0.017 | J86: 0.018 | K86: 0.015 | L86: 0 | M86: 0 | N86: 0 | O86: 0 | P86: 0 | Q86: 0
A87: Public Transit | B87: {=_xlfn._xlws.FILTER(Dashboard!$B218:$Y218,(Dashboard!$B$8:$Y$8>=Date_Start)*(Dashboard!$B$8:$Y$8<=Date_End),NA())} -> 0.265 | C87: 0.276 | D87: 0.263 | E87: 0.278 | F87: 0.282 | G87: 0.283 | H87: 0.282 | I87: 0.28338012 | J87: 0.283 | K87: 0.284 | L87: 0 | M87: 0 | N87: 0 | O87: 0 | P87: 0 | Q87: 0
A88: Drive | B88: {=_xlfn._xlws.FILTER(Dashboard!$B217:$Y217,(Dashboard!$B$8:$Y$8>=Date_Start)*(Dashboard!$B$8:$Y$8<=Date_End),NA())} -> 0.596 | C88: 0.589 | D88: 0.595 | E88: 0.582 | F88: 0.573 | G88: 0.571 | H88: 0.57 | I88: 0.562 | J88: 0.572 | K88: 0.554 | L88: 0 | M88: 0 | N88: 0 | O88: 0 | P88: 0 | Q88: 0
A89: Drive Alone | B89: {=_xlfn._xlws.FILTER(Dashboard!#REF!,(Dashboard!$B$8:$Y$8>=Date_Start)*(Dashboard!$B$8:$Y$8<=Date_End),NA())} -> #REF!
A90: Work from Home | B90: {=_xlfn._xlws.FILTER(Dashboard!$B222:$Y222,(Dashboard!$B$8:$Y$8>=Date_Start)*(Dashboard!$B$8:$Y$8<=Date_End),NA())} -> 0.047 | C90: 0.043 | D90: 0.043 | E90: 0.044 | F90: 0.044 | G90: 0.045 | H90: 0.047 | I90: 0.050386812 | J90: 0.052 | K90: 0.062 | L90: 0 | M90: 0 | N90: 0 | O90: 0 | P90: 0 | Q90: 0
B91: {=_xlfn._xlws.FILTER(Dashboard!$B223:$Y223,(Dashboard!$B$8:$Y$8>=Date_Start)*(Dashboard!$B$8:$Y$8<=Date_End),NA())} -> 0 | C91: 0 | D91: 0 | E91: 0 | F91: 0 | G91: 0 | H91: 0 | I91: 0 | J91: 0 | K91: 0 | L91: 0 | M91: 0 | N91: 0 | O91: 0 | P91: 0 | Q91: 0
A92: Total Non-Auto | B92: {=_xlfn._xlws.FILTER(Dashboard!$B224:$Y224,(Dashboard!$B$8:$Y$8>=Date_Start)*(Dashboard!$B$8:$Y$8<=Date_End),NA())} -> 0.39 | C92: 0.396 | D92: 0.391 | E92: 0.403 | F92: 0.409 | G92: 0.413 | H92: 0.412 | I92: 0.41723488 | J92: 0.409 | K92: 0.427 | L92: 0 | M92: 0 | N92: 0 | O92: 0 | P92: 0 | Q92: 0
B93: {=_xlfn._xlws.FILTER(Dashboard!$B225:$Y225,(Dashboard!$B$8:$Y$8>=Date_Start)*(Dashboard!$B$8:$Y$8<=Date_End),NA())} -> 0 | C93: 0 | D93: 0 | E93: 0 | F93: 0 | G93: 0 | H93: 0 | I93: 0 | J93: 0 | K93: 0 | L93: 0 | M93: 0 | N93: 0 | O93: 0 | P93: 0 | Q93: 0
A94: Number of Commuters | B94: {=_xlfn._xlws.FILTER(Dashboard!$B227:$Y227,(Dashboard!$B$8:$Y$8>=Date_Start)*(Dashboard!$B$8:$Y$8<=Date_End),NA())} -> 0 | C94: 0 | D94: 0 | E94: 0 | F94: 0 | G94: 0 | H94: 0 | I94: 0 | J94: 0 | K94: 0 | L94: 0 | M94: 0 | N94: 0 | O94: 0 | P94: 0 | Q94: 0
A95: Walk | B95: {=_xlfn._xlws.FILTER(Dashboard!$B230:$Y230,(Dashboard!$B$8:$Y$8>=Date_Start)*(Dashboard!$B$8:$Y$8<=Date_End),NA())} -> 75565.75 | C95: 76174.686 | D95: 84934.377 | E95: 84469.647 | F95: 83935.104 | G95: 78277.306 | H95: 79152.348 | I95: 81018.316 | J95: 69761.384 | K95: 82871.712 | L95: 0 | M95: 0 | N95: 0 | O95: 0 | P95: 102022 | Q95: 0
A96: Bike | B96: {=_xlfn._xlws.FILTER(Dashboard!$B231:$Y231,(Dashboard!$B$8:$Y$8>=Date_Start)*(Dashboard!$B$8:$Y$8<=Date_End),NA())} -> 15113.15 | C96: 16927.708 | D96: 19694.928 | E96: 17650.374 | F96: 21619.648 | G96: 21029.724 | H96: 20387.726 | I96: 20721.436 | J96: 22423.302 | K96: 18834.48 | L96: 0 | M96: 0 | N96: 0 | O96: 0 | P96: 25352 | Q96: 0
A97: Public Transit | B97: {=_xlfn._xlws.FILTER(Dashboard!$B229:$Y229,(Dashboard!$B$8:$Y$8>=Date_Start)*(Dashboard!$B$8:$Y$8<=Date_End),NA())} -> 308075.75 | C97: 333717.67 | D97: 323735.38 | E97: 350486 | F97: 358631.81 | G97: 330633.99 | H97: 338196.4 | I97: 345414.29 | J97: 352544.14 | K97: 356599.49 | L97: 0 | M97: 0 | N97: 0 | O97: 0 | P97: 293874 | Q97: 0
A98: Drive | B98: {=_xlfn._xlws.FILTER(Dashboard!$B228:$Y228,(Dashboard!$B$8:$Y$8>=Date_Start)*(Dashboard!$B$8:$Y$8<=Date_End),NA())} -> 692879.8 | C98: 712172.86 | D98: 732405.14 | E98: 733751.26 | F98: 728709.31 | G98: 667109.58 | H98: 683588.46 | I98: 685026.3 | J98: 712562.71 | K98: 695620.13 | L98: 0 | M98: 0 | N98: 0 | O98: 0 | P98: 729169 | Q98: 0
A99: Drive Alone | B99: {=_xlfn._xlws.FILTER(Dashboard!#REF!,(Dashboard!$B$8:$Y$8>=Date_Start)*(Dashboard!$B$8:$Y$8<=Date_End),NA())} -> #REF!
A100: Work from Home | B100: {=_xlfn._xlws.FILTER(Dashboard!$B233:$Y233,(Dashboard!$B$8:$Y$8>=Date_Start)*(Dashboard!$B$8:$Y$8<=Date_End),NA())} -> 54639.85 | C100: 51992.246 | D100: 52930.119 | E100: 55472.604 | F100: 55956.736 | G100: 52574.31 | H100: 56366.066 | I100: 61416.889 | J100: 64778.428 | K100: 77849.184 | L100: 0 | M100: 0 | N100: 0 | O100: 0 | P100: 251656 | Q100: 0
B101: {=_xlfn._xlws.FILTER(Dashboard!$B234:$Y234,(Dashboard!$B$8:$Y$8>=Date_Start)*(Dashboard!$B$8:$Y$8<=Date_End),NA())} -> 0 | C101: 0 | D101: 0 | E101: 0 | F101: 0 | G101: 0 | H101: 0 | I101: 0 | J101: 0 | K101: 0 | L101: 0 | M101: 0 | N101: 0 | O101: 0 | P101: 0 | Q101: 0
A102: Total Non-Auto | B102: {=_xlfn._xlws.FILTER(Dashboard!$B235:$Y235,(Dashboard!$B$8:$Y$8>=Date_Start)*(Dashboard!$B$8:$Y$8<=Date_End),NA())} -> 453394.5 | C102: 478812.31 | D102: 481294.8 | E102: 508078.62 | F102: 520143.3 | G102: 482515.33 | H102: 494102.54 | I102: 508570.93 | J102: 509507.25 | K102: 536154.86 | L102: 0 | M102: 0 | N102: 0 | O102: 0 | P102: 421248 | Q102: 0
B103: {=_xlfn._xlws.FILTER(Dashboard!$B236:$Y236,(Dashboard!$B$8:$Y$8>=Date_Start)*(Dashboard!$B$8:$Y$8<=Date_End),NA())} -> 0 | C103: 0 | D103: 0 | E103: 0 | F103: 0 | G103: 0 | H103: 0 | I103: 0 | J103: 0 | K103: 0 | L103: 0 | M103: 0 | N103: 0 | O103: 0 | P103: 0 | Q103: 0
B104: {=_xlfn._xlws.FILTER(Dashboard!$B237:$Y237,(Dashboard!$B$8:$Y$8>=Date_Start)*(Dashboard!$B$8:$Y$8<=Date_End),NA())} -> 0 | C104: 0 | D104: 0 | E104: 0 | F104: 0 | G104: 0 | H104: 0 | I104: 0 | J104: 0 | K104: 0 | L104: 0 | M104: 0 | N104: 0 | O104: 0 | P104: 0 | Q104: 0
B105: {=_xlfn._xlws.FILTER(Dashboard!$B238:$Y238,(Dashboard!$B$8:$Y$8>=Date_Start)*(Dashboard!$B$8:$Y$8<=Date_End),NA())} -> 0 | C105: 0 | D105: 0 | E105: 0 | F105: 0 | G105: 0 | H105: 0 | I105: 0 | J105: 0 | K105: 0 | L105: 0 | M105: 0 | N105: 0 | O105: 0 | P105: 0 | Q105: 0
A106: Crashes | B106: {=_xlfn._xlws.FILTER(Dashboard!$B173:$Y173,(Dashboard!$B$8:$Y$8>=Date_Start)*(Dashboard!$B$8:$Y$8<=Date_End),NA())} -> 0 | C106: 0 | D106: 0 | E106: 0 | F106: 0 | G106: 0 | H106: 0 | I106: 0 | J106: 0 | K106: 0 | L106: 0 | M106: 0 | N106: 0 | O106: 0 | P106: 0 | Q106: 0
A107: Fatalities | B107: {=_xlfn._xlws.FILTER(Dashboard!$B174:$Y174,(Dashboard!$B$8:$Y$8>=Date_Start)*(Dashboard!$B$8:$Y$8<=Date_End),NA())} -> 0 | C107: 0 | D107: 0 | E107: 0 | F107: 0 | G107: 0 | H107: 0 | I107: 0 | J107: 0 | K107: 0 | L107: 0 | M107: 0 | N107: 0 | O107: 0 | P107: 0 | Q107: 0
A108: Ped | B108: {=_xlfn._xlws.FILTER(Dashboard!$B175:$Y175,(Dashboard!$B$8:$Y$8>=Date_Start)*(Dashboard!$B$8:$Y$8<=Date_End),NA())} -> 31 | C108: 33 | D108: 43 | E108: 25 | F108: 35 | G108: 46 | H108: 37 | I108: 40 | J108: 44 | K108: 50 | L108: 45 | M108: 60 | N108: 52 | O108: 46 | P108: 45 | Q108: 0
A109: Bike | B109: {=_xlfn._xlws.FILTER(Dashboard!$B176:$Y176,(Dashboard!$B$8:$Y$8>=Date_Start)*(Dashboard!$B$8:$Y$8<=Date_End),NA())} -> 4 | C109: 7 | D109: 8 | E109: 3 | F109: 6 | G109: 7 | H109: 5 | I109: 6 | J109: 6 | K109: 5 | L109: 8 | M109: 11 | N109: 10 | O109: 10 | P109: 4 | Q109: 0
A110: Auto | B110: {=_xlfn._xlws.FILTER(Dashboard!$B177:$Y177,(Dashboard!$B$8:$Y$8>=Date_Start)*(Dashboard!$B$8:$Y$8<=Date_End),NA())} -> 85 | C110: 61 | D110: 71 | E110: 85 | F110: 62 | G110: 52 | H110: 55 | I110: 81 | J110: 72 | K110: 65 | L110: 100 | M110: 115 | N110: 98 | O110: 80 | P110: 81 | Q110: 0
A111: Total Fatalities | B111: {=_xlfn._xlws.FILTER(Dashboard!$B178:$Y178,(Dashboard!$B$8:$Y$8>=Date_Start)*(Dashboard!$B$8:$Y$8<=Date_End),NA())} -> 120 | C111: 101 | D111: 122 | E111: 113 | F111: 103 | G111: 105 | H111: 97 | I111: 127 | J111: 122 | K111: 120 | L111: 153 | M111: 186 | N111: 160 | O111: 136 | P111: 130 | Q111: 0
B112: {=_xlfn._xlws.FILTER(Dashboard!$B179:$Y179,(Dashboard!$B$8:$Y$8>=Date_Start)*(Dashboard!$B$8:$Y$8<=Date_End),NA())} -> 0 | C112: 0 | D112: 0 | E112: 0 | F112: 0 | G112: 0 | H112: 0 | I112: 0 | J112: 0 | K112: 0 | L112: 0 | M112: 0 | N112: 0 | O112: 0 | P112: 0 | Q112: 0
A113: Serious Injuries | B113: {=_xlfn._xlws.FILTER(Dashboard!$B184:$Y184,(Dashboard!$B$8:$Y$8>=Date_Start)*(Dashboard!$B$8:$Y$8<=Date_End),NA())} -> 0 | C113: 0 | D113: 0 | E113: 0 | F113: 0 | G113: 0 | H113: 0 | I113: 0 | J113: 0 | K113: 0 | L113: 0 | M113: 0 | N113: 0 | O113: 0 | P113: 0 | Q113: 0
A114: Ped | B114: {=_xlfn._xlws.FILTER(Dashboard!$B185:$Y185,(Dashboard!$B$8:$Y$8>=Date_Start)*(Dashboard!$B$8:$Y$8<=Date_End),NA())} -> 408 | C114: 419 | D114: 392 | E114: 393 | F114: 375 | G114: 571 | H114: 364 | I114: 545 | J114: 553 | K114: 520 | L114: 394 | M114: 471 | N114: 462 | O114: 454 | P114: 444 | Q114: 0
A115: Bike | B115: {=_xlfn._xlws.FILTER(Dashboard!$B186:$Y186,(Dashboard!$B$8:$Y$8>=Date_Start)*(Dashboard!$B$8:$Y$8<=Date_End),NA())} -> 147 | C115: 129 | D115: 144 | E115: 146 | F115: 165 | G115: 233 | H115: 158 | I115: 182 | J115: 169 | K115: 171 | L115: 134 | M115: 138 | N115: 171 | O115: 164 | P115: 172 | Q115: 0
A116: Auto | B116: {=_xlfn._xlws.FILTER(Dashboard!$B187:$Y187,(Dashboard!$B$8:$Y$8>=Date_Start)*(Dashboard!$B$8:$Y$8<=Date_End),NA())} -> 1289 | C116: 1252 | D116: 1290 | E116: 1443 | F116: 1476 | G116: 1766 | H116: 1472 | I116: 1656 | J116: 1748 | K116: 1617 | L116: 1665 | M116: 1690 | N116: 1582 | O116: 1583 | P116: 1280 | Q116: 0
A117: Total Serious Injuries | B117: {=_xlfn._xlws.FILTER(Dashboard!$B188:$Y188,(Dashboard!$B$8:$Y$8>=Date_Start)*(Dashboard!$B$8:$Y$8<=Date_End),NA())} -> 1844 | C117: 1800 | D117: 1826 | E117: 1982 | F117: 2016 | G117: 2570 | H117: 1994 | I117: 2383 | J117: 2470 | K117: 2308 | L117: 2193 | M117: 2299 | N117: 2215 | O117: 2201 | P117: 1896 | Q117: 0
B118: {=_xlfn._xlws.FILTER(Dashboard!$B189:$Y189,(Dashboard!$B$8:$Y$8>=Date_Start)*(Dashboard!$B$8:$Y$8<=Date_End),NA())} -> 0 | C118: 0 | D118: 0 | E118: 0 | F118: 0 | G118: 0 | H118: 0 | I118: 0 | J118: 0 | K118: 0 | L118: 0 | M118: 0 | N118: 0 | O118: 0 | P118: 0 | Q118: 0
A119: All Injuries & Fatalities | B119: {=_xlfn._xlws.FILTER(Dashboard!$B194:$Y194,(Dashboard!$B$8:$Y$8>=Date_Start)*(Dashboard!$B$8:$Y$8<=Date_End),NA())} -> 0 | C119: 0 | D119: 0 | E119: 0 | F119: 0 | G119: 0 | H119: 0 | I119: 0 | J119: 0 | K119: 0 | L119: 0 | M119: 0 | N119: 0 | O119: 0 | P119: 0 | Q119: 0
A120: Ped | B120: {=_xlfn._xlws.FILTER(Dashboard!$B195:$Y195,(Dashboard!$B$8:$Y$8>=Date_Start)*(Dashboard!$B$8:$Y$8<=Date_End),NA())} -> 3069 | C120: 2961 | D120: 2838 | E120: 2712 | F120: 2489 | G120: 2843 | H120: 2739 | I120: 2937 | J120: 2996 | K120: 2937 | L120: 1985 | M120: 2170 | N120: 2360 | O120: 2640 | P120: 2987 | Q120: 0
A121: Bike | B121: {=_xlfn._xlws.FILTER(Dashboard!$B196:$Y196,(Dashboard!$B$8:$Y$8>=Date_Start)*(Dashboard!$B$8:$Y$8<=Date_End),NA())} -> 1576 | C121: 1292 | D121: 1506 | E121: 1570 | F121: 1679 | G121: 1915 | H121: 1653 | I121: 1486 | J121: 1318 | K121: 1326 | L121: 975 | M121: 1139 | N121: 1246 | O121: 1435 | P121: 1666 | Q121: 0
A122: Auto | B122: {=_xlfn._xlws.FILTER(Dashboard!$B197:$Y197,(Dashboard!$B$8:$Y$8>=Date_Start)*(Dashboard!$B$8:$Y$8<=Date_End),NA())} -> 15171 | C122: 14218 | D122: 14234 | E122: 14065 | F122: 13721 | G122: 15138 | H122: 14950 | I122: 17275 | J122: 18569 | K122: 18068 | L122: 16900 | M122: 18854 | N122: 18141 | O122: 19404 | P122: 20933 | Q122: 0
A123: Total All Injuries & Fatalities | B123: {=_xlfn._xlws.FILTER(Dashboard!$B198:$Y198,(Dashboard!$B$8:$Y$8>=Date_Start)*(Dashboard!$B$8:$Y$8<=Date_End),NA())} -> 19816 | C123: 18471 | D123: 18578 | E123: 18347 | F123: 17889 | G123: 19896 | H123: 19342 | I123: 21698 | J123: 22883 | K123: 22331 | L123: 19860 | M123: 22163 | N123: 21747 | O123: 23479 | P123: 25586 | Q123: 0
B124: {=_xlfn._xlws.FILTER(Dashboard!$B199:$Y199,(Dashboard!$B$8:$Y$8>=Date_Start)*(Dashboard!$B$8:$Y$8<=Date_End),NA())} -> 0 | C124: 0 | D124: 0 | E124: 0 | F124: 0 | G124: 0 | H124: 0 | I124: 0 | J124: 0 | K124: 0 | L124: 0 | M124: 0 | N124: 0 | O124: 0 | P124: 0 | Q124: 0
...

Sheet Equity
A1: Equity Dashboard
A2: CDOT Bike Program
B4: North Side | D4: West Side | E4: South Side | H4: Central
B5: 1 | C5: 2 | D5: 3 | E5: 6 | F5: 4 | G5: 5 | H5: 7 | R5: 3-B Community Sub-District moved from West to Central
B6: N | C6: NW | D6: W | E6: S | F6: SW | G6: FS | H6: C | I6: TOTAL | L6: North | M6: West | N6: South | O6: Central | P6: TOTAL
A7: Facilities by Geography | I7: Centerline Miles | K7: Facilities by Geography | P7: Centerline Miles
A8: Protected Bike Lanes | B8: {=SUMPRODUCT(--(Network_Bikeways!$N$11:$N$1010=$R8),Network_Bikeways!$AB$11:$AB$1010,Network_Bikeways!AM$11:AM$1010)} -> 2.2278947 | C8: {=SUMPRODUCT(--(Network_Bikeways!$N$11:$N$1010=$R8),Network_Bikeways!$AB$11:$AB$1010,Network_Bikeways!AN$11:AN$1010)} -> 2.9493142 | D8: {=SUMPRODUCT(--(Network_Bikeways!$N$11:$N$1010=$R8),Network_Bikeways!$AB$11:$AB$1010,Network_Bikeways!AO$11:AO$1010)} -> 8.9760821 | E8: {=SUMPRODUCT(--(Network_Bikeways!$N$11:$N$1010=$R8),Network_Bikeways!$AB$11:$AB$1010,Network_Bikeways!AP$11:AP$1010)} -> 2.8572781 | F8: {=SUMPRODUCT(--(Network_Bikeways!$N$11:$N$1010=$R8),Network_Bikeways!$AB$11:$AB$1010,Network_Bikeways!AQ$11:AQ$1010)} -> 0.85219917 | G8: {=SUMPRODUCT(--(Network_Bikeways!$N$11:$N$1010=$R8),Network_Bikeways!$AB$11:$AB$1010,Network_Bikeways!AR$11:AR$1010)} -> 4.8739501 | H8: {=SUMPRODUCT(--(Network_Bikeways!$N$11:$N$1010=$R8),Network_Bikeways!$AB$11:$AB$1010,Network_Bikeways!AS$11:AS$1010)} -> 15.771943 | I8: =SUM(B8:H8) -> 38.508661 | K8: Protected Bike Lanes | L8: =SUM(B8:C8) -> 5.1772089 | M8: =D8 -> 8.9760821 | N8: =SUM(E8:G8) -> 8.5834274 | O8: =H8 -> 15.771943 | P8: =SUM(L8:O8) -> 38.508661 | R8: PROTECTED BIKE LANE
A9: Buffered Bike Lanes | B9: {=SUMPRODUCT(--(Network_Bikeways!$N$11:$N$1010=$R9),Network_Bikeways!$AB$11:$AB$1010,Network_Bikeways!AM$11:AM$1010)} -> 8.0785891 | C9: {=SUMPRODUCT(--(Network_Bikeways!$N$11:$N$1010=$R9),Network_Bikeways!$AB$11:$AB$1010,Network_Bikeways!AN$11:AN$1010)} -> 18.263911 | D9: {=SUMPRODUCT(--(Network_Bikeways!$N$11:$N$1010=$R9),Network_Bikeways!$AB$11:$AB$1010,Network_Bikeways!AO$11:AO$1010)} -> 13.229945 | E9: {=SUMPRODUCT(--(Network_Bikeways!$N$11:$N$1010=$R9),Network_Bikeways!$AB$11:$AB$1010,Network_Bikeways!AP$11:AP$1010)} -> 23.441441 | F9: {=SUMPRODUCT(--(Network_Bikeways!$N$11:$N$1010=$R9),Network_Bikeways!$AB$11:$AB$1010,Network_Bikeways!AQ$11:AQ$1010)} -> 11.645923 | G9: {=SUMPRODUCT(--(Network_Bikeways!$N$11:$N$1010=$R9),Network_Bikeways!$AB$11:$AB$1010,Network_Bikeways!AR$11:AR$1010)} -> 15.303757 | H9: {=SUMPRODUCT(--(Network_Bikeways!$N$11:$N$1010=$R9),Network_Bikeways!$AB$11:$AB$1010,Network_Bikeways!AS$11:AS$1010)} -> 25.611029 | I9: =SUM(B9:H9) -> 115.5746 | K9: Buffered Bike Lanes | L9: =SUM(B9:C9) -> 26.3425 | M9: =D9 -> 13.229945 | N9: =SUM(E9:G9) -> 50.391121 | O9: =H9 -> 25.611029 | P9: =SUM(L9:O9) -> 115.5746 | R9: BUFFERED BIKE LANE
A10: Bike Lanes | B10: {=SUMPRODUCT(--(Network_Bikeways!$N$11:$N$1010=$R10),Network_Bikeways!$AB$11:$AB$1010,Network_Bikeways!AM$11:AM$1010)} -> 29.101527 | C10: {=SUMPRODUCT(--(Network_Bikeways!$N$11:$N$1010=$R10),Network_Bikeways!$AB$11:$AB$1010,Network_Bikeways!AN$11:AN$1010)} -> 25.438934 | D10: {=SUMPRODUCT(--(Network_Bikeways!$N$11:$N$1010=$R10),Network_Bikeways!$AB$11:$AB$1010,Network_Bikeways!AO$11:AO$1010)} -> 14.215057 | E10: {=SUMPRODUCT(--(Network_Bikeways!$N$11:$N$1010=$R10),Network_Bikeways!$AB$11:$AB$1010,Network_Bikeways!AP$11:AP$1010)} -> 13.26998 | F10: {=SUMPRODUCT(--(Network_Bikeways!$N$11:$N$1010=$R10),Network_Bikeways!$AB$11:$AB$1010,Network_Bikeways!AQ$11:AQ$1010)} -> 7.2915513 | G10: {=SUMPRODUCT(--(Network_Bikeways!$N$11:$N$1010=$R10),Network_Bikeways!$AB$11:$AB$1010,Network_Bikeways!AR$11:AR$1010)} -> 13.993172 | H10: {=SUMPRODUCT(--(Network_Bikeways!$N$11:$N$1010=$R10),Network_Bikeways!$AB$11:$AB$1010,Network_Bikeways!AS$11:AS$1010)} -> 21.782756 | I10: =SUM(B10:H10) -> 125.09298 | K10: Bike Lanes | L10: =SUM(B10:C10) -> 54.540461 | M10: =D10 -> 14.215057 | N10: =SUM(E10:G10) -> 34.554704 | O10: =H10 -> 21.782756 | P10: =SUM(L10:O10) -> 125.09298 | R10: BIKE LANE
A11: Neighborhood Greenways | B11: {=SUMPRODUCT(--(Network_Bikeways!$N$11:$N$1010=$R11),Network_Bikeways!$AB$11:$AB$1010,Network_Bikeways!AM$11:AM$1010)} -> 13.89704 | C11: {=SUMPRODUCT(--(Network_Bikeways!$N$11:$N$1010=$R11),Network_Bikeways!$AB$11:$AB$1010,Network_Bikeways!AN$11:AN$1010)} -> 8.4924731 | D11: {=SUMPRODUCT(--(Network_Bikeways!$N$11:$N$1010=$R11),Network_Bikeways!$AB$11:$AB$1010,Network_Bikeways!AO$11:AO$1010)} -> 8.6537416 | E11: {=SUMPRODUCT(--(Network_Bikeways!$N$11:$N$1010=$R11),Network_Bikeways!$AB$11:$AB$1010,Network_Bikeways!AP$11:AP$1010)} -> 0 | F11: {=SUMPRODUCT(--(Network_Bikeways!$N$11:$N$1010=$R11),Network_Bikeways!$AB$11:$AB$1010,Network_Bikeways!AQ$11:AQ$1010)} -> 0 | G11: {=SUMPRODUCT(--(Network_Bikeways!$N$11:$N$1010=$R11),Network_Bikeways!$AB$11:$AB$1010,Network_Bikeways!AR$11:AR$1010)} -> 3.5877711 | H11: {=SUMPRODUCT(--(Network_Bikeways!$N$11:$N$1010=$R11),Network_Bikeways!$AB$11:$AB$1010,Network_Bikeways!AS$11:AS$1010)} -> 3.2810998 | I11: =SUM(B11:H11) -> 37.912126 | K11: Neighborhood Greenways | L11: =SUM(B11:C11) -> 22.389513 | M11: =D11 -> 8.6537416 | N11: =SUM(E11:G11) -> 3.5877711 | O11: =H11 -> 3.2810998 | P11: =SUM(L11:O11) -> 37.912126 | R11: NEIGHBORHOOD GREENWAY
A12: Marked Shared Lanes | B12: {=SUMPRODUCT(--(Network_Bikeways!$N$11:$N$1010=$R12),Network_Bikeways!$AB$11:$AB$1010,Network_Bikeways!AM$11:AM$1010)} -> 12.136764 | C12: {=SUMPRODUCT(--(Network_Bikeways!$N$11:$N$1010=$R12),Network_Bikeways!$AB$11:$AB$1010,Network_Bikeways!AN$11:AN$1010)} -> 8.8243776 | D12: {=SUMPRODUCT(--(Network_Bikeways!$N$11:$N$1010=$R12),Network_Bikeways!$AB$11:$AB$1010,Network_Bikeways!AO$11:AO$1010)} -> 3.4280644 | E12: {=SUMPRODUCT(--(Network_Bikeways!$N$11:$N$1010=$R12),Network_Bikeways!$AB$11:$AB$1010,Network_Bikeways!AP$11:AP$1010)} -> 5.7598033 | F12: {=SUMPRODUCT(--(Network_Bikeways!$N$11:$N$1010=$R12),Network_Bikeways!$AB$11:$AB$1010,Network_Bikeways!AQ$11:AQ$1010)} -> 6.5614027 | G12: {=SUMPRODUCT(--(Network_Bikeways!$N$11:$N$1010=$R12),Network_Bikeways!$AB$11:$AB$1010,Network_Bikeways!AR$11:AR$1010)} -> 7.99871 | H12: {=SUMPRODUCT(--(Network_Bikeways!$N$11:$N$1010=$R12),Network_Bikeways!$AB$11:$AB$1010,Network_Bikeways!AS$11:AS$1010)} -> 5.2765018 | I12: =SUM(B12:H12) -> 49.985623 | K12: Marked Shared Lanes | L12: =SUM(B12:C12) -> 20.961141 | M12: =D12 -> 3.4280644 | N12: =SUM(E12:G12) -> 20.319916 | O12: =H12 -> 5.2765018 | P12: =SUM(L12:O12) -> 49.985623 | R12: SHARED-LANE
A13: TOTAL | B13: =SUM(B8:B12) -> 65.441814 | C13: =SUM(C8:C12) -> 63.96901 | D13: =SUM(D8:D12) -> 48.50289 | E13: =SUM(E8:E12) -> 45.328503 | F13: =SUM(F8:F12) -> 26.351077 | G13: =SUM(G8:G12) -> 45.75736 | H13: =SUM(H8:H12) -> 71.723329 | I13: =SUM(I8:I12) -> 367.07398 | K13: TOTAL | L13: =SUM(L8:L12) -> 129.41082 | M13: =SUM(M8:M12) -> 48.50289 | N13: =SUM(N8:N12) -> 117.43694 | O13: =SUM(O8:O12) -> 71.723329 | P13: =SUM(P8:P12) -> 367.07398
A15: all but Shared Lanes | B15: =SUM(B8:B11) -> 53.305051 | C15: =SUM(C8:C11) -> 55.144633 | D15: =SUM(D8:D11) -> 45.074825 | E15: =SUM(E8:E11) -> 39.5687 | F15: =SUM(F8:F11) -> 19.789674 | G15: =SUM(G8:G11) -> 37.75865 | H15: =SUM(H8:H11) -> 66.446827 | I15: =SUM(I8:I11) -> 317.08836 | K15: all but Shared Lanes | L15: =SUM(L8:L11) -> 108.44968 | M15: =SUM(M8:M11) -> 45.074825 | N15: =SUM(N8:N11) -> 97.117023 | O15: =SUM(O8:O11) -> 66.446827 | P15: =SUM(P8:P11) -> 317.08836
A18: Share of Facilities by Geography | K18: Share of Facilities by Geography
A19: Protected Bike Lanes | B19: =B8/$I8 -> 0.057854379 | C19: =C8/$I8 -> 0.076588334 | D19: =D8/$I8 -> 0.23309255 | E19: =E8/$I8 -> 0.074198324 | F19: =F8/$I8 -> 0.022130065 | G19: =G8/$I8 -> 0.12656763 | H19: =H8/$I8 -> 0.40956871 | I19: =I8/$I8 -> 1 | K19: Protected Bike Lanes | L19: =L8/$P8 -> 0.13444271 | M19: =M8/$P8 -> 0.23309255 | N19: =N8/$P8 -> 0.22289602 | O19: =O8/$P8 -> 0.40956871 | P19: =P8/$P8 -> 1 | R19: PROTECTED BIKE LANE
A20: Buffered Bike Lanes | B20: =B9/$I9 -> 0.06989935 | C20: =C9/$I9 -> 0.15802704 | D20: =D9/$I9 -> 0.11447105 | E20: =E9/$I9 -> 0.20282521 | F20: =F9/$I9 -> 0.10076543 | G20: =G9/$I9 -> 0.13241454 | H20: =H9/$I9 -> 0.22159739 | I20: =I9/$I9 -> 1 | K20: Buffered Bike Lanes | L20: =L9/$P9 -> 0.22792639 | M20: =M9/$P9 -> 0.11447105 | N20: =N9/$P9 -> 0.43600517 | O20: =O9/$P9 -> 0.22159739 | P20: =P9/$P9 -> 1 | R20: BUFFERED BIKE LANE
A21: Bike Lanes | B21: =B10/$I10 -> 0.23263918 | C21: =C10/$I10 -> 0.20336021 | D21: =D10/$I10 -> 0.11363593 | E21: =E10/$I10 -> 0.10608094 | F21: =F10/$I10 -> 0.058289054 | G21: =G10/$I10 -> 0.11186217 | H21: =H10/$I10 -> 0.17413252 | I21: =I10/$I10 -> 1 | K21: Bike Lanes | L21: =L10/$P10 -> 0.43599939 | M21: =M10/$P10 -> 0.11363593 | N21: =N10/$P10 -> 0.27623216 | O21: =O10/$P10 -> 0.17413252 | P21: =P10/$P10 -> 1 | R21: BIKE LANE
A22: Neighborhood Greenways | B22: =B11/$I11 -> 0.36655924 | C22: =C11/$I11 -> 0.22400414 | D22: =D11/$I11 -> 0.22825789 | E22: =E11/$I11 -> 0 | F22: =F11/$I11 -> 0 | G22: =G11/$I11 -> 0.094633868 | H22: =H11/$I11 -> 0.086544864 | I22: =I11/$I11 -> 1 | K22: Neighborhood Greenways | L22: =L11/$P11 -> 0.59056338 | M22: =M11/$P11 -> 0.22825789 | N22: =N11/$P11 -> 0.094633868 | O22: =O11/$P11 -> 0.086544864 | P22: =P11/$P11 -> 1 | R22: NEIGHBORHOOD GREENWAY
A23: Marked Shared Lanes | B23: =B12/$I12 -> 0.24280509 | C23: =C12/$I12 -> 0.17653831 | D23: =D12/$I12 -> 0.068581007 | E23: =E12/$I12 -> 0.1152292 | F23: =F12/$I12 -> 0.1312658 | G23: =G12/$I12 -> 0.16002021 | H23: =H12/$I12 -> 0.10556039 | I23: =I12/$I12 -> 1 | K23: Marked Shared Lanes | L23: =L12/$P12 -> 0.4193434 | M23: =M12/$P12 -> 0.068581007 | N23: =N12/$P12 -> 0.40651521 | O23: =O12/$P12 -> 0.10556039 | P23: =P12/$P12 -> 1 | R23: SHARED-LANE
A24: TOTAL | B24: =B13/$I13 -> 0.17827963 | C24: =C13/$I13 -> 0.17426735 | D24: =D13/$I13 -> 0.13213383 | E24: =E13/$I13 -> 0.12348601 | F24: =F13/$I13 -> 0.071786827 | G24: =G13/$I13 -> 0.12465433 | H24: =H13/$I13 -> 0.19539203 | I24: =I13/$I13 -> 1 | K24: TOTAL | L24: =L13/$P13 -> 0.35254698 | M24: =M13/$P13 -> 0.13213383 | N24: =N13/$P13 -> 0.31992717 | O24: =O13/$P13 -> 0.19539203 | P24: =P13/$P13 -> 1
A26: all but Shared Lanes | B26: =B15/$I15 -> 0.16810788 | C26: =C15/$I15 -> 0.17390936 | D26: =D15/$I15 -> 0.14215225 | E26: =E15/$I15 -> 0.12478761 | F26: =F15/$I15 -> 0.062410597 | G26: =G15/$I15 -> 0.11907927 | H26: =H15/$I15 -> 0.20955303 | I26: =I15/$I15 -> 1 | K26: all but Shared Lanes | L26: =L15/$P15 -> 0.34201723 | M26: =M15/$P15 -> 0.14215225 | N26: =N15/$P15 -> 0.30627748 | O26: =O15/$P15 -> 0.20955303 | P26: =P15/$P15 -> 1
A29: Census | I29: Source: 2016 ACS 5-Year (Updated 8/27/2018) | K29: Census | P29: Source: 2016 ACS 5-Year (Updated 8/27/2018)
A30: Area | B30: =SUMIFS(Geographies!$G$6:$G$809,Geographies!$J$6:$J$809,B$5) -> 20.344508 | C30: =SUMIFS(Geographies!$G$6:$G$809,Geographies!$J$6:$J$809,C$5) -> 51.254445 | D30: =SUMIFS(Geographies!$G$6:$G$809,Geographies!$J$6:$J$809,D$5) -> 21.787325 | E30: =SUMIFS(Geographies!$G$6:$G$809,Geographies!$J$6:$J$809,E$5) -> 28.346796 | F30: =SUMIFS(Geographies!$G$6:$G$809,Geographies!$J$6:$J$809,F$5) -> 40.776885 | G30: =SUMIFS(Geographies!$G$6:$G$809,Geographies!$J$6:$J$809,G$5) -> 49.084347 | H30: =SUMIFS(Geographies!$G$6:$G$809,Geographies!$J$6:$J$809,H$5) -> 19.337014 | I30: =SUM(B30:H30) -> 230.93132 | K30: Area | L30: =SUM(B30:C30) -> 71.598953 | M30: =D30 -> 21.787325 | N30: =SUM(E30:G30) -> 118.20803 | O30: =H30 -> 19.337014 | P30: =SUM(L30:O30) -> 230.93132
A31: Percentage | B31: =B30/$I$30 -> 0.088097655 | C31: =C30/$I$30 -> 0.2219467 | D31: =D30/$I$30 -> 0.094345476 | E31: =E30/$I$30 -> 0.1227499 | F31: =F30/$I$30 -> 0.17657581 | G31: =G30/$I$30 -> 0.21254954 | H31: =H30/$I$30 -> 0.083734912 | I31: =I30/$I$30 -> 1 | K31: Percentage | L31: =L30/$P$30 -> 0.31004436 | M31: =M30/$P$30 -> 0.094345476 | N31: =N30/$P$30 -> 0.51187525 | O31: =O30/$P$30 -> 0.083734912 | P31: =P30/$P$30 -> 1
A32: Population | B32: =SUMIFS(Geographies!$L$6:$L$809,Geographies!$J$6:$J$809,B$5) -> #VALUE! | C32: =SUMIFS(Geographies!$L$6:$L$809,Geographies!$J$6:$J$809,C$5) -> #VALUE! | D32: =SUMIFS(Geographies!$L$6:$L$809,Geographies!$J$6:$J$809,D$5) -> #VALUE! | E32: =SUMIFS(Geographies!$L$6:$L$809,Geographies!$J$6:$J$809,E$5) -> #VALUE! | F32: =SUMIFS(Geographies!$L$6:$L$809,Geographies!$J$6:$J$809,F$5) -> #VALUE! | G32: =SUMIFS(Geographies!$L$6:$L$809,Geographies!$J$6:$J$809,G$5) -> #VALUE! | H32: =SUMIFS(Geographies!$L$6:$L$809,Geographies!$J$6:$J$809,H$5) -> #VALUE! | I32: =SUM(B32:H32) -> #VALUE! | K32: Population | L32: =SUM(B32:C32) -> #VALUE! | M32: =D32 -> #VALUE! | N32: =SUM(E32:G32) -> #VALUE! | O32: =H32 -> #VALUE! | P32: =SUM(L32:O32) -> #VALUE!
A33: Percentage | B33: =B32/$I$32 -> #VALUE! | C33: =C32/$I$32 -> #VALUE! | D33: =D32/$I$32 -> #VALUE! | E33: =E32/$I$32 -> #VALUE! | F33: =F32/$I$32 -> #VALUE! | G33: =G32/$I$32 -> #VALUE! | H33: =H32/$I$32 -> #VALUE! | I33: =I32/$I$32 -> #VALUE! | K33: Percentage | L33: =L32/$P$32 -> #VALUE! | M33: =M32/$P$32 -> #VALUE! | N33: =N32/$P$32 -> #VALUE! | O33: =O32/$P$32 -> #VALUE! | P33: =P32/$P$32 -> #VALUE!
A34: Density | B34: =B32/B30 -> #VALUE! | C34: =C32/C30 -> #VALUE! | D34: =D32/D30 -> #VALUE! | E34: =E32/E30 -> #VALUE! | F34: =F32/F30 -> #VALUE! | G34: =G32/G30 -> #VALUE! | H34: =H32/H30 -> #VALUE! | I34: =I32/I30 -> #VALUE! | K34: Density | L34: =L32/L30 -> #VALUE! | M34: =M32/M30 -> #VALUE! | N34: =N32/N30 -> #VALUE! | O34: =O32/O30 -> #VALUE! | P34: =P32/P30 -> #VALUE!
A36: Automobile | B36: =SUMIFS(Geographies!$N$6:$N$809,Geographies!$J$6:$J$809,B$5) -> #VALUE! | C36: =SUMIFS(Geographies!$N$6:$N$809,Geographies!$J$6:$J$809,C$5) -> #VALUE! | D36: =SUMIFS(Geographies!$N$6:$N$809,Geographies!$J$6:$J$809,D$5) -> #VALUE! | E36: =SUMIFS(Geographies!$N$6:$N$809,Geographies!$J$6:$J$809,E$5) -> #VALUE! | F36: =SUMIFS(Geographies!$N$6:$N$809,Geographies!$J$6:$J$809,F$5) -> #VALUE! | G36: =SUMIFS(Geographies!$N$6:$N$809,Geographies!$J$6:$J$809,G$5) -> #VALUE! | H36: =SUMIFS(Geographies!$N$6:$N$809,Geographies!$J$6:$J$809,H$5) -> #VALUE! | I36: =SUM(B36:H36) -> #VALUE! | K36: Automobile | L36: =SUM(B36:C36) -> #VALUE! | M36: =D36 -> #VALUE! | N36: =SUM(E36:G36) -> #VALUE! | O36: =H36 -> #VALUE! | P36: =SUM(L36:O36) -> #VALUE!
A37: Transit | B37: =SUMIFS(Geographies!$O$6:$O$809,Geographies!$J$6:$J$809,B$5) -> #VALUE! | C37: =SUMIFS(Geographies!$O$6:$O$809,Geographies!$J$6:$J$809,C$5) -> #VALUE! | D37: =SUMIFS(Geographies!$O$6:$O$809,Geographies!$J$6:$J$809,D$5) -> #VALUE! | E37: =SUMIFS(Geographies!$O$6:$O$809,Geographies!$J$6:$J$809,E$5) -> #VALUE! | F37: =SUMIFS(Geographies!$O$6:$O$809,Geographies!$J$6:$J$809,F$5) -> #VALUE! | G37: =SUMIFS(Geographies!$O$6:$O$809,Geographies!$J$6:$J$809,G$5) -> #VALUE! | H37: =SUMIFS(Geographies!$O$6:$O$809,Geographies!$J$6:$J$809,H$5) -> #VALUE! | I37: =SUM(B37:H37) -> #VALUE! | K37: Transit | L37: =SUM(B37:C37) -> #VALUE! | M37: =D37 -> #VALUE! | N37: =SUM(E37:G37) -> #VALUE! | O37: =H37 -> #VALUE! | P37: =SUM(L37:O37) -> #VALUE!
A38: Taxi | B38: =SUMIFS(Geographies!$P$6:$P$809,Geographies!$J$6:$J$809,B$5) -> #VALUE! | C38: =SUMIFS(Geographies!$P$6:$P$809,Geographies!$J$6:$J$809,C$5) -> #VALUE! | D38: =SUMIFS(Geographies!$P$6:$P$809,Geographies!$J$6:$J$809,D$5) -> #VALUE! | E38: =SUMIFS(Geographies!$P$6:$P$809,Geographies!$J$6:$J$809,E$5) -> #VALUE! | F38: =SUMIFS(Geographies!$P$6:$P$809,Geographies!$J$6:$J$809,F$5) -> #VALUE! | G38: =SUMIFS(Geographies!$P$6:$P$809,Geographies!$J$6:$J$809,G$5) -> #VALUE! | H38: =SUMIFS(Geographies!$P$6:$P$809,Geographies!$J$6:$J$809,H$5) -> #VALUE! | I38: =SUM(B38:H38) -> #VALUE! | K38: Taxi | L38: =SUM(B38:C38) -> #VALUE! | M38: =D38 -> #VALUE! | N38: =SUM(E38:G38) -> #VALUE! | O38: =H38 -> #VALUE! | P38: =SUM(L38:O38) -> #VALUE!
A39: Bike | B39: =SUMIFS(Geographies!$Q$6:$Q$809,Geographies!$J$6:$J$809,B$5) -> #VALUE! | C39: =SUMIFS(Geographies!$Q$6:$Q$809,Geographies!$J$6:$J$809,C$5) -> #VALUE! | D39: =SUMIFS(Geographies!$Q$6:$Q$809,Geographies!$J$6:$J$809,D$5) -> #VALUE! | E39: =SUMIFS(Geographies!$Q$6:$Q$809,Geographies!$J$6:$J$809,E$5) -> #VALUE! | F39: =SUMIFS(Geographies!$Q$6:$Q$809,Geographies!$J$6:$J$809,F$5) -> #VALUE! | G39: =SUMIFS(Geographies!$Q$6:$Q$809,Geographies!$J$6:$J$809,G$5) -> #VALUE! | H39: =SUMIFS(Geographies!$Q$6:$Q$809,Geographies!$J$6:$J$809,H$5) -> #VALUE! | I39: =SUM(B39:H39) -> #VALUE! | K39: Bike | L39: =SUM(B39:C39) -> #VALUE! | M39: =D39 -> #VALUE! | N39: =SUM(E39:G39) -> #VALUE! | O39: =H39 -> #VALUE! | P39: =SUM(L39:O39) -> #VALUE!
A40: Walk | B40: =SUMIFS(Geographies!$R$6:$R$809,Geographies!$J$6:$J$809,B$5) -> #VALUE! | C40: =SUMIFS(Geographies!$R$6:$R$809,Geographies!$J$6:$J$809,C$5) -> #VALUE! | D40: =SUMIFS(Geographies!$R$6:$R$809,Geographies!$J$6:$J$809,D$5) -> #VALUE! | E40: =SUMIFS(Geographies!$R$6:$R$809,Geographies!$J$6:$J$809,E$5) -> #VALUE! | F40: =SUMIFS(Geographies!$R$6:$R$809,Geographies!$J$6:$J$809,F$5) -> #VALUE! | G40: =SUMIFS(Geographies!$R$6:$R$809,Geographies!$J$6:$J$809,G$5) -> #VALUE! | H40: =SUMIFS(Geographies!$R$6:$R$809,Geographies!$J$6:$J$809,H$5) -> #VALUE! | I40: =SUM(B40:H40) -> #VALUE! | K40: Walk | L40: =SUM(B40:C40) -> #VALUE! | M40: =D40 -> #VALUE! | N40: =SUM(E40:G40) -> #VALUE! | O40: =H40 -> #VALUE! | P40: =SUM(L40:O40) -> #VALUE!
A41: Other | B41: =SUMIFS(Geographies!$S$6:$S$809,Geographies!$J$6:$J$809,B$5) -> #VALUE! | C41: =SUMIFS(Geographies!$S$6:$S$809,Geographies!$J$6:$J$809,C$5) -> #VALUE! | D41: =SUMIFS(Geographies!$S$6:$S$809,Geographies!$J$6:$J$809,D$5) -> #VALUE! | E41: =SUMIFS(Geographies!$S$6:$S$809,Geographies!$J$6:$J$809,E$5) -> #VALUE! | F41: =SUMIFS(Geographies!$S$6:$S$809,Geographies!$J$6:$J$809,F$5) -> #VALUE! | G41: =SUMIFS(Geographies!$S$6:$S$809,Geographies!$J$6:$J$809,G$5) -> #VALUE! | H41: =SUMIFS(Geographies!$S$6:$S$809,Geographies!$J$6:$J$809,H$5) -> #VALUE! | I41: =SUM(B41:H41) -> #VALUE! | K41: Other | L41: =SUM(B41:C41) -> #VALUE! | M41: =D41 -> #VALUE! | N41: =SUM(E41:G41) -> #VALUE! | O41: =H41 -> #VALUE! | P41: =SUM(L41:O41) -> #VALUE!
A42: TOTAL COMMUTERS | B42: =SUMIFS(Geographies!$M$6:$M$809,Geographies!$J$6:$J$809,B$5) -> #VALUE! | C42: =SUMIFS(Geographies!$M$6:$M$809,Geographies!$J$6:$J$809,C$5) -> #VALUE! | D42: =SUMIFS(Geographies!$M$6:$M$809,Geographies!$J$6:$J$809,D$5) -> #VALUE! | E42: =SUMIFS(Geographies!$M$6:$M$809,Geographies!$J$6:$J$809,E$5) -> #VALUE! | F42: =SUMIFS(Geographies!$M$6:$M$809,Geographies!$J$6:$J$809,F$5) -> #VALUE! | G42: =SUMIFS(Geographies!$M$6:$M$809,Geographies!$J$6:$J$809,G$5) -> #VALUE! | H42: =SUMIFS(Geographies!$M$6:$M$809,Geographies!$J$6:$J$809,H$5) -> #VALUE! | I42: =SUM(B42:H42) -> #VALUE! | K42: TOTAL COMMUTERS | L42: =SUM(B42:C42) -> #VALUE! | M42: =D42 -> #VALUE! | N42: =SUM(E42:G42) -> #VALUE! | O42: =H42 -> #VALUE! | P42: =SUM(L42:O42) -> #VALUE!
A44: Automobile | B44: =B36/B$42 -> #VALUE! | C44: =C36/C$42 -> #VALUE! | D44: =D36/D$42 -> #VALUE! | E44: =E36/E$42 -> #VALUE! | F44: =F36/F$42 -> #VALUE! | G44: =G36/G$42 -> #VALUE! | H44: =H36/H$42 -> #VALUE! | I44: =I36/I$42 -> #VALUE! | K44: Automobile | L44: =L36/L$42 -> #VALUE! | M44: =M36/M$42 -> #VALUE! | N44: =N36/N$42 -> #VALUE! | O44: =O36/O$42 -> #VALUE! | P44: =P36/P$42 -> #VALUE!
A45: Transit | B45: =B37/B$42 -> #VALUE! | C45: =C37/C$42 -> #VALUE! | D45: =D37/D$42 -> #VALUE! | E45: =E37/E$42 -> #VALUE! | F45: =F37/F$42 -> #VALUE! | G45: =G37/G$42 -> #VALUE! | H45: =H37/H$42 -> #VALUE! | I45: =I37/I$42 -> #VALUE! | K45: Transit | L45: =L37/L$42 -> #VALUE! | M45: =M37/M$42 -> #VALUE! | N45: =N37/N$42 -> #VALUE! | O45: =O37/O$42 -> #VALUE! | P45: =P37/P$42 -> #VALUE!
A46: Taxi | B46: =B38/B$42 -> #VALUE! | C46: =C38/C$42 -> #VALUE! | D46: =D38/D$42 -> #VALUE! | E46: =E38/E$42 -> #VALUE! | F46: =F38/F$42 -> #VALUE! | G46: =G38/G$42 -> #VALUE! | H46: =H38/H$42 -> #VALUE! | I46: =I38/I$42 -> #VALUE! | K46: Taxi | L46: =L38/L$42 -> #VALUE! | M46: =M38/M$42 -> #VALUE! | N46: =N38/N$42 -> #VALUE! | O46: =O38/O$42 -> #VALUE! | P46: =P38/P$42 -> #VALUE!
A47: Bike | B47: =B39/B$42 -> #VALUE! | C47: =C39/C$42 -> #VALUE! | D47: =D39/D$42 -> #VALUE! | E47: =E39/E$42 -> #VALUE! | F47: =F39/F$42 -> #VALUE! | G47: =G39/G$42 -> #VALUE! | H47: =H39/H$42 -> #VALUE! | I47: =I39/I$42 -> #VALUE! | K47: Bike | L47: =L39/L$42 -> #VALUE! | M47: =M39/M$42 -> #VALUE! | N47: =N39/N$42 -> #VALUE! | O47: =O39/O$42 -> #VALUE! | P47: =P39/P$42 -> #VALUE!
A48: Walk | B48: =B40/B$42 -> #VALUE! | C48: =C40/C$42 -> #VALUE! | D48: =D40/D$42 -> #VALUE! | E48: =E40/E$42 -> #VALUE! | F48: =F40/F$42 -> #VALUE! | G48: =G40/G$42 -> #VALUE! | H48: =H40/H$42 -> #VALUE! | I48: =I40/I$42 -> #VALUE! | K48: Walk | L48: =L40/L$42 -> #VALUE! | M48: =M40/M$42 -> #VALUE! | N48: =N40/N$42 -> #VALUE! | O48: =O40/O$42 -> #VALUE! | P48: =P40/P$42 -> #VALUE!
A49: Other | B49: =B41/B$42 -> #VALUE! | C49: =C41/C$42 -> #VALUE! | D49: =D41/D$42 -> #VALUE! | E49: =E41/E$42 -> #VALUE! | F49: =F41/F$42 -> #VALUE! | G49: =G41/G$42 -> #VALUE! | H49: =H41/H$42 -> #VALUE! | I49: =I41/I$42 -> #VALUE! | K49: Other | L49: =L41/L$42 -> #VALUE! | M49: =M41/M$42 -> #VALUE! | N49: =N41/N$42 -> #VALUE! | O49: =O41/O$42 -> #VALUE! | P49: =P41/P$42 -> #VALUE!
A52: Equity Measures | I52: Centerline Miles | K52: Equity Measures | P52: Centerline Miles
A53: Facilities per 1,000 Bike Commuters | K53: Facilities per 1,000 Bike Commuter
A54: All | B54: =SUM(B$8:B$12)/B$39*1000 -> #VALUE! | C54: =SUM(C$8:C$12)/C$39*1000 -> #VALUE! | D54: =SUM(D$8:D$12)/D$39*1000 -> #VALUE! | E54: =SUM(E$8:E$12)/E$39*1000 -> #VALUE! | F54: =SUM(F$8:F$12)/F$39*1000 -> #VALUE! | G54: =SUM(G$8:G$12)/G$39*1000 -> #VALUE! | H54: =SUM(H$8:H$12)/H$39*1000 -> #VALUE! | I54: =SUM(I$8:I$12)/I$39*1000 -> #VALUE! | K54: All | L54: =SUM(L$8:L$12)/L$39*1000 -> #VALUE! | M54: =SUM(M$8:M$12)/M$39*1000 -> #VALUE! | N54: =SUM(N$8:N$12)/N$39*1000 -> #VALUE! | O54: =SUM(O$8:O$12)/O$39*1000 -> #VALUE! | P54: =SUM(P$8:P$12)/P$39*1000 -> #VALUE!
A55: NG, BL, BBL, PBL | B55: =SUM(B$8:B$11)/B$39*1000 -> #VALUE! | C55: =SUM(C$8:C$11)/C$39*1000 -> #VALUE! | D55: =SUM(D$8:D$11)/D$39*1000 -> #VALUE! | E55: =SUM(E$8:E$11)/E$39*1000 -> #VALUE! | F55: =SUM(F$8:F$11)/F$39*1000 -> #VALUE! | G55: =SUM(G$8:G$11)/G$39*1000 -> #VALUE! | H55: =SUM(H$8:H$11)/H$39*1000 -> #VALUE! | I55: =SUM(I$8:I$11)/I$39*1000 -> #VALUE! | K55: NG, BL, BBL, PBL | L55: =SUM(L$8:L$11)/L$39*1000 -> #VALUE! | M55: =SUM(M$8:M$11)/M$39*1000 -> #VALUE! | N55: =SUM(N$8:N$11)/N$39*1000 -> #VALUE! | O55: =SUM(O$8:O$11)/O$39*1000 -> #VALUE! | P55: =SUM(P$8:P$11)/P$39*1000 -> #VALUE!
A56: BL, BBL, PBL | B56: =SUM(B$8:B$10)/B$39*1000 -> #VALUE! | C56: =SUM(C$8:C$10)/C$39*1000 -> #VALUE! | D56: =SUM(D$8:D$10)/D$39*1000 -> #VALUE! | E56: =SUM(E$8:E$10)/E$39*1000 -> #VALUE! | F56: =SUM(F$8:F$10)/F$39*1000 -> #VALUE! | G56: =SUM(G$8:G$10)/G$39*1000 -> #VALUE! | H56: =SUM(H$8:H$10)/H$39*1000 -> #VALUE! | I56: =SUM(I$8:I$10)/I$39*1000 -> #VALUE! | K56: BL, BBL, PBL | L56: =SUM(L$8:L$10)/L$39*1000 -> #VALUE! | M56: =SUM(M$8:M$10)/M$39*1000 -> #VALUE! | N56: =SUM(N$8:N$10)/N$39*1000 -> #VALUE! | O56: =SUM(O$8:O$10)/O$39*1000 -> #VALUE! | P56: =SUM(P$8:P$10)/P$39*1000 -> #VALUE!
A57: BBL, PBL | B57: =SUM(B$8:B$9)/B$39*1000 -> #VALUE! | C57: =SUM(C$8:C$9)/C$39*1000 -> #VALUE! | D57: =SUM(D$8:D$9)/D$39*1000 -> #VALUE! | E57: =SUM(E$8:E$9)/E$39*1000 -> #VALUE! | F57: =SUM(F$8:F$9)/F$39*1000 -> #VALUE! | G57: =SUM(G$8:G$9)/G$39*1000 -> #VALUE! | H57: =SUM(H$8:H$9)/H$39*1000 -> #VALUE! | I57: =SUM(I$8:I$9)/I$39*1000 -> #VALUE! | K57: BBL, PBL | L57: =SUM(L$8:L$9)/L$39*1000 -> #VALUE! | M57: =SUM(M$8:M$9)/M$39*1000 -> #VALUE! | N57: =SUM(N$8:N$9)/N$39*1000 -> #VALUE! | O57: =SUM(O$8:O$9)/O$39*1000 -> #VALUE! | P57: =SUM(P$8:P$9)/P$39*1000 -> #VALUE!
A58: PBL | B58: =SUM(B$8:B$8)/B$39*1000 -> #VALUE! | C58: =SUM(C$8:C$8)/C$39*1000 -> #VALUE! | D58: =SUM(D$8:D$8)/D$39*1000 -> #VALUE! | E58: =SUM(E$8:E$8)/E$39*1000 -> #VALUE! | F58: =SUM(F$8:F$8)/F$39*1000 -> #VALUE! | G58: =SUM(G$8:G$8)/G$39*1000 -> #VALUE! | H58: =SUM(H$8:H$8)/H$39*1000 -> #VALUE! | I58: =SUM(I$8:I$8)/I$39*1000 -> #VALUE! | K58: PBL | L58: =SUM(L$8:L$8)/L$39*1000 -> #VALUE! | M58: =SUM(M$8:M$8)/M$39*1000 -> #VALUE! | N58: =SUM(N$8:N$8)/N$39*1000 -> #VALUE! | O58: =SUM(O$8:O$8)/O$39*1000 -> #VALUE! | P58: =SUM(P$8:P$8)/P$39*1000 -> #VALUE!
A60: All
A61: NG, BL, BBL, PBL
A62: NG, PBL
A63: NG, PBL + Trail
A69: Facility Miles per 100,000 Population | K69: Facility Miles per 100,000 Population
A70: MSL, NG, BL, BBL, PBL | B70: =SUM(B$8:B$12)/B$32*100000 -> #VALUE! | C70: =SUM(C$8:C$12)/C$32*100000 -> #VALUE! | D70: =SUM(D$8:D$12)/D$32*100000 -> #VALUE! | E70: =SUM(E$8:E$12)/E$32*100000 -> #VALUE! | F70: =SUM(F$8:F$12)/F$32*100000 -> #VALUE! | G70: =SUM(G$8:G$12)/G$32*100000 -> #VALUE! | H70: =SUM(H$8:H$12)/H$32*100000 -> #VALUE! | I70: =SUM(I$8:I$12)/I$32*100000 -> #VALUE! | K70: MSL, NG, BL, BBL, PBL | L70: =SUM(L$8:L$12)/L$32*100000 -> #VALUE! | M70: =SUM(M$8:M$12)/M$32*100000 -> #VALUE! | N70: =SUM(N$8:N$12)/N$32*100000 -> #VALUE! | O70: =SUM(O$8:O$12)/O$32*100000 -> #VALUE! | P70: =SUM(P$8:P$12)/P$32*100000 -> #VALUE!
A71: NG, BL, BBL, PBL | B71: =SUM(B$8:B$11)/B$32*100000 -> #VALUE! | C71: =SUM(C$8:C$11)/C$32*100000 -> #VALUE! | D71: =SUM(D$8:D$11)/D$32*100000 -> #VALUE! | E71: =SUM(E$8:E$11)/E$32*100000 -> #VALUE! | F71: =SUM(F$8:F$11)/F$32*100000 -> #VALUE! | G71: =SUM(G$8:G$11)/G$32*100000 -> #VALUE! | H71: =SUM(H$8:H$11)/H$32*100000 -> #VALUE! | I71: =SUM(I$8:I$11)/I$32*100000 -> #VALUE! | K71: NG, BL, BBL, PBL | L71: =SUM(L$8:L$11)/L$32*100000 -> #VALUE! | M71: =SUM(M$8:M$11)/M$32*100000 -> #VALUE! | N71: =SUM(N$8:N$11)/N$32*100000 -> #VALUE! | O71: =SUM(O$8:O$11)/O$32*100000 -> #VALUE! | P71: =SUM(P$8:P$11)/P$32*100000 -> #VALUE!
A72: BL, BBL, PBL | B72: =SUM(B$8:B$10)/B$32*100000 -> #VALUE! | C72: =SUM(C$8:C$10)/C$32*100000 -> #VALUE! | D72: =SUM(D$8:D$10)/D$32*100000 -> #VALUE! | E72: =SUM(E$8:E$10)/E$32*100000 -> #VALUE! | F72: =SUM(F$8:F$10)/F$32*100000 -> #VALUE! | G72: =SUM(G$8:G$10)/G$32*100000 -> #VALUE! | H72: =SUM(H$8:H$10)/H$32*100000 -> #VALUE! | I72: =SUM(I$8:I$10)/I$32*100000 -> #VALUE! | K72: BL, BBL, PBL | L72: =SUM(L$8:L$10)/L$32*100000 -> #VALUE! | M72: =SUM(M$8:M$10)/M$32*100000 -> #VALUE! | N72: =SUM(N$8:N$10)/N$32*100000 -> #VALUE! | O72: =SUM(O$8:O$10)/O$32*100000 -> #VALUE! | P72: =SUM(P$8:P$10)/P$32*100000 -> #VALUE!
A73: BBL, PBL | B73: =SUM(B$8:B$9)/B$32*100000 -> #VALUE! | C73: =SUM(C$8:C$9)/C$32*100000 -> #VALUE! | D73: =SUM(D$8:D$9)/D$32*100000 -> #VALUE! | E73: =SUM(E$8:E$9)/E$32*100000 -> #VALUE! | F73: =SUM(F$8:F$9)/F$32*100000 -> #VALUE! | G73: =SUM(G$8:G$9)/G$32*100000 -> #VALUE! | H73: =SUM(H$8:H$9)/H$32*100000 -> #VALUE! | I73: =SUM(I$8:I$9)/I$32*100000 -> #VALUE! | K73: BBL, PBL | L73: =SUM(L$8:L$9)/L$32*100000 -> #VALUE! | M73: =SUM(M$8:M$9)/M$32*100000 -> #VALUE! | N73: =SUM(N$8:N$9)/N$32*100000 -> #VALUE! | O73: =SUM(O$8:O$9)/O$32*100000 -> #VALUE! | P73: =SUM(P$8:P$9)/P$32*100000 -> #VALUE!
A74: PBL | B74: =SUM(B$8:B$8)/B$32*100000 -> #VALUE! | C74: =SUM(C$8:C$8)/C$32*100000 -> #VALUE! | D74: =SUM(D$8:D$8)/D$32*100000 -> #VALUE! | E74: =SUM(E$8:E$8)/E$32*100000 -> #VALUE! | F74: =SUM(F$8:F$8)/F$32*100000 -> #VALUE! | G74: =SUM(G$8:G$8)/G$32*100000 -> #VALUE! | H74: =SUM(H$8:H$8)/H$32*100000 -> #VALUE! | I74: =SUM(I$8:I$8)/I$32*100000 -> #VALUE! | K74: PBL | L74: =SUM(L$8:L$8)/L$32*100000 -> #VALUE! | M74: =SUM(M$8:M$8)/M$32*100000 -> #VALUE! | N74: =SUM(N$8:N$8)/N$32*100000 -> #VALUE! | O74: =SUM(O$8:O$8)/O$32*100000 -> #VALUE! | P74: =SUM(P$8:P$8)/P$32*100000 -> #VALUE!
A77: Facilities per Square Mile | K77: Facilities per Square Mile
A78: All | B78: =SUM(B$8:B$12)/B$30 -> 3.2166821 | C78: =SUM(C$8:C$12)/C$30 -> 1.2480676 | D78: =SUM(D$8:D$12)/D$30 -> 2.2261975 | E78: =SUM(E$8:E$12)/E$30 -> 1.5990697 | F78: =SUM(F$8:F$12)/F$30 -> 0.64622583 | G78: =SUM(G$8:G$12)/G$30 -> 0.93221898 | H78: =SUM(H$8:H$12)/H$30 -> 3.7091213 | I78: =SUM(I$8:I$12)/I$30 -> 1.5895375 | K78: All | L78: =SUM(L$8:L$12)/L$30 -> 1.8074402 | M78: =SUM(M$8:M$12)/M$30 -> 2.2261975 | N78: =SUM(N$8:N$12)/N$30 -> 0.99347685 | O78: =SUM(O$8:O$12)/O$30 -> 3.7091213 | P78: =SUM(P$8:P$12)/P$30 -> 1.5895375
A79: NG, BL, BBL, PBL | B79: =SUM(B$8:B$11)/B$30 -> 2.62012 | C79: =SUM(C$8:C$11)/C$30 -> 1.0758995 | D79: =SUM(D$8:D$11)/D$30 -> 2.0688554 | E79: =SUM(E$8:E$11)/E$30 -> 1.3958791 | F79: =SUM(F$8:F$11)/F$30 -> 0.48531597 | G79: =SUM(G$8:G$11)/G$30 -> 0.76926051 | H79: =SUM(H$8:H$11)/H$30 -> 3.4362507 | I79: =SUM(I$8:I$11)/I$30 -> 1.3730851 | K79: NG, BL, BBL, PBL | L79: =SUM(L$8:L$11)/L$30 -> 1.5146825 | M79: =SUM(M$8:M$11)/M$30 -> 2.0688554 | N79: =SUM(N$8:N$11)/N$30 -> 0.82157722 | O79: =SUM(O$8:O$11)/O$30 -> 3.4362507 | P79: =SUM(P$8:P$11)/P$30 -> 1.3730851
A80: BL, BBL, PBL | B80: =SUM(B$8:B$10)/B$30 -> 1.9370344 | C80: =SUM(C$8:C$10)/C$30 -> 0.91020709 | D80: =SUM(D$8:D$10)/D$30 -> 1.6716638 | E80: =SUM(E$8:E$10)/E$30 -> 1.3958791 | F80: =SUM(F$8:F$10)/F$30 -> 0.48531597 | G80: =SUM(G$8:G$10)/G$30 -> 0.69616651 | H80: =SUM(H$8:H$10)/H$30 -> 3.2665709 | I80: =SUM(I$8:I$10)/I$30 -> 1.2089146 | K80: BL, BBL, PBL | L80: =SUM(L$8:L$10)/L$30 -> 1.2019753 | M80: =SUM(M$8:M$10)/M$30 -> 1.6716638 | N80: =SUM(N$8:N$10)/N$30 -> 0.79122589 | O80: =SUM(O$8:O$10)/O$30 -> 3.2665709 | P80: =SUM(P$8:P$10)/P$30 -> 1.2089146
A81: BBL, PBL | B81: =SUM(B$8:B$9)/B$30 -> 0.50659785 | C81: =SUM(C$8:C$9)/C$30 -> 0.41388069 | D81: =SUM(D$8:D$9)/D$30 -> 1.0192177 | E81: =SUM(E$8:E$9)/E$30 -> 0.92774929 | F81: =SUM(F$8:F$9)/F$30 -> 0.30650018 | G81: =SUM(G$8:G$9)/G$30 -> 0.41108231 | H81: =SUM(H$8:H$9)/H$30 -> 2.1400911 | I81: =SUM(I$8:I$9)/I$30 -> 0.66722546 | K81: BBL, PBL | L81: =SUM(L$8:L$9)/L$30 -> 0.44022584 | M81: =SUM(M$8:M$9)/M$30 -> 1.0192177 | N81: =SUM(N$8:N$9)/N$30 -> 0.49890477 | O81: =SUM(O$8:O$9)/O$30 -> 2.1400911 | P81: =SUM(P$8:P$9)/P$30 -> 0.66722546
A82: PBL | B82: =SUM(B$8:B$8)/B$30 -> 0.10950841 | C82: =SUM(C$8:C$8)/C$30 -> 0.057542603 | D82: =SUM(D$8:D$8)/D$30 -> 0.41198641 | E82: =SUM(E$8:E$8)/E$30 -> 0.10079722 | F82: =SUM(F$8:F$8)/F$30 -> 0.020899075 | G82: =SUM(G$8:G$8)/G$30 -> 0.099297442 | H82: =SUM(H$8:H$8)/H$30 -> 0.81563488 | I82: =SUM(I$8:I$8)/I$30 -> 0.16675374 | K82: PBL | L82: =SUM(L$8:L$8)/L$30 -> 0.072308444 | M82: =SUM(M$8:M$8)/M$30 -> 0.41198641 | N82: =SUM(N$8:N$8)/N$30 -> 0.072612897 | O82: =SUM(O$8:O$8)/O$30 -> 0.81563488 | P82: =SUM(P$8:P$8)/P$30 -> 0.16675374
A85: Total Population within 1/2 Mile of Bike Facility | K85: Total Population within 1/2 Mile of Bike Facility
A86: All Bike Facilities | B86: =SUMIFS(Geographies!$U$6:$U$809,Geographies!$J$6:$J$809,B$5) -> #VALUE! | C86: =SUMIFS(Geographies!$U$6:$U$809,Geographies!$J$6:$J$809,C$5) -> #VALUE! | D86: =SUMIFS(Geographies!$U$6:$U$809,Geographies!$J$6:$J$809,D$5) -> #VALUE! | E86: =SUMIFS(Geographies!$U$6:$U$809,Geographies!$J$6:$J$809,E$5) -> #VALUE! | F86: =SUMIFS(Geographies!$U$6:$U$809,Geographies!$J$6:$J$809,F$5) -> #VALUE! | G86: =SUMIFS(Geographies!$U$6:$U$809,Geographies!$J$6:$J$809,G$5) -> #VALUE! | H86: =SUMIFS(Geographies!$U$6:$U$809,Geographies!$J$6:$J$809,H$5) -> #VALUE! | I86: =SUM(B86:H86) -> #VALUE! | K86: All Bike Facilities | L86: =SUM(B86:C86) -> #VALUE! | M86: =D86 -> #VALUE! | N86: =SUM(E86:G86) -> #VALUE! | O86: =H86 -> #VALUE! | P86: =SUM(L86:O86) -> #VALUE!
A87: All Greater than MSL | B87: =SUMIFS(Geographies!$W$6:$W$809,Geographies!$J$6:$J$809,B$5) -> #VALUE! | C87: =SUMIFS(Geographies!$W$6:$W$809,Geographies!$J$6:$J$809,C$5) -> #VALUE! | D87: =SUMIFS(Geographies!$W$6:$W$809,Geographies!$J$6:$J$809,D$5) -> #VALUE! | E87: =SUMIFS(Geographies!$W$6:$W$809,Geographies!$J$6:$J$809,E$5) -> #VALUE! | F87: =SUMIFS(Geographies!$W$6:$W$809,Geographies!$J$6:$J$809,F$5) -> #VALUE! | G87: =SUMIFS(Geographies!$W$6:$W$809,Geographies!$J$6:$J$809,G$5) -> #VALUE! | H87: =SUMIFS(Geographies!$W$6:$W$809,Geographies!$J$6:$J$809,H$5) -> #VALUE! | I87: =SUM(B87:H87) -> #VALUE! | K87: All Greater than MSL | L87: =SUM(B87:C87) -> #VALUE! | M87: =D87 -> #VALUE! | N87: =SUM(E87:G87) -> #VALUE! | O87: =H87 -> #VALUE! | P87: =SUM(L87:O87) -> #VALUE!
A90: % of Population within 1/2 Mile of Bike Facility | K90: % of Population within 1/2 Mile of Bike Facility
A91: All Bike Facilities | B91: =B86/B$32 -> #VALUE! | C91: =C86/C$32 -> #VALUE! | D91: =D86/D$32 -> #VALUE! | E91: =E86/E$32 -> #VALUE! | F91: =F86/F$32 -> #VALUE! | G91: =G86/G$32 -> #VALUE! | H91: =H86/H$32 -> #VALUE! | I91: =I86/I$32 -> #VALUE! | K91: All Bike Facilities | L91: =L86/L$32 -> #VALUE! | M91: =M86/M$32 -> #VALUE! | N91: =N86/N$32 -> #VALUE! | O91: =O86/O$32 -> #VALUE! | P91: =P86/P$32 -> #VALUE!
A92: All Greater than MSL | B92: =B87/B$32 -> #VALUE! | C92: =C87/C$32 -> #VALUE! | D92: =D87/D$32 -> #VALUE! | E92: =E87/E$32 -> #VALUE! | F92: =F87/F$32 -> #VALUE! | G92: =G87/G$32 -> #VALUE! | H92: =H87/H$32 -> #VALUE! | I92: =I87/I$32 -> #VALUE! | K92: All Greater than MSL | L92: =L87/L$32 -> #VALUE! | M92: =M87/M$32 -> #VALUE! | N92: =N87/N$32 -> #VALUE! | O92: =O87/O$32 -> #VALUE! | P92: =P87/P$32 -> #VALUE!
A96: Bikeways Distribution Analysis | F96: On-Street Bikeways Only
B97: North | C97: West | D97: South | E97: Central | F97: TOTAL
A98: Miles of facilities | B98: =L13 -> 129.41082 | C98: =M13 -> 48.50289 | D98: =N13 -> 117.43694 | E98: =O13 -> 71.723329 | F98: =P13 -> 367.07398
A99: Facility Miles per…
A100: 1,000 Bike Commuter | B100: =L54 -> #VALUE! | C100: =M54 -> #VALUE! | D100: =N54 -> #VALUE! | E100: =O54 -> #VALUE! | F100: =P54 -> #VALUE!
A101: 100,000 Population | B101: =L70 -> #VALUE! | C101: =M70 -> #VALUE! | D101: =N70 -> #VALUE! | E101: =O70 -> #VALUE! | F101: =P70 -> #VALUE!
A102: Square Mile | B102: =L78 -> 1.8074402 | C102: =M78 -> 2.2261975 | D102: =N78 -> 0.99347685 | E102: =O78 -> 3.7091213 | F102: =P78 -> 1.5895375
A103: % Population within 1/2 Mile of…
A104: All Bikeways and Trails | B104: =L91 -> #VALUE! | C104: =M91 -> #VALUE! | D104: =N91 -> #VALUE! | E104: =O91 -> #VALUE! | F104: =P91 -> #VALUE!
A105: Bikeways > MSL and Trails | B105: =L92 -> #VALUE! | C105: =M92 -> #VALUE! | D105: =N92 -> #VALUE! | E105: =O92 -> #VALUE! | F105: =P92 -> #VALUE!

Sheet Geographies
A1: Geographies
A2: for Equity Tracking
H3: Assign Community Area & Equity District | L3: 2020 ACS 5-Year B08301 | T3: Population within a 1/2 mile of
M4: B08301_001E | N4: B08301_002E | O4: B08301_010E | P4: B08301_016E | Q4: B08301_018E | R4: B08301_019E | T4: All Bikeways | V4: > MSL | X4: Low Stress | Z4: Low Stress & Trails
A5: CENSUS_TRACT | B5: CENSUS_TRACT_FULL | C5: TRACT_FIPS | D5: TRACT_CENSUS_YEAR | E5: Community Area | F5: SHAPE.AREA | G5: Sq Miles | H5: Area Name | I5: Group | J5: Region | K5: District | L5: Population | M5: Workers | N5: Automobile | O5: Transit | P5: Taxi | Q5: Bike | R5: Walk | S5: Other | T5: Sq Miles | U5: Population | V5: Sq Miles | W5: Population | X5: Sq Miles | Y5: Population | Z5: Sq Miles | AA5: Population
A6: 350400 | B6: 17031350400 | C6: 17031 | D6: 2010 | E6: 35 | F6: 2163073.4 | G6: 0.077589581 | H6: =_xlfn.IFNA( INDEX(CA!B$2:B$78,MATCH($E6,CA!$A$2:$A$78,0)), "") -> DOUGLAS | I6: =_xlfn.IFNA( INDEX(CA!C$2:C$78,MATCH($E6,CA!$A$2:$A$78,0)), "") -> 6-A | J6: =_xlfn.IFNA( INDEX(CA!D$2:D$78,MATCH($E6,CA!$A$2:$A$78,0)), "") -> 6 | K6: =_xlfn.IFNA( INDEX(CA!E$2:E$78,MATCH($E6,CA!$A$2:$A$78,0)), "") -> SOUTH | L6: #VALUE! | M6: #VALUE! | N6: #VALUE! | O6: #VALUE! | P6: #VALUE! | Q6: #VALUE! | R6: #VALUE! | S6: #VALUE! | T6: 0.07758958 | U6: =(T6/$G6)*$L6 -> #VALUE! | V6: 0.07758958 | W6: =(V6/$G6)*$L6 -> #VALUE! | X6: 0.07758958 | Y6: =(X6/$G6)*$L6 -> #VALUE! | Z6: 0.07758958 | AA6: =(Z6/$G6)*$L6 -> #VALUE!
A7: 839500 | B7: 17031839500 | C7: 17031 | D7: 2010 | E7: 35 | F7: 2825468.3 | G7: 0.10134973 | H7: =_xlfn.IFNA( INDEX(CA!B$2:B$78,MATCH($E7,CA!$A$2:$A$78,0)), "") -> DOUGLAS | I7: =_xlfn.IFNA( INDEX(CA!C$2:C$78,MATCH($E7,CA!$A$2:$A$78,0)), "") -> 6-A | J7: =_xlfn.IFNA( INDEX(CA!D$2:D$78,MATCH($E7,CA!$A$2:$A$78,0)), "") -> 6 | K7: =_xlfn.IFNA( INDEX(CA!E$2:E$78,MATCH($E7,CA!$A$2:$A$78,0)), "") -> SOUTH | L7: #VALUE! | M7: #VALUE! | N7: #VALUE! | O7: #VALUE! | P7: #VALUE! | Q7: #VALUE! | R7: #VALUE! | S7: #VALUE! | T7: 0.10134973 | U7: =(T7/$G7)*$L7 -> #VALUE! | V7: 0.10134973 | W7: =(V7/$G7)*$L7 -> #VALUE! | X7: 0.10134973 | Y7: =(X7/$G7)*$L7 -> #VALUE! | Z7: 0.10134973 | AA7: =(Z7/$G7)*$L7 -> #VALUE!
A8: 839600 | B8: 17031839600 | C8: 17031 | D8: 2010 | E8: 35 | F8: 3518755 | G8: 0.12621797 | H8: =_xlfn.IFNA( INDEX(CA!B$2:B$78,MATCH($E8,CA!$A$2:$A$78,0)), "") -> DOUGLAS | I8: =_xlfn.IFNA( INDEX(CA!C$2:C$78,MATCH($E8,CA!$A$2:$A$78,0)), "") -> 6-A | J8: =_xlfn.IFNA( INDEX(CA!D$2:D$78,MATCH($E8,CA!$A$2:$A$78,0)), "") -> 6 | K8: =_xlfn.IFNA( INDEX(CA!E$2:E$78,MATCH($E8,CA!$A$2:$A$78,0)), "") -> SOUTH | L8: #VALUE! | M8: #VALUE! | N8: #VALUE! | O8: #VALUE! | P8: #VALUE! | Q8: #VALUE! | R8: #VALUE! | S8: #VALUE! | T8: 0.12621797 | U8: =(T8/$G8)*$L8 -> #VALUE! | V8: 0.12621797 | W8: =(V8/$G8)*$L8 -> #VALUE! | X8: 0.12621797 | Y8: =(X8/$G8)*$L8 -> #VALUE! | Z8: 0.12621797 | AA8: =(Z8/$G8)*$L8 -> #VALUE!
A9: 842000 | B9: 17031842000 | C9: 17031 | D9: 2010 | E9: 35 | F9: 6328580.6 | G9: 0.22700659 | H9: =_xlfn.IFNA( INDEX(CA!B$2:B$78,MATCH($E9,CA!$A$2:$A$78,0)), "") -> DOUGLAS | I9: =_xlfn.IFNA( INDEX(CA!C$2:C$78,MATCH($E9,CA!$A$2:$A$78,0)), "") -> 6-A | J9: =_xlfn.IFNA( INDEX(CA!D$2:D$78,MATCH($E9,CA!$A$2:$A$78,0)), "") -> 6 | K9: =_xlfn.IFNA( INDEX(CA!E$2:E$78,MATCH($E9,CA!$A$2:$A$78,0)), "") -> SOUTH | L9: #VALUE! | M9: #VALUE! | N9: #VALUE! | O9: #VALUE! | P9: #VALUE! | Q9: #VALUE! | R9: #VALUE! | S9: #VALUE! | T9: 0.2270066 | U9: =(T9/$G9)*$L9 -> #VALUE! | V9: 0.2270066 | W9: =(V9/$G9)*$L9 -> #VALUE! | X9: 0.2270066 | Y9: =(X9/$G9)*$L9 -> #VALUE! | Z9: 0.2270066 | AA9: =(Z9/$G9)*$L9 -> #VALUE!
A10: 839200 | B10: 17031839200 | C10: 17031 | D10: 2010 | E10: 35 | F10: 7006617.4 | G10: 0.25132782 | H10: =_xlfn.IFNA( INDEX(CA!B$2:B$78,MATCH($E10,CA!$A$2:$A$78,0)), "") -> DOUGLAS | I10: =_xlfn.IFNA( INDEX(CA!C$2:C$78,MATCH($E10,CA!$A$2:$A$78,0)), "") -> 6-A | J10: =_xlfn.IFNA( INDEX(CA!D$2:D$78,MATCH($E10,CA!$A$2:$A$78,0)), "") -> 6 | K10: =_xlfn.IFNA( INDEX(CA!E$2:E$78,MATCH($E10,CA!$A$2:$A$78,0)), "") -> SOUTH | L10: #VALUE! | M10: #VALUE! | N10: #VALUE! | O10: #VALUE! | P10: #VALUE! | Q10: #VALUE! | R10: #VALUE! | S10: #VALUE! | T10: 0.25132782 | U10: =(T10/$G10)*$L10 -> #VALUE! | V10: 0.25132782 | W10: =(V10/$G10)*$L10 -> #VALUE! | X10: 0.25132782 | Y10: =(X10/$G10)*$L10 -> #VALUE! | Z10: 0.25132782 | AA10: =(Z10/$G10)*$L10 -> #VALUE!
A11: 351000 | B11: 17031351000 | C11: 17031 | D11: 2010 | E11: 35 | F11: 8900946.2 | G11: 0.31927751 | H11: =_xlfn.IFNA( INDEX(CA!B$2:B$78,MATCH($E11,CA!$A$2:$A$78,0)), "") -> DOUGLAS | I11: =_xlfn.IFNA( INDEX(CA!C$2:C$78,MATCH($E11,CA!$A$2:$A$78,0)), "") -> 6-A | J11: =_xlfn.IFNA( INDEX(CA!D$2:D$78,MATCH($E11,CA!$A$2:$A$78,0)), "") -> 6 | K11: =_xlfn.IFNA( INDEX(CA!E$2:E$78,MATCH($E11,CA!$A$2:$A$78,0)), "") -> SOUTH | L11: #VALUE! | M11: #VALUE! | N11: #VALUE! | O11: #VALUE! | P11: #VALUE! | Q11: #VALUE! | R11: #VALUE! | S11: #VALUE! | T11: 0.31927751 | U11: =(T11/$G11)*$L11 -> #VALUE! | V11: 0.31927751 | W11: =(V11/$G11)*$L11 -> #VALUE! | X11: 0.31927751 | Y11: =(X11/$G11)*$L11 -> #VALUE! | Z11: 0.31927751 | AA11: =(Z11/$G11)*$L11 -> #VALUE!
A12: 351500 | B12: 17031351500 | C12: 17031 | D12: 2010 | E12: 35 | F12: 1818880.8 | G12: 0.065243372 | H12: =_xlfn.IFNA( INDEX(CA!B$2:B$78,MATCH($E12,CA!$A$2:$A$78,0)), "") -> DOUGLAS | I12: =_xlfn.IFNA( INDEX(CA!C$2:C$78,MATCH($E12,CA!$A$2:$A$78,0)), "") -> 6-A | J12: =_xlfn.IFNA( INDEX(CA!D$2:D$78,MATCH($E12,CA!$A$2:$A$78,0)), "") -> 6 | K12: =_xlfn.IFNA( INDEX(CA!E$2:E$78,MATCH($E12,CA!$A$2:$A$78,0)), "") -> SOUTH | L12: #VALUE! | M12: #VALUE! | N12: #VALUE! | O12: #VALUE! | P12: #VALUE! | Q12: #VALUE! | R12: #VALUE! | S12: #VALUE! | T12: 0.065243373 | U12: =(T12/$G12)*$L12 -> #VALUE! | V12: 0.065208649 | W12: =(V12/$G12)*$L12 -> #VALUE! | X12: 0.065208649 | Y12: =(X12/$G12)*$L12 -> #VALUE! | Z12: 0.065208649 | AA12: =(Z12/$G12)*$L12 -> #VALUE!
A13: 351400 | B13: 17031351400 | C13: 17031 | D13: 2010 | E13: 35 | F13: 3483715.8 | G13: 0.12496111 | H13: =_xlfn.IFNA( INDEX(CA!B$2:B$78,MATCH($E13,CA!$A$2:$A$78,0)), "") -> DOUGLAS | I13: =_xlfn.IFNA( INDEX(CA!C$2:C$78,MATCH($E13,CA!$A$2:$A$78,0)), "") -> 6-A | J13: =_xlfn.IFNA( INDEX(CA!D$2:D$78,MATCH($E13,CA!$A$2:$A$78,0)), "") -> 6 | K13: =_xlfn.IFNA( INDEX(CA!E$2:E$78,MATCH($E13,CA!$A$2:$A$78,0)), "") -> SOUTH | L13: #VALUE! | M13: #VALUE! | N13: #VALUE! | O13: #VALUE! | P13: #VALUE! | Q13: #VALUE! | R13: #VALUE! | S13: #VALUE! | T13: 0.12496111 | U13: =(T13/$G13)*$L13 -> #VALUE! | V13: 0.12496111 | W13: =(V13/$G13)*$L13 -> #VALUE! | X13: 0.12496111 | Y13: =(X13/$G13)*$L13 -> #VALUE! | Z13: 0.12496111 | AA13: =(Z13/$G13)*$L13 -> #VALUE!
A14: 351100 | B14: 17031351100 | C14: 17031 | D14: 2010 | E14: 35 | F14: 3776863.6 | G14: 0.13547634 | H14: =_xlfn.IFNA( INDEX(CA!B$2:B$78,MATCH($E14,CA!$A$2:$A$78,0)), "") -> DOUGLAS | I14: =_xlfn.IFNA( INDEX(CA!C$2:C$78,MATCH($E14,CA!$A$2:$A$78,0)), "") -> 6-A | J14: =_xlfn.IFNA( INDEX(CA!D$2:D$78,MATCH($E14,CA!$A$2:$A$78,0)), "") -> 6 | K14: =_xlfn.IFNA( INDEX(CA!E$2:E$78,MATCH($E14,CA!$A$2:$A$78,0)), "") -> SOUTH | L14: #VALUE! | M14: #VALUE! | N14: #VALUE! | O14: #VALUE! | P14: #VALUE! | Q14: #VALUE! | R14: #VALUE! | S14: #VALUE! | T14: 0.13547634 | U14: =(T14/$G14)*$L14 -> #VALUE! | V14: 0.13547634 | W14: =(V14/$G14)*$L14 -> #VALUE! | X14: 0.13547634 | Y14: =(X14/$G14)*$L14 -> #VALUE! | Z14: 0.13547634 | AA14: =(Z14/$G14)*$L14 -> #VALUE!
A15: 836500 | B15: 17031836500 | C15: 17031 | D15: 2010 | E15: 36 | F15: 5521904.7 | G15: 0.19807108 | H15: =_xlfn.IFNA( INDEX(CA!B$2:B$78,MATCH($E15,CA!$A$2:$A$78,0)), "") -> OAKLAND | I15: =_xlfn.IFNA( INDEX(CA!C$2:C$78,MATCH($E15,CA!$A$2:$A$78,0)), "") -> 6-A | J15: =_xlfn.IFNA( INDEX(CA!D$2:D$78,MATCH($E15,CA!$A$2:$A$78,0)), "") -> 6 | K15: =_xlfn.IFNA( INDEX(CA!E$2:E$78,MATCH($E15,CA!$A$2:$A$78,0)), "") -> SOUTH | L15: #VALUE! | M15: #VALUE! | N15: #VALUE! | O15: #VALUE! | P15: #VALUE! | Q15: #VALUE! | R15: #VALUE! | S15: #VALUE! | T15: 0.19807109 | U15: =(T15/$G15)*$L15 -> #VALUE! | V15: 0.19807109 | W15: =(V15/$G15)*$L15 -> #VALUE! | X15: 0.19807109 | Y15: =(X15/$G15)*$L15 -> #VALUE! | Z15: 0.19807109 | AA15: =(Z15/$G15)*$L15 -> #VALUE!
A16: 360200 | B16: 17031360200 | C16: 17031 | D16: 2010 | E16: 36 | F16: 2514325.2 | G16: 0.090189008 | H16: =_xlfn.IFNA( INDEX(CA!B$2:B$78,MATCH($E16,CA!$A$2:$A$78,0)), "") -> OAKLAND | I16: =_xlfn.IFNA( INDEX(CA!C$2:C$78,MATCH($E16,CA!$A$2:$A$78,0)), "") -> 6-A | J16: =_xlfn.IFNA( INDEX(CA!D$2:D$78,MATCH($E16,CA!$A$2:$A$78,0)), "") -> 6 | K16: =_xlfn.IFNA( INDEX(CA!E$2:E$78,MATCH($E16,CA!$A$2:$A$78,0)), "") -> SOUTH | L16: #VALUE! | M16: #VALUE! | N16: #VALUE! | O16: #VALUE! | P16: #VALUE! | Q16: #VALUE! | R16: #VALUE! | S16: #VALUE! | T16: 0.090189003 | U16: =(T16/$G16)*$L16 -> #VALUE! | V16: 0.090189003 | W16: =(V16/$G16)*$L16 -> #VALUE! | X16: 0.090189003 | Y16: =(X16/$G16)*$L16 -> #VALUE! | Z16: 0.090189003 | AA16: =(Z16/$G16)*$L16 -> #VALUE!
A17: 836400 | B17: 17031836400 | C17: 17031 | D17: 2010 | E17: 36 | F17: 8877731.1 | G17: 0.31844478 | H17: =_xlfn.IFNA( INDEX(CA!B$2:B$78,MATCH($E17,CA!$A$2:$A$78,0)), "") -> OAKLAND | I17: =_xlfn.IFNA( INDEX(CA!C$2:C$78,MATCH($E17,CA!$A$2:$A$78,0)), "") -> 6-A | J17: =_xlfn.IFNA( INDEX(CA!D$2:D$78,MATCH($E17,CA!$A$2:$A$78,0)), "") -> 6 | K17: =_xlfn.IFNA( INDEX(CA!E$2:E$78,MATCH($E17,CA!$A$2:$A$78,0)), "") -> SOUTH | L17: #VALUE! | M17: #VALUE! | N17: #VALUE! | O17: #VALUE! | P17: #VALUE! | Q17: #VALUE! | R17: #VALUE! | S17: #VALUE! | T17: 0.31844478 | U17: =(T17/$G17)*$L17 -> #VALUE! | V17: 0.31844478 | W17: =(V17/$G17)*$L17 -> #VALUE! | X17: 0.31844478 | Y17: =(X17/$G17)*$L17 -> #VALUE! | Z17: 0.31844478 | AA17: =(Z17/$G17)*$L17 -> #VALUE!
... A809: 831000 | B809: 17031831000 | C809: 17031 | D809: 2010 | E809: 22 | F809: 3038813.9 | G809: 0.10900245 | H809: =_xlfn.IFNA( INDEX(CA!B$2:B$78,MATCH($E809,CA!$A$2:$A$78,0)), "") -> LOGAN SQUARE | I809: =_xlfn.IFNA( INDEX(CA!C$2:C$78,MATCH($E809,CA!$A$2:$A$78,0)), "") -> 2-B | J809: =_xlfn.IFNA( INDEX(CA!D$2:D$78,MATCH($E809,CA!$A$2:$A$78,0)), "") -> 2 | K809: =_xlfn.IFNA( INDEX(CA!E$2:E$78,MATCH($E809,CA!$A$2:$A$78,0)), "") -> NORTHWEST | L809: #VALUE! | M809: #VALUE! | N809: #VALUE! | O809: #VALUE! | P809: #VALUE! | Q809: #VALUE! | R809: #VALUE! | S809: #VALUE! | T809: 0.10900245 | U809: =(T809/$G809)*$L809 -> #VALUE! | V809: 0.10900245 | W809: =(V809/$G809)*$L809 -> #VALUE! | X809: 0.10900245 | Y809: =(X809/$G809)*$L809 -> #VALUE! | Z809: 0.10900245 | AA809: =(Z809/$G809)*$L809 -> #VALUE!
A811: Reference formulas - Use these when updating values / linking to source data | G811: =F811/(5280*5280) -> 0 | H811: =_xlfn.IFNA( INDEX(CA!B$2:B$78,MATCH($E811,CA!$A$2:$A$78,0)), "") | I811: =_xlfn.IFNA( INDEX(CA!C$2:C$78,MATCH($E811,CA!$A$2:$A$78,0)), "") | J811: =_xlfn.IFNA( INDEX(CA!D$2:D$78,MATCH($E811,CA!$A$2:$A$78,0)), "") | K811: =_xlfn.IFNA( INDEX(CA!E$2:E$78,MATCH($E811,CA!$A$2:$A$78,0)), "") | L811: 0 | M811: 0 | N811: 0 | O811: 0 | P811: 0 | Q811: 0 | R811: 0 | S811: =M811-SUM(N811:R811) -> 0
L813: =SUM(L6:L809) -> #VALUE! | M813: =SUM(M6:M809) -> #VALUE! | N813: =SUM(N6:N809) -> #VALUE! | O813: =SUM(O6:O809) -> #VALUE! | P813: =SUM(P6:P809) -> #VALUE! | Q813: =SUM(Q6:Q809) -> #VALUE! | R813: =SUM(R6:R809) -> #VALUE! | S813: =SUM(S6:S809) -> #VALUE!
L814: 2739477 | M814: 1276010 | N814: 740643 | O814: 352515 | P814: 7540 | Q814: 20614 | R814: 84786 | S814: 69912

Sheet Tract_2000

Sheet Tract_2010

Sheet Tract_2020

Sheet CA
A1: AREA_NUMBER | B1: AREA_NAME | C1: COM_GROUP | D1: PLAN_DIST | E1: PLAN_REGIO | F1: Mob_Index | G1: EcoH_Index | H1: MobEco_Ind
A2: 1 | B2: ROGERS PARK | C2: 1-A | D2: 1 | E2: NORTH | F2: 33.799999 | G2: 44.099998 | H2: 39
A3: 2 | B3: WEST RIDGE | C3: 1-A | D3: 1 | E3: NORTH | F3: 37.5 | G3: 57.700001 | H3: 47.599998
A4: 3 | B4: UPTOWN | C4: 1-A | D4: 1 | E4: NORTH | F4: 22.9 | G4: 34.400002 | H4: 28.6
A5: 4 | B5: LINCOLN SQUARE | C5: 1-A | D5: 1 | E5: NORTH | F5: 19.200001 | G5: 24.6 | H5: 21.9
A6: 5 | B6: NORTH CENTER | C6: 1-B | D6: 1 | E6: NORTH | F6: 7.3000002 | G6: 19.5 | H6: 13.4
A7: 6 | B7: LAKE VIEW | C7: 1-B | D7: 1 | E7: NORTH | F7: 2.3 | G7: 13.2 | H7: 7.6999998
A8: 7 | B8: LINCOLN PARK | C8: 1-B | D8: 1 | E8: NORTH | F8: 0 | G8: 12 | H8: 6
A9: 77 | B9: EDGEWATER | C9: 1-A | D9: 1 | E9: NORTH | F9: 29.799999 | G9: 32.5 | H9: 31.200001
A10: 9 | B10: EDISON PARK | C10: 2-C | D10: 2 | E10: NORTHWEST | F10: 22.6 | G10: 21.6 | H10: 22.1
A11: 10 | B11: NORWOOD PARK | C11: 2-C | D11: 2 | E11: NORTHWEST | F11: 25.299999 | G11: 29.6 | H11: 27.5
A12: 11 | B12: JEFFERSON PARK | C12: 2-A | D12: 2 | E12: NORTHWEST | F12: 30.9 | G12: 34.400002 | H12: 32.599998
A13: 12 | B13: FOREST GLEN | C13: 2-A | D13: 2 | E13: NORTHWEST | F13: 30.1 | G13: 30.299999 | H13: 30.200001
... A72: 69 | B72: GREATER GRAND CROSSING | C72: 6-B | D72: 6 | E72: SOUTH | F72: 73.599998 | G72: 57.799999 | H72: 65.699997
A73: 8 | B73: NEAR NORTH SIDE | C73: 7 | D73: 7 | E73: CENTRAL | F73: 1.1 | G73: 11.3 | H73: 6.1999998
A74: 24 | B74: WEST TOWN | C74: 3-B | D74: 7 | E74: CENTRAL | F74: 5.5 | G74: 16.799999 | H74: 11.2
A75: 28 | B75: NEAR WEST SIDE | C75: 3-B | D75: 7 | E75: CENTRAL | F75: 14.5 | G75: 29.4 | H75: 21.9
A76: 31 | B76: LOWER WEST SIDE | C76: 3-B | D76: 7 | E76: CENTRAL | F76: 41.599998 | G76: 45.099998 | H76: 43.299999
A77: 32 | B77: LOOP | C77: 7 | D77: 7 | E77: CENTRAL | F77: 2.2 | G77: 14.1 | H77: 8.1000004
A78: 33 | B78: NEAR SOUTH SIDE | C78: 7 | D78: 7 | E78: CENTRAL | F78: 13.4 | G78: 10.3 | H78: 11.8

Sheet ACS Mode Share

Sheet ACS Vehicles

Sheet ACS Car Households

Sheet Bus Ridership

Sheet Rail Ridership

Sheet NTD

Sheet Network_Bikeways
A1: Chicago Bike Network
A2: CDOT Bike Program
B4: 44893 | C4: Date of GIS export
AE8: Formula for MI_LANE
A9: FID | B9: STREET | C9: PRE_DIR | D9: ST_NAME | E9: ST_TYPE | F9: ONEWAY_DIR | G9: L_F_ADDR | H9: R_F_ADDR | I9: F_STREET | J9: L_T_ADDR | K9: R_T_ADDR | L9: T_STREET | M9: CLASS | O9: BIKEROUTE | P9: INST_TYPE | Q9: PROJECT_ID | R9: INST_PRO | S9: INST_YR | T9: INST_MO | U9: INST_NOTES | V9: MAIN_PRO | W9: MAIN_YR | X9: MAIN_MO | Y9: MAIN_NOTES | Z9: RESTRIPED | AA9: RESURFACED | AB9: MI_CTRLINE | AC9: MI_LANE | AD9: BR_NAME | AE9: BR_ONEWAY | AF9: BR_OW_DIR | AG9: CONTRAFLOW | AH9: PBL_ADJ_TW | AI9: PBL_PROTEC | AJ9: PASSING | AK9: CONC_PVMT | AL9: CONC_YR | AM9: EQUITY_N | AN9: EQUITY_NW | AO9: EQUITY_W | AP9: EQUITY_S | AQ9: EQUITY_SW | AR9: EQUITY_FS | AS9: EQUITY_C
A10: FID | B10: STREET | C10: PRE_DIR | D10: ST_NAME | E10: ST_TYPE | F10: ONEWAY_DIR | G10: L_F_ADDR | H10: R_F_ADDR | I10: F_STREET | J10: L_T_ADDR | K10: R_T_ADDR | L10: T_STREET | M10: CLASS | N10: DISPLAYROU | O10: BIKEROUTE | P10: INST_TYPE | Q10: PROJECT_ID | R10: INST_PRO | S10: INST_YR | T10: INST_MO | U10: INST_NOTES | V10: MAIN_PRO | W10: MAIN_YR | X10: MAIN_MO | Y10: MAIN_NOTES | Z10: RESTRIPED | AA10: RESURFACED | AB10: MI_CTRLINE | AC10: MI_LANE | AD10: BR_NAME | AE10: BR_ONEWAY | AF10: BR_OW_DIR | AG10: CONTRAFLOW | AH10: PBL_ADJ_TW | AI10: PBL_PROTEC | AJ10: PASSING | AK10: CONC_PVMT | AL10: CONC_YR | AM10: EQUITY_N | AN10: EQUITY_NW | AO10: EQUITY_W | AP10: EQUITY_S | AQ10: EQUITY_SW | AR10: EQUITY_FS | AS10: EQUITY_C | AT10: EQUITY CHECK | AU10: EDIT_DATE_ | AV10: EDIT_QA | AW10: Curbside | AX10: NETWORKTYP | AY10: ROUTE_TYPE | AZ10: S_Speed
A11: 0 | B11: MARQUETTE RD | C11: W | D11: MARQUETTE | E11: RD | F11: - | G11: 3201 | H11: 3200 | I11: S CENTRAL PARK AVE | J11: 3557 | K11: 3556 | L11: S KEDZIE AVE | M11: 3 | N11: BUFFERED BIKE LANE | O11: BUFFERED BIKE LANE | P11: UPGRADE | Q11: 2002-17 | R11: STP RESURFACING | S11: 2019 | T11: 0 | U11: EB curbside | V11: BIKE LANE RESTRIPING 2020 | W11: 2020 | X11: 0 | Z11: 2020 | AA11: 2019 | AB11: 0.49516973 | AC11: 0.99033947 | AD11: - | AE11: N | AF11: - | AG11: - | AH11: - | AI11: - | AJ11: - | AK11: - | AL11: 0 | AM11: 0 | AN11: 0 | AO11: 0 | AP11: 0 | AQ11: 1 | AR11: 0 | AS11: 0 | AT11: =SUM(AM11:AS11) -> 1 | AU11: 04.07.2022 | AV11: JP | AW11: Y | AX11: 2 | AY11: Arterial
A12: 1 | B12: MARQUETTE RD | C12: W | D12: MARQUETTE | E12: RD | F12: - | G12: 3159 | H12: 3158 | I12: S KEDZIE AVE | J12: 3001 | K12: 3000 | L12: S SACRAMENTO AVE | M12: 3 | N12: SHARED-LANE | O12: SHARED-LANE | P12: MAINTAIN | Q12: 2002-17 | R12: STP RESURFACING | S12: 2019 | T12: 0 | V12: BIKE LANE RESTRIPING 2020 | W12: 2020 | X12: 0 | Z12: 2020 | AA12: 2019 | AB12: 0.25240306 | AC12: 0.50480611 | AD12: - | AE12: N | AF12: - | AG12: - | AH12: - | AI12: - | AJ12: - | AK12: - | AL12: 0 | AM12: 0 | AN12: 0 | AO12: 0 | AP12: 0 | AQ12: 1 | AR12: 0 | AS12: 0 | AT12: =SUM(AM12:AS12) -> 1 | AU12: 44658 | AV12: JP | AW12: - | AX12: 2 | AY12: Arterial | AZ12: -
A13: 2 | B13: 18TH ST | C13: W | D13: 18TH | E13: ST | G13: 1901 | H13: 1900 | I13: S DAMEN AVE | J13: 1401 | K13: 1400 | L13: S LOOMIS ST | M13: 3 | N13: BIKE LANE | O13: BIKE LANE | P13: NEW | Q13: 2011-3 | R13: CMAQ 2009 | S13: 2011 | T13: 6 | V13: Divvy Restriping | W13: 2018 | X13: 7 | Z13: 2018 | AA13: 0 | AB13: 0.75732065 | AC13: 1.5146413 | AE13: N | AL13: 0 | AM13: 0 | AN13: 0 | AO13: 0 | AP13: 0 | AQ13: 0 | AR13: 0 | AS13: 1 | AT13: =SUM(AM13:AS13) -> 1 | AU13: 43322 | AV13: JP | AX13: 2 | AY13: Arterial
A14: 3 | B14: LAKE SHORE DR | C14: S | D14: LAKE SHORE | E14: DR | G14: 8100 | H14: 8101 | I14: E 81ST ST | J14: 8700 | K14: 8701 | L14: E 87TH ST | M14: 2 | N14: BUFFERED BIKE LANE | O14: BUFFERED BIKE LANE | P14: NEW | Q14: 2013-9 | R14: US 41 EXTENSION | S14: 2013 | T14: 10 | U14: RESURFACED | W14: 0 | X14: 0 | Z14: 2013 | AA14: 2013 | AB14: 0.75430901 | AC14: 1.508618 | AE14: N | AL14: 0 | AM14: 0 | AN14: 0 | AO14: 0 | AP14: 1 | AQ14: 0 | AR14: 0 | AS14: 0 | AT14: =SUM(AM14:AS14) -> 1 | AU14: 12.08.2020 | AV14: JP | AW14: N | AX14: 2 | AY14: Arterial
A15: 4 | B15: LAKE ST | C15: W | D15: LAKE | E15: ST | F15: - | G15: 3200 | H15: 3201 | I15: N KEDZIE AVE | J15: 2000 | K15: 2001 | L15: N DAMEN AVE | M15: 3 | N15: PROTECTED BIKE LANE | O15: PROTECTED BIKE LANE | P15: UPGRADE | Q15: 2012-24 | R15: AR 21 - FED | S15: 2022 | T15: 11 | W15: 0 | X15: 0 | Z15: 2022 | AA15: 2022 | AB15: 1.5227683 | AC15: 3.0455366 | AD15: - | AE15: N | AF15: - | AG15: - | AH15: N | AI15: CONCRETE | AJ15: - | AK15: - | AL15: 0 | AM15: 0 | AN15: 0 | AO15: 0.5 | AP15: 0 | AQ15: 0 | AR15: 0 | AS15: 0.5 | AT15: =SUM(AM15:AS15) -> 1 | AU15: 11.17.2022 | AV15: JP | AW15: Y | AX15: 1 | AY15: Arterial | AZ15: 30
A16: 5 | B16: WELLS ST | C16: S | D16: WELLS | E16: ST | F16: S | G16: 351 | H16: 350 | I16: W VAN BUREN ST | J16: 151 | K16: 150 | L16: W ARCADE PL | M16: 4 | N16: SHARED-LANE | O16: SHARED-LANE | P16: NEW | Q16: 2012-28 | R16: BIKE PRGM 12 | S16: 2012 | T16: 6 | W16: 0 | X16: 0 | Z16: 2012 | AA16: 0 | AB16: 0.30683475 | AC16: 0.30683475 | AE16: Y | AF16: S | AG16: N | AL16: 0 | AM16: 0 | AN16: 0 | AO16: 0 | AP16: 0 | AQ16: 0 | AR16: 0 | AS16: 1 | AT16: =SUM(AM16:AS16) -> 1 | AU16: 43328 | AV16: JP | AX16: 2 | AY16: Arterial
A17: 6 | B17: 55TH PL | C17: E | D17: 55TH | E17: PL | F17: W | G17: 1400 | H17: 1401 | I17: S DORCHESTER AVE | J17: 1464 | K17: 1463 | L17: E 55TH ST | M17: 2 | N17: BUFFERED BIKE LANE | O17: BUFFERED BIKE LANE | P17: NEW | R17: BIKE PRGM 12 | S17: 2012 | T17: 7 | U17: ROAD DIET | V17: CDOT RESTRIPING | W17: 2017 | X17: 6 | Z17: 2017 | AA17: 0 | AB17: 0.1405204 | AC17: 0.1405204 | AE17: Y | AF17: W | AG17: N | AL17: 0 | AM17: 0 | AN17: 0 | AO17: 0 | AP17: 1 | AQ17: 0 | AR17: 0 | AS17: 0 | AT17: =SUM(AM17:AS17) -> 1 | AU17: 43328 | AV17: JP | AW17: N | AX17: 2 | AY17: Arterial
A18: 7 | B18: 55TH PL | C18: E | D18: 55TH | E18: PL | F18: E | G18: 1366 | H18: 1351 | I18: E 55TH ST | J18: 1390 | K18: 1391 | L18: S DORCHESTER AVE | M18: 2 | N18: PROTECTED BIKE LANE | O18: PROTECTED BIKE LANE | P18: UPGRADE | R18: AR 18 | S18: 2019 | T18: 5 | U18: RESURFACED, CONCRETE UPGRADES | W18: 0 | X18: 0 | Z18: 2019 | AA18: 2019 | AB18: 0.04569508 | AC18: 0.04569508 | AE18: Y | AF18: E | AG18: N | AI18: NONE | AJ18: - | AL18: 0 | AM18: 0 | AN18: 0 | AO18: 0 | AP18: 1 | AQ18: 0 | AR18: 0 | AS18: 0 | AT18: =SUM(AM18:AS18) -> 1 | AU18: 10.25.2022 | AV18: JP | AW18: - | AX18: 1 | AY18: Arterial
A19: 8 | B19: WABASH AVE | C19: S | D19: WABASH | E19: AVE | G19: 898 | H19: 899 | I19: E 9TH ST | J19: 601 | K19: 600 | L19: E HARRISON ST | M19: 4 | N19: BUFFERED BIKE LANE | O19: BUFFERED BIKE LANE | P19: NEW | Q19: 2012-27 | R19: BIKE PRGM 12 | S19: 2012 | T19: 7 | U19: ROAD DIET | V19: BIKE LANE RESTRIPING 2020 | W19: 2020 | X19: 0 | Z19: 2020 | AA19: 0 | AB19: 0.26595669 | AC19: 0.53191339 | AE19: N | AL19: 0 | AM19: 0 | AN19: 0 | AO19: 0 | AP19: 0 | AQ19: 0 | AR19: 0 | AS19: 1 | AT19: =SUM(AM19:AS19) -> 1 | AU19: 12.08.2020 | AV19: JP | AW19: N | AX19: 2 | AY19: Arterial
A20: 9 | B20: JACKSON BLVD | C20: W | D20: JACKSON | E20: BLVD | G20: 3787 | H20: 3786 | I20: S HAMLIN BLVD | J20: 3601 | K20: 3600 | L20: S CENTRAL PARK BLVD | M20: 4 | N20: PROTECTED BIKE LANE | O20: PROTECTED BIKE LANE | P20: NEW | R20: BIKE PRGM 12 | S20: 2012 | T20: 6 | U20: ROAD DIET | V20: DIVVY 18 | W20: 2018 | X20: 5 | Z20: 2018 | AA20: 0 | AB20: 0.25049819 | AC20: 0.50099637 | AE20: N | AF20: - | AG20: - | AH20: - | AI20: POST | AJ20: - | AK20: Y | AL20: 2018 | AM20: 0 | AN20: 0 | AO20: 1 | AP20: 0 | AQ20: 0 | AR20: 0 | AS20: 0 | AT20: =SUM(AM20:AS20) -> 1 | AU20: 05.18.2022 | AV20: JP | AW20: Y | AX20: 1 | AY20: Arterial
A21: 10 | B21: ELSTON AVE | C21: N | D21: ELSTON | E21: AVE | G21: 828 | H21: 825 | I21: N MILWAUKEE AVE | J21: 874 | K21: 871 | L21: W CHESTNUT ST | M21: 3 | N21: BUFFERED BIKE LANE | O21: BUFFERED BIKE LANE | P21: UPGRADE | R21: AR 11 | S21: 2012 | T21: 6 | U21: RESURFACED | W21: 0 | X21: 0 | Z21: 2012 | AA21: 2012 | AB21: 0.096969646 | AC21: 0.19393929 | AE21: N | AL21: 0 | AM21: 0 | AN21: 0 | AO21: 0 | AP21: 0 | AQ21: 0 | AR21: 0 | AS21: 1 | AT21: =SUM(AM21:AS21) -> 1 | AU21: 43332 | AV21: JP | AW21: N | AX21: 2 | AY21: Arterial
A22: 11 | B22: HALSTED ST | C22: N | D22: HALSTED | E22: ST | G22: 2000 | H22: 2001 | I22: W ARMITAGE AVE | J22: 2200 | K22: 2201 | L22: W WEBSTER AVE | M22: 2 | N22: BIKE LANE | O22: BIKE LANE | P22: NEW | R22: BIKE PRGM 00 | S22: 2000 | T22: 7 | V22: AR 17 | W22: 2018 | X22: 9 | Y22: RESURFACED | Z22: 2018 | AA22: 2018 | AB22: 0.25112071 | AC22: 0.50224143 | AE22: N | AL22: 0 | AM22: 1 | AN22: 0 | AO22: 0 | AP22: 0 | AQ22: 0 | AR22: 0 | AS22: 0 | AT22: =SUM(AM22:AS22) -> 1 | AU22: 43333 | AV22: JP | AX22: 2 | AY22: Arterial
A23: 12 | B23: HALSTED ST | C23: N | D23: HALSTED | E23: ST | G23: 2800 | H23: 2801 | I23: W DIVERSEY PKWY | J23: 3000 | K23: 3001 | L23: W WELLINGTON AVE | M23: 2 | N23: BUFFERED BIKE LANE | O23: BUFFERED BIKE LANE | P23: UPGRADE | Q23: 2004-8 | R23: EMERGENCY REPAIR PROGRAM | S23: 2012 | T23: 7 | U23: RESURFACED | V23: MAINTENANCE 2020 | W23: 2020 | X23: 0 | Z23: 2020 | AA23: 2012 | AB23: 0.25265117 | AC23: 0.50530235 | AE23: N | AL23: 0 | AM23: 1 | AN23: 0 | AO23: 0 | AP23: 0 | AQ23: 0 | AR23: 0 | AS23: 0 | AT23: =SUM(AM23:AS23) -> 1 | AU23: 08.28.2020 | AV23: JP | AW23: N | AX23: 2 | AY23: Arterial
A24: 13 | B24: CALIFORNIA AVE | C24: S | D24: CALIFORNIA | E24: AVE | G24: 2411 | H24: 2412 | I24: W 24TH BLVD | J24: 2200 | K24: 2201 | L24: W CERMAK RD | M24: 3 | N24: BIKE LANE | O24: BIKE LANE | P24: NEW | R24: CMAQ V(2) | S24: 2007 | T24: 10 | V24: Divvy 18 | W24: 2018 | X24: 9 | Z24: 2018 | AA24: 2012 | AB24: 0.27746195 | AC24: 0.55492389 | AE24: N | AL24: 0 | AM24: 0 | AN24: 0 | AO24: 1 | AP24: 0 | AQ24: 0 | AR24: 0 | AS24: 0 | AT24: =SUM(AM24:AS24) -> 1 | AU24: 43335 | AV24: JP | AX24: 2 | AY24: Arterial
A25: 14 | B25: MARQUETTE RD | C25: E | D25: MARQUETTE | E25: RD | G25: 500 | H25: 501 | I25: S EBERHART AVE | J25: 800 | K25: 801 | L25: S COTTAGE GROVE AVE | M25: 3 | N25: BIKE LANE | O25: BIKE LANE | P25: NEW | R25: CMAQ IV | S25: 2003 | T25: 7 | V25: Bike Program Maintenance 2021 | W25: 2021 | X25: 0 | Z25: 2021 | AA25: 2011 | AB25: 0.37651479 | AC25: 0.75302959 | AE25: N | AF25: - | AG25: - | AH25: - | AI25: - | AJ25: - | AK25: - | AL25: 0 | AM25: 0 | AN25: 0 | AO25: 0 | AP25: 1 | AQ25: 0 | AR25: 0 | AS25: 0 | AT25: =SUM(AM25:AS25) -> 1 | AU25: 03.24.2022 | AV25: JP | AW25: Y | AX25: 2 | AY25: Arterial
A26: 15 | B26: WASHINGTON BLVD | C26: W | D26: WASHINGTON | E26: BLVD | F26: E | G26: 725 | H26: 726 | I26: N HALSTED ST | J26: 723 | K26: 724 | L26: I-90/94 | M26: 4 | N26: BUFFERED BIKE LANE | O26: BUFFERED BIKE LANE | P26: UPGRADE | Q26: 2006-8 | R26: LOOP LINK | S26: 2018 | T26: 6 | W26: 0 | X26: 0 | Z26: 2018 | AA26: 2012 | AB26: 0.051135638 | AC26: 0.051135638 | AD26: LOOP LINK | AE26: Y | AF26: E | AG26: N | AL26: 0 | AM26: 0 | AN26: 0 | AO26: 0 | AP26: 0 | AQ26: 0 | AR26: 0 | AS26: 1 | AT26: =SUM(AM26:AS26) -> 1 | AU26: 43335 | AV26: JP | AW26: N | AX26: 2 | AY26: Arterial
A27: 16 | B27: OAKWOOD BLVD | C27: E | D27: OAKWOOD | E27: BLVD | G27: 376 | H27: 377 | I27: S DR MARTIN LUTHER KING JR DR | J27: 530 | K27: 531 | L27: S VINCENNES AVE | M27: 3 | N27: BIKE LANE | O27: BIKE LANE | P27: NEW | R27: CMAQ III | S27: 2002 | T27: 7 | V27: VZ2018 | W27: 2018 | X27: 8 | Z27: 2018 | AA27: 2009 | AB27: 0.21007186 | AC27: 0.42014373 | AE27: N | AL27: 0 | AM27: 0 | AN27: 0 | AO27: 0 | AP27: 1 | AQ27: 0 | AR27: 0 | AS27: 0 | AT27: =SUM(AM27:AS27) -> 1 | AU27: 43335 | AV27: JP | AX27: 2 | AY27: Arterial
A28: 17 | B28: OAKWOOD BLVD | C28: E | D28: OAKWOOD | E28: BLVD | G28: 536 | H28: 537 | I28: S VINCENNES AVE | J28: 650 | K28: 649 | L28: S LANGLEY AVE | M28: 3 | N28: BIKE LANE | O28: BIKE LANE | P28: NEW | R28: CMAQ III | S28: 2002 | T28: 7 | V28: UTILITY | W28: 2017 | X28: 10 | Y28: RESURFACED | Z28: 2017 | AA28: 2017 | AB28: 0.15975541 | AC28: 0.31951083 | AE28: N | AL28: 0 | AM28: 0 | AN28: 0 | AO28: 0 | AP28: 1 | AQ28: 0 | AR28: 0 | AS28: 0 | AT28: =SUM(AM28:AS28) -> 1 | AU28: 43335 | AV28: JP | AX28: 2 | AY28: Arterial
A29: 18 | B29: OAKWOOD BLVD | C29: E | D29: OAKWOOD | E29: BLVD | G29: 700 | H29: 701 | I29: S LANGLEY AVE | J29: 768 | K29: 773 | L29: S COTTAGE GROVE AVE | M29: 3 | N29: BIKE LANE | O29: BIKE LANE | P29: NEW | R29: CMAQ III | S29: 2002 | T29: 7 | V29: UTILITY | W29: 2017 | X29: 10 | Y29: RESURFACED | Z29: 2017 | AA29: 2017 | AB29: 0.1521576 | AC29: 0.3043152 | AE29: N | AL29: 0 | AM29: 0 | AN29: 0 | AO29: 0 | AP29: 1 | AQ29: 0 | AR29: 0 | AS29: 0 | AT29: =SUM(AM29:AS29) -> 1 | AU29: 43335 | AV29: JP | AX29: 2 | AY29: Arterial
A30: 19 | B30: ALBION AVE | C30: W | D30: ALBION | E30: AVE | F30: E | G30: 1253 | H30: 1252 | I30: N LAKEWOOD AVE | J30: 1200 | K30: 1201 | L30: N SHERIDAN RD | M30: 4 | N30: NEIGHBORHOOD GREENWAY | O30: SHARED-LANE | P30: NEW | R30: BIKE PRGM 12 | S30: 2012 | T30: 7 | U30: WB CONTRAFLOW LANE | W30: 0 | X30: 0 | Z30: 2012 | AA30: 0 | AB30: 0.25067333 | AC30: 0.50134666 | AE30: N | AG30: Y | AL30: 0 | AM30: 1 | AN30: 0 | AO30: 0 | AP30: 0 | AQ30: 0 | AR30: 0 | AS30: 0 | AT30: =SUM(AM30:AS30) -> 1 | AU30: 08.28.2020 | AV30: JP | AX30: 3 | AY30: Neighborhood
A31: 20 | B31: HALSTED ST | C31: S | D31: HALSTED | E31: ST | G31: 7401 | H31: 7400 | I31: W 74TH ST | J31: 6901 | K31: 6900 | L31: W 69TH ST | M31: 2 | N31: BUFFERED BIKE LANE | O31: BUFFERED BIKE LANE | P31: NEW | Q31: 2012-19 | R31: AR 11 | S31: 2012 | T31: 7 | U31: RESURFACED | W31: 0 | X31: 0 | Z31: 2012 | AA31: 2012 | AB31: 0.62727999 | AC31: 1.25456 | AE31: N | AL31: 0 | AM31: 0 | AN31: 0 | AO31: 0 | AP31: 0 | AQ31: 1 | AR31: 0 | AS31: 0 | AT31: =SUM(AM31:AS31) -> 1 | AU31: 08.28.2020 | AV31: JP | AW31: N | AX31: 2 | AY31: Arterial
A32: 21 | B32: KENMORE AVE | C32: N | D32: KENMORE | E32: AVE | F32: N | G32: 5800 | H32: 5801 | I32: W ARDMORE AVE | J32: 5928 | K32: 5929 | L32: W THORNDALE AVE | M32: 4 | N32: BIKE LANE | O32: BIKE LANE | P32: MAINTAIN | R32: BIKE PRGM 14 | S32: 2014 | T32: 6 | W32: 0 | X32: 0 | Z32: 2014 | AA32: 0 | AB32: 0.18996178 | AC32: 0.18996178 | AE32: Y | AF32: N | AG32: N | AL32: 0 | AM32: 1 | AN32: 0 | AO32: 0 | AP32: 0 | AQ32: 0 | AR32: 0 | AS32: 0 | AT32: =SUM(AM32:AS32) -> 1 | AU32: 43335 | AV32: JP | AX32: 3 | AY32: Neighborhood | AZ32: 20
A33: 22 | B33: 83RD ST | C33: E | D33: 83RD | E33: ST | G33: 3132 | H33: 3133 | I33: S SOUTH SHORE DR | J33: 3358 | K33: 3359 | L33: S GREEN BAY AVE | M33: 3 | N33: BIKE LANE | O33: BIKE LANE | P33: NEW | Q33: 2011-9 | R33: MENU RESURFACING | S33: 2011 | T33: 6 | U33: RESURFACED | W33: 0 | X33: 0 | Z33: 2011 | AA33: 2011 | AB33: 0.31073508 | AC33: 0.62147016 | AE33: N | AL33: 0 | AM33: 0 | AN33: 0 | AO33: 0 | AP33: 1 | AQ33: 0 | AR33: 0 | AS33: 0 | AT33: =SUM(AM33:AS33) -> 1 | AU33: 43335 | AV33: JP | AX33: 2 | AY33: Arterial
A34: 23 | B34: DESPLAINES ST | C34: S | D34: DESPLAINES | E34: ST | F34: S | G34: 525 | H34: 524 | I34: W HARRISON ST | J34: 1 | K34: 2 | L34: W MADISON ST | M34: 4 | N34: PROTECTED BIKE LANE | O34: PROTECTED BIKE LANE | P34: NEW | Q34: 2012-12 | R34: BIKE PRGM 12 | S34: 2012 | T34: 11 | U34: ROAD DIET | W34: 0 | X34: 0 | Z34: 2012 | AA34: 0 | AB34: 0.51544828 | AC34: 0.51544828 | AE34: Y | AF34: S | AG34: N | AH34: N | AI34: POST | AJ34: - | AK34: - | AL34: 0 | AM34: 0 | AN34: 0 | AO34: 0 | AP34: 0 | AQ34: 0 | AR34: 0 | AS34: 1 | AT34: =SUM(AM34:AS34) -> 1 | AU34: 10.25.2022 | AV34: JP | AW34: Y | AX34: 1 | AY34: Arterial
A35: 24 | B35: CLARK ST | C35: N | D35: CLARK | E35: ST | G35: 1000 | H35: 1001 | I35: W OAK ST | J35: 1556 | K35: 1557 | L35: W NORTH AVE | M35: 3 | N35: BUFFERED BIKE LANE | O35: BUFFERED BIKE LANE | P35: NEW | Q35: 2012-8 | R35: AR 11 | S35: 2012 | T35: 8 | U35: RESURFACED | W35: 0 | X35: 0 | Z35: 2012 | AA35: 2012 | AB35: 0.73372982 | AC35: 1.4674596 | AE35: N | AL35: 0 | AM35: 0 | AN35: 0 | AO35: 0 | AP35: 0 | AQ35: 0 | AR35: 0 | AS35: 1 | AT35: =SUM(AM35:AS35) -> 1 | AU35: 43336 | AV35: JP | AW35: N | AX35: 2 | AY35: Arterial
A36: 25 | B36: BERTEAU AVE | C36: W | D36: BERTEAU | E36: AVE | G36: 1923 | H36: 1924 | I36: N DAMEN AVE | J36: 1600 | K36: 1601 | L36: N ASHLAND AVE | M36: 4 | N36: NEIGHBORHOOD GREENWAY | O36: SHARED-LANE | P36: NEW | Q36: 2013-2 | R36: MENU STRIPING | S36: 2013 | T36: 10 | W36: 0 | X36: 0 | Z36: 2013 | AA36: 0 | AB36: 0.50047928 | AC36: 1.0009586 | AD36: BERTEAU GREENWAY | AE36: N | AL36: 0 | AM36: 1 | AN36: 0 | AO36: 0 | AP36: 0 | AQ36: 0 | AR36: 0 | AS36: 0 | AT36: =SUM(AM36:AS36) -> 1 | AU36: 43336 | AV36: JP | AX36: 3 | AY36: Neighborhood
A37: 26 | B37: SOUTH CHICAGO AVE | C37: S | D37: SOUTH CHICAGO | E37: AVE | G37: 9379 | H37: 9386 | I37: S BALTIMORE AVE | J37: 7901 | K37: 7900 | L37: E 79TH ST | M37: 3 | N37: BUFFERED BIKE LANE | O37: BUFFERED BIKE LANE | P37: UPGRADE | Q37: 1996-9 | R37: AR 11 | S37: 2012 | T37: 6 | U37: ROAD DIET; RESURFACED | W37: 0 | X37: 0 | Z37: 2012 | AA37: 2012 | AB37: 2.6692262 | AC37: 5.3384525 | AE37: N | AL37: 0 | AM37: 0 | AN37: 0 | AO37: 0 | AP37: 1 | AQ37: 0 | AR37: 0 | AS37: 0 | AT37: =SUM(AM37:AS37) -> 1 | AU37: 43336 | AV37: JP | AW37: N | AX37: 2 | AY37: Arterial
A38: 27 | B38: WELLS ST | C38: N | D38: WELLS | E38: ST | G38: 800 | H38: 801 | I38: W CHICAGO AVE | J38: 1600 | K38: 1601 | L38: W NORTH AVE | M38: 4 | N38: BUFFERED BIKE LANE | O38: BUFFERED BIKE LANE | P38: MAINTAIN | Q38: 1993-4 | R38: AR 12 | S38: 2013 | T38: 7 | U38: RESURFACED | V38: MAINTENANCE 2020 | W38: 2020 | X38: 0 | Z38: 2020 | AA38: 2013 | AB38: 1.0056321 | AC38: 2.0112643 | AE38: N | AL38: 0 | AM38: 0 | AN38: 0 | AO38: 0 | AP38: 0 | AQ38: 0 | AR38: 0 | AS38: 1 | AT38: =SUM(AM38:AS38) -> 1 | AU38: 08.28.2020 | AV38: JP | AW38: N | AX38: 2 | AY38: Arterial
A39: 28 | B39: MILWAUKEE AVE | C39: N | D39: MILWAUKEE | E39: AVE | G39: 5100 | H39: 5100 | I39: N CARMEN AVE | J39: 6131 | K39: 6124 | L39: N HYACINTH ST | M39: 3 | N39: BUFFERED BIKE LANE | O39: BUFFERED BIKE LANE | P39: UPGRADE | Q39: 2011-28 | R39: AR 14 | S39: 2015 | T39: 7 | U39: RESURFACED | W39: 0 | X39: 0 | Z39: 2015 | AA39: 2015 | AB39: 1.6753159 | AC39: 3.3506317 | AE39: N | AL39: 0 | AM39: 0 | AN39: 1 | AO39: 0 | AP39: 0 | AQ39: 0 | AR39: 0 | AS39: 0 | AT39: =SUM(AM39:AS39) -> 1 | AU39: 43336 | AV39: JP | AW39: N | AX39: 2 | AY39: Arterial
A40: 29 | B40: GRAND AVE | C40: W | D40: GRAND | E40: AVE | F40: W | G40: 500 | H40: 501 | I40: N DEARBORN ST | J40: 520 | K40: 521 | L40: N STATE ST | M40: 3 | N40: BUFFERED BIKE LANE | O40: BUFFERED BIKE LANE | P40: MAINTAIN | Q40: 2011-20 | R40: BIKE PRGM 14 | S40: 2014 | T40: 9 | V40: MAINTENANCE 2020 | W40: 2020 | X40: 0 | Z40: 2020 | AA40: 0 | AB40: 0.081661266 | AC40: 0.081661266 | AE40: Y | AF40: W | AG40: N | AL40: 0 | AM40: 0 | AN40: 0 | AO40: 0 | AP40: 0 | AQ40: 0 | AR40: 0 | AS40: 1 | AT40: =SUM(AM40:AS40) -> 1 | AU40: 08.28.2020 | AV40: JP | AW40: N | AX40: 2 | AY40: Arterial
A41: 30 | B41: MILWAUKEE AVE | C41: N | D41: MILWAUKEE | E41: AVE | G41: 1600 | H41: 1601 | I41: W NORTH AVE | J41: 1764 | K41: 1769 | L41: N LEAVITT ST | M41: 3 | N41: BIKE LANE | O41: DASHED BIKE LANE | P41: UPGRADE | Q41: 2005-9 | R41: BIKE PRGM 17 | S41: 2017 | T41: 9 | U41: DASHED BIKE LANE FOR MAJORITY | W41: 0 | X41: 0 | Z41: 2017 | AA41: 2005 | AB41: 0.41450981 | AC41: 0.82901961 | AE41: N | AL41: 0 | AM41: 0 | AN41: 0 | AO41: 0 | AP41: 0 | AQ41: 0 | AR41: 0 | AS41: 1 | AT41: =SUM(AM41:AS41) -> 1 | AU41: 43336 | AV41: JP | AX41: 2 | AY41: Arterial | AZ41: 20
A42: 31 | B42: CALIFORNIA AVE | C42: N | D42: CALIFORNIA | E42: AVE | G42: 3600 | H42: 3601 | I42: W ADDISON ST | J42: 4401 | K42: 4400 | L42: N MONTROSE AVE | M42: 3 | N42: SHARED-LANE | O42: SHARED-LANE | P42: NEW | Q42: 2011-12 | R42: CMAQ 2009 | S42: 2011 | T42: 9 | W42: 0 | X42: 0 | Z42: 2011 | AA42: 0 | AB42: 1.0057464 | AC42: 2.0114928 | AE42: N | AL42: 0 | AM42: 0 | AN42: 1 | AO42: 0 | AP42: 0 | AQ42: 0 | AR42: 0 | AS42: 0 | AT42: =SUM(AM42:AS42) -> 1 | AU42: 43335 | AV42: JP | AX42: 2 | AY42: Arterial
A43: 32 | B43: JACKSON BLVD | C43: W | D43: JACKSON | E43: BLVD | G43: 2363 | H43: 2358 | I43: S WESTERN AVE | J43: 2301 | K43: 2300 | L43: S OAKLEY BLVD | M43: 4 | N43: BUFFERED BIKE LANE | O43: BUFFERED BIKE LANE | P43: NEW | Q43: 2011-22 | R43: TERM 11 | S43: 2011 | T43: 10 | U43: WESTBOUND - BIKE LANE | W43: 0 | X43: 0 | Z43: 2011 | AA43: 2011 | AB43: 0.12756244 | AC43: 0.25512489 | AE43: N | AL43: 0 | AM43: 0 | AN43: 0 | AO43: 0 | AP43: 0 | AQ43: 0 | AR43: 0 | AS43: 1 | AT43: =SUM(AM43:AS43) -> 1 | AU43: 43332 | AV43: JP | AW43: N | AX43: 2 | AY43: Arterial
A44: 33 | B44: JACKSON BLVD | C44: W | D44: JACKSON | E44: BLVD | G44: 2057 | H44: 2058 | I44: S HOYNE AVE | J44: 2001 | K44: 2000 | L44: S DAMEN AVE | M44: 4 | N44: BUFFERED BIKE LANE | O44: BUFFERED BIKE LANE | P44: NEW | Q44: 2011-22 | R44: TERM 11 | S44: 2011 | T44: 10 | U44: WESTBOUND - BIKE LANE | W44: 0 | X44: 0 | Z44: 2011 | AA44: 2011 | AB44: 0.12753278 | AC44: 0.25506556 | AE44: N | AL44: 0 | AM44: 0 | AN44: 0 | AO44: 0 | AP44: 0 | AQ44: 0 | AR44: 0 | AS44: 1 | AT44: =SUM(AM44:AS44) -> 1 | AU44: 43332 | AV44: JP | AW44: N | AX44: 2 | AY44: Arterial
A45: 34 | B45: JACKSON BLVD | C45: W | D45: JACKSON | E45: BLVD | G45: 2301 | H45: 2300 | I45: S OAKLEY BLVD | J45: 2101 | K45: 2100 | L45: S HOYNE AVE | M45: 4 | N45: PROTECTED BIKE LANE | O45: PROTECTED BIKE LANE | P45: NEW | Q45: 2011-22 | R45: TERM 11 | S45: 2011 | T45: 10 | U45: WB BL; EB curbside PBL | W45: 0 | X45: 0 | Z45: 2011 | AA45: 2011 | AB45: 0.25262842 | AC45: 0.50525684 | AE45: N | AI45: POST | AJ45: - | AL45: 0 | AM45: 0 | AN45: 0 | AO45: 0 | AP45: 0 | AQ45: 0 | AR45: 0 | AS45: 1 | AT45: =SUM(AM45:AS45) -> 1 | AU45: 10.25.2022 | AV45: JP | AW45: Y | AX45: 1 | AY45: Arterial
A46: 35 | B46: JACKSON BLVD | C46: W | D46: JACKSON | E46: BLVD | F46: E | G46: 2001 | H46: 2000 | I46: S DAMEN AVE | J46: 1751 | K46: 1750 | L46: W OGDEN AVE | M46: 4 | N46: PROTECTED BIKE LANE | O46: PROTECTED BIKE LANE | P46: NEW | Q46: 2011-22 | R46: TERM 11 | S46: 2011 | T46: 10 | U46: ROAD DIET | W46: 0 | X46: 0 | Z46: 2011 | AA46: 2011 | AB46: 0.30168895 | AC46: 0.30168895 | AE46: Y | AF46: E | AG46: N | AI46: POST | AJ46: - | AL46: 0 | AM46: 0 | AN46: 0 | AO46: 0 | AP46: 0 | AQ46: 0 | AR46: 0 | AS46: 1 | AT46: =SUM(AM46:AS46) -> 1 | AU46: 10.25.2022 | AV46: JP | AW46: Y | AX46: 1 | AY46: Arterial
A47: 36 | B47: WABASH AVE | C47: S | D47: WABASH | E47: AVE | G47: 2143 | H47: 2142 | I47: E CERMAK RD | J47: 1801 | K47: 1800 | L47: E 18TH ST | M47: 4 | N47: BUFFERED BIKE LANE | O47: BUFFERED BIKE LANE | P47: UPGRADE | Q47: 1996-10 | R47: TERM 11 | S47: 2012 | T47: 7 | U47: RESURFACED | V47: BIKE LANE RESTRIPING 2020 | W47: 2020 | X47: 0 | Z47: 2020 | AA47: 2012 | AB47: 0.34546323 | AC47: 0.69092645 | AE47: N | AL47: 0 | AM47: 0 | AN47: 0 | AO47: 0 | AP47: 0 | AQ47: 0 | AR47: 0 | AS47: 1 | AT47: =SUM(AM47:AS47) -> 1 | AU47: 12.08.2020 | AV47: JP | AW47: N | AX47: 2 | AY47: Arterial
A48: 37 | B48: STATE ST | C48: S | D48: STATE | E48: ST | G48: 1901 | H48: 1900 | I48: W CULLERTON ST | J48: 1843 | K48: 1856 | L48: W 18TH ST | M48: 2 | N48: BUFFERED BIKE LANE | O48: BUFFERED BIKE LANE | P48: NEW | Q48: 2013-12 | R48: AR 12 | S48: 2013 | T48: 10 | U48: ROAD DIET; RESURFACED | V48: MAINTENANCE 2020 | W48: 2020 | X48: 0 | Z48: 2020 | AA48: 2013 | AB48: 0.16315132 | AC48: 0.32630264 | AE48: N | AL48: 0 | AM48: 0 | AN48: 0 | AO48: 0 | AP48: 0 | AQ48: 0 | AR48: 0 | AS48: 1 | AT48: =SUM(AM48:AS48) -> 1 | AU48: 08.25.2020 | AV48: JP | AW48: N | AX48: 2 | AY48: Arterial
A49: 38 | B49: PAYNE DR | C49: S | D49: PAYNE | E49: DR | F49: - | G49: 5519 | H49: 5520 | I49: E RAINEY DR | J49: 5501 | K49: 5500 | L49: E 55TH ST | M49: 3 | N49: PROTECTED BIKE LANE | O49: PROTECTED BIKE LANE | P49: UPGRADE | R49: AR 21 - FEDERAL | S49: 2022 | T49: 7 | W49: 0 | X49: 0 | Z49: 2022 | AA49: 2022 | AB49: 0.067515942 | AC49: 0.13503188 | AD49: - | AE49: - | AF49: - | AG49: - | AH49: - | AI49: POST | AJ49: - | AK49: - | AL49: 0 | AM49: 0 | AN49: 0 | AO49: 0 | AP49: 1 | AQ49: 0 | AR49: 0 | AS49: 0 | AT49: =SUM(AM49:AS49) -> 1 | AU49: 09.20.2022 | AV49: JP | AW49: Y | AX49: 2 | AY49: Arterial | AZ49: 30
A50: 39 | B50: VINCENNES AVE | C50: S | D50: VINCENNES | E50: AVE | G50: 7559 | H50: 7559 | I50: W 76TH ST | J50: 6901 | K50: 6900 | L50: W 69TH ST | M50: 3 | N50: BUFFERED BIKE LANE | O50: BUFFERED BIKE LANE | P50: UPGRADE | R50: SFC I | S50: 2018 | T50: 8 | W50: 0 | X50: 0 | Z50: 2018 | AA50: 2011 | AB50: 0.93836993 | AC50: 1.8767399 | AE50: N | AL50: 0 | AM50: 0 | AN50: 0 | AO50: 0 | AP50: 1 | AQ50: 0 | AR50: 0 | AS50: 0 | AT50: =SUM(AM50:AS50) -> 1 | AU50: 03.17.2022 | AV50: JP | AW50: N | AX50: 2 | AY50: Arterial
A51: 40 | B51: 100TH ST | C51: E | D51: 100TH | E51: ST | G51: 2635 | H51: 2634 | I51: S TORRENCE AVE | J51: 3601 | K51: 3600 | L51: S AVE L | M51: 3 | N51: BIKE LANE | O51: BIKE LANE | P51: NEW | Q51: 2011-1 | R51: AR 10 | S51: 2011 | T51: 7 | U51: CALUMET RIVER TO CALUMET RIVER - CONCRETE PVMT - 2018 | V51: BIKE LANE RESTRIPING 2020 | W51: 2020 | X51: 0 | Z51: 2020 | AA51: 2011 | AB51: 1.2069696 | AC51: 2.4139392 | AE51: N | AK51: Y | AL51: 2018 | AM51: 0 | AN51: 0 | AO51: 0 | AP51: 0 | AQ51: 0 | AR51: 1 | AS51: 0 | AT51: =SUM(AM51:AS51) -> 1 | AU51: 12.08.2020 | AV51: JP | AX51: 2 | AY51: Arterial
A52: 41 | B52: NORTHWEST HWY | C52: N | D52: NORTHWEST | E52: HWY | G52: 6575 | H52: 6576 | I52: N OKETO AVE | J52: 6432 | K52: 6433 | L52: W DEVON AVE | M52: 3 | N52: SHARED-LANE | O52: SHARED-LANE | P52: NEW | Q52: 2011-32 | R52: AR 10 | S52: 2011 | T52: 8 | U52: RESURFACED | W52: 0 | X52: 0 | Z52: 2011 | AA52: 2011 | AB52: 0.2999979 | AC52: 0.59999579 | AE52: N | AL52: 0 | AM52: 0 | AN52: 1 | AO52: 0 | AP52: 0 | AQ52: 0 | AR52: 0 | AS52: 0 | AT52: =SUM(AM52:AS52) -> 1 | AU52: 43339 | AV52: JP | AX52: 2 | AY52: Arterial
A53: 42 | B53: NORTHWEST HWY | C53: N | D53: NORTHWEST | E53: HWY | G53: 5727 | H53: 5726 | I53: N NAGLE AVE | J53: 6191 | K53: 6190 | L53: N SAYRE AVE | M53: 3 | N53: BIKE LANE | O53: BIKE LANE | P53: NEW | Q53: 2011-32 | R53: AR 10 | S53: 2011 | T53: 8 | U53: RESURFACED | V53: BIKE LANE RESTRIPING 2020 | W53: 2020 | X53: 0 | Z53: 2020 | AA53: 2011 | AB53: 0.94913404 | AC53: 1.8982681 | AE53: N | AL53: 0 | AM53: 0 | AN53: 1 | AO53: 0 | AP53: 0 | AQ53: 0 | AR53: 0 | AS53: 0 | AT53: =SUM(AM53:AS53) -> 1 | AU53: 12.08.2020 | AV53: JP | AX53: 2 | AY53: Arterial
A54: 43 | B54: TOUHY AVE | C54: W | D54: TOUHY | E54: AVE | G54: 2365 | H54: 2364 | I54: N WESTERN AVE | J54: 1301 | K54: 1300 | L54: N SHERIDAN RD | M54: 2 | N54: SHARED-LANE | O54: SHARED-LANE | P54: NEW | R54: MENU STRIPING | S54: 2011 | T54: 9 | V54: AR 17 | W54: 2017 | X54: 11 | Y54: RESURFACED | Z54: 2017 | AA54: 2017 | AB54: 1.3916879 | AC54: 2.7833758 | AE54: N | AL54: 0 | AM54: 1 | AN54: 0 | AO54: 0 | AP54: 0 | AQ54: 0 | AR54: 0 | AS54: 0 | AT54: =SUM(AM54:AS54) -> 1 | AU54: 43339 | AV54: JP | AX54: 2 | AY54: Arterial
A55: 44 | B55: MORSE AVE | C55: W | D55: MORSE | E55: AVE | G55: 1599 | H55: 1600 | I55: N ASHLAND AVE | J55: 1335 | K55: 1332 | L55: N WAYNE AVE | M55: 4 | N55: BIKE LANE | O55: BIKE LANE | P55: NEW | Q55: 2011-30 | R55: STREETSCAPE | S55: 2011 | T55: 6 | U55: RESURFACED | W55: 0 | X55: 0 | Z55: 2011 | AA55: 2011 | AB55: 0.25736586 | AC55: 0.51473173 | AE55: N | AL55: 0 | AM55: 1 | AN55: 0 | AO55: 0 | AP55: 0 | AQ55: 0 | AR55: 0 | AS55: 0 | AT55: =SUM(AM55:AS55) -> 1 | AU55: 43339 | AV55: JP | AX55: 2 | AY55: Arterial | AZ55: 20
A56: 45 | B56: MILWAUKEE AVE | C56: N | D56: MILWAUKEE | E56: AVE | F56: - | G56: 800 | H56: 801 | I56: W CHICAGO AVE | J56: 828 | K56: 829 | L56: N ELSTON AVE | M56: 3 | N56: PROTECTED BIKE LANE | O56: PROTECTED BIKE LANE | P56: UPGRADE | R56: AR 21 - FED | S56: 2022 | T56: 11 | W56: 0 | X56: 0 | Z56: 2022 | AA56: 2022 | AB56: 0.074015901 | AC56: 0.1480318 | AD56: - | AE56: N | AF56: - | AG56: - | AH56: - | AI56: CONCRETE | AJ56: - | AK56: - | AL56: 0 | AM56: 0 | AN56: 0 | AO56: 0 | AP56: 0 | AQ56: 0 | AR56: 0 | AS56: 1 | AT56: =SUM(AM56:AS56) -> 1 | AU56: 11.17.2022 | AV56: JP | AW56: Y | AX56: 2 | AY56: Arterial | AZ56: 30
A57: 46 | B57: FRANKLIN ST | C57: N | D57: FRANKLIN | E57: ST | F57: N | G57: 2 | H57: 1 | I57: W MADISON ST | J57: 198 | K57: 199 | L57: W LAKE ST | M57: 4 | N57: BUFFERED BIKE LANE | O57: BUFFERED BIKE LANE | P57: NEW | R57: WACKER DRIVE RECONSTRUCTION | S57: 2012 | T57: 12 | V57: UTILITY | W57: 2015 | X57: 8 | Y57: RESURFACED; 2018 RANDOLPH TO COUCH UTILITY MAINTENANCE | Z57: 2015 | AA57: 2015 | AB57: 0.26239612 | AC57: 0.26239612 | AE57: Y | AF57: N | AG57: N | AL57: 0 | AM57: 0 | AN57: 0 | AO57: 0 | AP57: 0 | AQ57: 0 | AR57: 0 | AS57: 1 | AT57: =SUM(AM57:AS57) -> 1 | AU57: 43339 | AV57: JP | AW57: N | AX57: 2 | AY57: Arterial
A58: 47 | B58: DESPLAINES ST | C58: S | D58: DESPLAINES | E58: ST | F58: S | G58: 1101 | H58: 1100 | I58: W ROOSEVELT RD | J58: 825 | K58: 824 | L58: W POLK ST | M58: 4 | N58: BUFFERED BIKE LANE | O58: BUFFERED BIKE LANE | P58: NEW | R58: BIKE PRGM 12 | S58: 2012 | T58: 11 | U58: ROAD DIET | V58: VZ2018 | W58: 2018 | X58: 8 | Y58: RESURFACED 2014 POLK TO CABRINI | Z58: 2018 | AA58: 2014 | AB58: 0.32940642 | AC58: 0.32940642 | AE58: Y | AF58: S | AG58: N | AL58: 0 | AM58: 0 | AN58: 0 | AO58: 0 | AP58: 0 | AQ58: 0 | AR58: 0 | AS58: 1 | AT58: =SUM(AM58:AS58) -> 1 | AU58: 43336 | AV58: JP | AW58: N | AX58: 2 | AY58: Arterial
A59: 48 | B59: FRANKLIN ST | C59: S | D59: FRANKLIN | E59: ST | F59: N | G59: 301 | H59: 300 | I59: W VAN BUREN ST | J59: 151 | K59: 150 | L59: W MONROE ST | M59: 4 | N59: BUFFERED BIKE LANE | O59: BUFFERED BIKE LANE | P59: NEW | Q59: 2012-18 | R59: WACKER DRIVE RECONSTRUCTION | S59: 2012 | T59: 12 | U59: RESURFACED | W59: 0 | X59: 0 | Z59: 2012 | AA59: 2012 | AB59: 0.26333513 | AC59: 0.26333513 | AE59: Y | AF59: N | AG59: N | AL59: 0 | AM59: 0 | AN59: 0 | AO59: 0 | AP59: 0 | AQ59: 0 | AR59: 0 | AS59: 1 | AT59: =SUM(AM59:AS59) -> 1 | AU59: 43339 | AV59: JP | AW59: N | AX59: 2 | AY59: Arterial
A60: 49 | B60: ELLSWORTH DR | C60: S | D60: ELLSWORTH | E60: DR | G60: 5475 | H60: 5476 | I60: E GARFIELD BLVD | J60: 5101 | K60: 5100 | L60: E 51ST ST | M60: 4 | N60: BUFFERED BIKE LANE | O60: BUFFERED BIKE LANE | P60: NEW | Q60: 2012-16 | R60: BIKE PRGM 12 | S60: 2012 | T60: 11 | U60: RESURFACED | V60: BIKE LANE RESTRIPING 2020 | W60: 2020 | X60: 0 | Z60: 2020 | AA60: 2012 | AB60: 0.56384894 | AC60: 1.1276979 | AE60: N | AL60: 0 | AM60: 0 | AN60: 0 | AO60: 0 | AP60: 1 | AQ60: 0 | AR60: 0 | AS60: 0 | AT60: =SUM(AM60:AS60) -> 1 | AU60: 12.08.2020 | AV60: JP | AW60: N | AX60: 2 | AY60: Arterial
A61: 50 | B61: CLYBOURN AVE | C61: N | D61: CLYBOURN | E61: AVE | G61: 1778 | H61: 1785 | I61: W SHEFFIELD AVE | J61: 2160 | K61: 2167 | L61: N SOUTHPORT AVE | M61: 3 | N61: BUFFERED BIKE LANE | O61: BUFFERED BIKE LANE | P61: NEW | R61: AR 12 | S61: 2013 | T61: 8 | U61: RESURFACED | V61: DIVVY RESTRIPING | W61: 2017 | X61: 10 | Y61: RESURFACED | Z61: 2017 | AA61: 2013 | AB61: 0.7143526 | AC61: 1.4287052 | AE61: N | AL61: 0 | AM61: 1 | AN61: 0 | AO61: 0 | AP61: 0 | AQ61: 0 | AR61: 0 | AS61: 0 | AT61: =SUM(AM61:AS61) -> 1 | AU61: 43339 | AV61: JP | AW61: N | AX61: 2 | AY61: Arterial
A62: 51 | B62: MILWAUKEE AVE | C62: N | D62: MILWAUKEE | E62: AVE | G62: 654 | H62: 649 | I62: W ERIE ST | J62: 770 | K62: 773 | L62: N OGDEN AVE | M62: 3 | N62: PROTECTED BIKE LANE | O62: PROTECTED BIKE LANE | P62: UPGRADE | R62: SFC IV 3B | S62: 2018 | T62: 8 | U62: CONCRETE | W62: 0 | X62: 0 | Z62: 2018 | AA62: 2014 | AB62: 0.27334477 | AC62: 0.54668954 | AE62: N | AH62: N | AI62: CONCRETE | AJ62: N | AL62: 0 | AM62: 0 | AN62: 0 | AO62: 0 | AP62: 0 | AQ62: 0 | AR62: 0 | AS62: 1 | AT62: =SUM(AM62:AS62) -> 1 | AU62: 10.25.2022 | AV62: JP | AW62: Y | AX62: 1 | AY62: Arterial
A63: 52 | B63: SACRAMENTO DR | C63: S | D63: SACRAMENTO | E63: DR | G63: 1895 | H63: 1896 | I63: W 19TH ST | J63: 1607 | K63: 1606 | L63: W OGDEN AVE | M63: 4 | N63: PROTECTED BIKE LANE | O63: PROTECTED BIKE LANE | P63: NEW | Q63: 2012-26 | R63: WEST SIDE BOULEVARDS | S63: 2012 | T63: 12 | U63: ROAD DIET | V63: VZ2018 | W63: 2018 | X63: 8 | Z63: 2018 | AA63: 0 | AB63: 0.30793876 | AC63: 0.61587751 | AE63: N | AH63: N | AI63: POST | AJ63: - | AK63: - | AL63: 0 | AM63: 0 | AN63: 0 | AO63: 1 | AP63: 0 | AQ63: 0 | AR63: 0 | AS63: 0 | AT63: =SUM(AM63:AS63) -> 1 | AU63: 03.17.2022 | AV63: JP | AW63: Y | AX63: 1 | AY63: Arterial
A64: 53 | B64: INDEPENDENCE BLVD | C64: S | D64: INDEPENDENCE | E64: BLVD | G64: 1349 | H64: 1358 | I64: W DOUGLAS BLVD | J64: 601 | K64: 600 | L64: W HARRISON ST | M64: 3 | N64: PROTECTED BIKE LANE | O64: PROTECTED BIKE LANE | P64: UPGRADE | R64: NEIGHBORHOOD BIKE NETWORK | S64: 2021 | T64: 11 | W64: 0 | X64: 0 | Z64: 2021 | AA64: 2015 | AB64: 0.72427831 | AC64: 1.4485566 | AE64: N | AF64: - | AG64: - | AH64: - | AI64: POST | AJ64: - | AK64: - | AL64: 0 | AM64: 0 | AN64: 0 | AO64: 1 | AP64: 0 | AQ64: 0 | AR64: 0 | AS64: 0 | AT64: =SUM(AM64:AS64) -> 1 | AU64: 11.16.2021 | AV64: JP | AW64: Y | AX64: 2 | AY64: Arterial
A65: 54 | B65: DOUGLAS BLVD | C65: W | D65: DOUGLAS | E65: BLVD | G65: 3725 | H65: 3730 | I65: S RIDGEWAY AVE | J65: 3100 | K65: 3101 | L65: S ALBANY AVE | M65: 3 | N65: PROTECTED BIKE LANE | O65: PROTECTED BIKE LANE | P65: UPGRADE | R65: NEIGHBORHOOD BIKE NETWORK | S65: 2021 | T65: 11 | V65: AR 15 | W65: 2015 | X65: 12 | Z65: 2021 | AA65: 2015 | AB65: 0.87530898 | AC65: 1.750618 | AE65: N | AF65: - | AG65: - | AH65: - | AI65: POST | AJ65: - | AK65: - | AL65: 0 | AM65: 0 | AN65: 0 | AO65: 1 | AP65: 0 | AQ65: 0 | AR65: 0 | AS65: 0 | AT65: =SUM(AM65:AS65) -> 1 | AU65: 10.25.2022 | AV65: JP | AW65: Y | AX65: 2 | AY65: Arterial
A66: 55 | B66: MILWAUKEE AVE | C66: N | D66: MILWAUKEE | E66: AVE | F66: - | G66: 400 | H66: 401 | I66: W KINZIE ST | J66: 446 | K66: 439 | L66: W HUBBARD STREET | M66: 3 | N66: PROTECTED BIKE LANE | O66: PROTECTED BIKE LANE | P66: UPGRADE | R66: AR 22 - BOND | S66: 0 | T66: 0 | W66: 0 | X66: 0 | Z66: 0 | AA66: 0 | AB66: 0.11058283 | AC66: 0.22116565 | AD66: - | AE66: - | AF66: - | AG66: - | AH66: - | AI66: CONCRETE | AJ66: - | AL66: 0 | AM66: 0 | AN66: 0 | AO66: 0 | AP66: 0 | AQ66: 0 | AR66: 0 | AS66: 1 | AT66: =SUM(AM66:AS66) -> 1 | AU66: 11.28.2022 | AV66: JP | AW66: Y | AX66: 1 | AY66: Arterial | AZ66: 30
A67: 56 | B67: DIVERSEY AVE | C67: W | D67: DIVERSEY | E67: AVE | G67: 4001 | H67: 4000 | I67: N PULASKI RD | J67: 4401 | K67: 4400 | L67: N KOSTNER AVE | M67: 3 | N67: BIKE LANE | O67: BIKE LANE | P67: NEW | R67: AR 02 | S67: 2002 | T67: 9 | U67: TRIPP TO KARLOV - CONCRETE PVMT - 2018; RESURFACED | V67: MAINTENANCE 2020 | W67: 2020 | X67: 4 | Z67: 2020 | AA67: 2014 | AB67: 0.50700302 | AC67: 1.014006 | AE67: N | AK67: Y | AL67: 2018 | AM67: 0 | AN67: 1 | AO67: 0 | AP67: 0 | AQ67: 0 | AR67: 0 | AS67: 0 | AT67: =SUM(AM67:AS67) -> 1 | AU67: 08.25.2020 | AV67: JP | AX67: 2 | AY67: Arterial
A68: 57 | B68: ELSTON AVE | C68: N | D68: ELSTON | E68: AVE | G68: 5486 | H68: 5487 | I68: N LYNCH AVE | J68: 6150 | K68: 6151 | L68: N MELVINA AVE | M68: 3 | N68: BUFFERED BIKE LANE | O68: BUFFERED BIKE LANE | P68: UPGRADE | R68: BIKE PRGM 14 | S68: 2015 | T68: 5 | U68: 2006 RESURFACED BRYN MAWR TO MILWAUKEE; 2006 RESURFACED CICERO TO BRYN MAWR | V68: AR 18 | W68: 2018 | X68: 11 | Y68: RESURFACED | Z68: 2018 | AA68: 2018 | AB68: 1.3672489 | AC68: 2.7344977 | AE68: N | AL68: 0 | AM68: 0 | AN68: 1 | AO68: 0 | AP68: 0 | AQ68: 0 | AR68: 0 | AS68: 0 | AT68: =SUM(AM68:AS68) -> 1 | AU68: 43332 | AV68: JP | AW68: N | AX68: 2 | AY68: Arterial
A69: 58 | B69: MARSHALL BLVD | C69: S | D69: MARSHALL | E69: BLVD | G69: 2420 | H69: 2421 | I69: W 24TH BLVD | J69: 2100 | K69: 2101 | L69: W 21ST ST | M69: 4 | N69: BUFFERED BIKE LANE | O69: BUFFERED BIKE LANE | P69: NEW | R69: WEST SIDE BOULEVARDS | S69: 2012 | T69: 12 | U69: ROAD DIET | V69: MENU RESTRIPING | W69: 2017 | X69: 4 | Z69: 2017 | AA69: 0 | AB69: 0.33615117 | AC69: 0.67230234 | AE69: N | AL69: 0 | AM69: 0 | AN69: 0 | AO69: 1 | AP69: 0 | AQ69: 0 | AR69: 0 | AS69: 0 | AT69: =SUM(AM69:AS69) -> 1 | AU69: 43339 | AV69: JP | AW69: N | AX69: 2 | AY69: Arterial
A70: 59 | B70: 24TH BLVD | C70: W | D70: 24TH | E70: BLVD | G70: 2935 | H70: 2914 | I70: S MARSHALL BLVD | J70: 2801 | K70: 2800 | L70: S CALIFORNIA AVE | M70: 4 | N70: BUFFERED BIKE LANE | O70: BUFFERED BIKE LANE | P70: NEW | R70: WEST SIDE BOULEVARDS | S70: 2012 | T70: 12 | U70: ROAD DIET | V70: AR 15 | W70: 2015 | X70: 11 | Y70: RESURFACED | Z70: 2015 | AA70: 2015 | AB70: 0.18217298 | AC70: 0.36434595 | AE70: N | AL70: 0 | AM70: 0 | AN70: 0 | AO70: 1 | AP70: 0 | AQ70: 0 | AR70: 0 | AS70: 0 | AT70: =SUM(AM70:AS70) -> 1 | AU70: 43339 | AV70: JP | AW70: N | AX70: 2 | AY70: Arterial
A71: 60 | B71: BROADWAY | C71: N | D71: BROADWAY | E71: - | F71: - | G71: 4400 | H71: 4401 | I71: W MONTROSE AVE | J71: 4600 | K71: 4601 | L71: W WILSON AVE | M71: 3 | N71: PROTECTED BIKE LANE | O71: PROTECTED BIKE LANE | P71: NEW | Q71: 2014-3 | R71: BIKE PRGM 14 | S71: 2014 | T71: 6 | U71: ROAD DIET | V71: VZ2018 | W71: 2018 | X71: 8 | Z71: 2018 | AA71: 0 | AB71: 0.27760041 | AC71: 0.55520082 | AE71: N | AH71: N | AI71: POST | AJ71: - | AL71: 0 | AM71: 1 | AN71: 0 | AO71: 0 | AP71: 0 | AQ71: 0 | AR71: 0 | AS71: 0 | AT71: =SUM(AM71:AS71) -> 1 | AU71: 10.25.2022 | AV71: JP | AW71: Y | AX71: 1 | AY71: Arterial
A72: 61 | B72: MARTIN LUTHER KING JR DR | C72: S | D72: MARTIN LUTHER KING JR | E72: DR | G72: 5033 | H72: 5032 | I72: E 51ST ST | J72: 3859 | K72: 3858 | L72: E 38TH ST | M72: 3 | N72: BUFFERED BIKE LANE | O72: BUFFERED BIKE LANE | P72: UPGRADE | R72: COOK COUNTY STRIPING | S72: 2012 | T72: 11 | V72: TERM 14 | W72: 2014 | X72: 7 | Y72: RESURFACED | Z72: 2014 | AA72: 2014 | AB72: 1.6270669 | AC72: 3.2541337 | AE72: N | AL72: 0 | AM72: 0 | AN72: 0 | AO72: 0 | AP72: 1 | AQ72: 0 | AR72: 0 | AS72: 0 | AT72: =SUM(AM72:AS72) -> 1 | AU72: 43349 | AV72: JP | AW72: Y | AX72: 2 | AY72: Arterial
A73: 62 | B73: DAMEN AVE | C73: N | D73: DAMEN | E73: AVE | G73: 1601 | H73: 1600 | I73: W NORTH AVE | J73: 1960 | K73: 1961 | L73: W ARMITAGE AVE | M73: 3 | N73: BIKE LANE | O73: BIKE LANE | P73: NEW | R73: CMAQ III | S73: 2002 | T73: 8 | V73: AR 19 | W73: 2020 | X73: 0 | Y73: RESURFACED | Z73: 2020 | AA73: 2020 | AB73: 0.5050935 | AC73: 1.010187 | AE73: N | AL73: 0 | AM73: 0 | AN73: 0.5 | AO73: 0.5 | AP73: 0 | AQ73: 0 | AR73: 0 | AS73: 0 | AT73: =SUM(AM73:AS73) -> 1 | AU73: 12.08.2020 | AV73: JP | AX73: 2 | AY73: Arterial
A74: 63 | B74: SOUTH CHICAGO AVE | C74: S | D74: SOUTH CHICAGO | E74: AVE | G74: 9484 | H74: 9483 | I74: E 95TH ST | J74: 9388 | K74: 9389 | L74: S BALTIMORE AVE | M74: 3 | N74: BIKE LANE | O74: BIKE LANE | P74: NEW | R74: CMAQ I | S74: 1996 | T74: 5 | V74: DIVVY 18 | W74: 2018 | X74: 5 | Z74: 2018 | AA74: 2000 | AB74: 0.19261416 | AC74: 0.38522832 | AE74: N | AK74: Y | AL74: 2018 | AM74: 0 | AN74: 0 | AO74: 0 | AP74: 1 | AQ74: 0 | AR74: 0 | AS74: 0 | AT74: =SUM(AM74:AS74) -> 1 | AU74: 43336 | AV74: JP | AX74: 2 | AY74: Arterial
A75: 64 | B75: MILWAUKEE AVE | C75: N | D75: MILWAUKEE | E75: AVE | F75: - | G75: 1000 | H75: 1001 | I75: W AUGUSTA AVE | J75: 1200 | K75: 1201 | L75: W DIVISION ST | M75: 3 | N75: PROTECTED BIKE LANE | O75: PROTECTED BIKE LANE | P75: UPGRADE | Q75: 2007-28 | R75: AR 21 - FED | S75: 2022 | T75: 11 | W75: 0 | X75: 0 | Z75: 2022 | AA75: 2022 | AB75: 0.37478702 | AC75: 0.74957404 | AD75: - | AE75: N | AF75: - | AG75: - | AH75: - | AI75: CONCRETE | AJ75: - | AK75: - | AL75: 0 | AM75: 0 | AN75: 0 | AO75: 0 | AP75: 0 | AQ75: 0 | AR75: 0 | AS75: 1 | AT75: =SUM(AM75:AS75) -> 1 | AU75: 11.17.2022 | AV75: JP | AW75: Y | AX75: 2 | AY75: Arterial | AZ75: 30
A76: 65 | B76: HALSTED ST | C76: S | D76: HALSTED | E76: ST | G76: 6900 | H76: 6901 | I76: W 69TH ST | J76: 6700 | K76: 6701 | L76: W MARQUETTE RD | M76: 2 | N76: BUFFERED BIKE LANE | O76: BUFFERED BIKE LANE | P76: NEW | Q76: 2014-8 | R76: SFC II A | S76: 2014 | T76: 5 | W76: 0 | X76: 0 | Z76: 2014 | AA76: 0 | AB76: 0.25091187 | AC76: 0.50182373 | AE76: N | AL76: 0 | AM76: 0 | AN76: 0 | AO76: 0 | AP76: 0 | AQ76: 1 | AR76: 0 | AS76: 0 | AT76: =SUM(AM76:AS76) -> 1 | AU76: 43333 | AV76: JP | AW76: N | AX76: 2 | AY76: Arterial
A77: 66 | B77: ARDMORE AVE | C77: W | D77: ARDMORE | E77: AVE | F77: E | G77: 1101 | H77: 1100 | I77: N WINTHROP AVE | J77: 1039 | K77: 1038 | L77: N KENMORE AVE | M77: 4 | N77: NEIGHBORHOOD GREENWAY | O77: SHARED-LANE | P77: NEW | R77: MENU RESTRIPING | S77: 2017 | T77: 9 | U77: CONTRAFLOW WB BIKE LANE | W77: 0 | X77: 0 | Z77: 2017 | AA77: 2011 | AB77: 0.072090843 | AC77: 0.14418169 | AE77: N | AG77: Y | AL77: 0 | AM77: 1 | AN77: 0 | AO77: 0 | AP77: 0 | AQ77: 0 | AR77: 0 | AS77: 0 | AT77: =SUM(AM77:AS77) -> 1 | AU77: 43340 | AV77: JP | AX77: 3 | AY77: Neighborhood
A78: 67 | B78: LAWRENCE AVE | C78: W | D78: LAWRENCE | E78: AVE | G78: 1068 | H78: 1069 | I78: N WINTHROP AVE | J78: 753 | K78: 748 | L78: N MARINE DR | M78: 2 | N78: SHARED-LANE | O78: SHARED-LANE | P78: NEW | R78: AR 06 | S78: 2007 | T78: 10 | V78: AR 2020 | W78: 2021 | X78: 6 | Z78: 2021 | AA78: 2021 | AB78: 0.41162124 | AC78: 0.82324247 | AE78: N | AL78: 0 | AM78: 1 | AN78: 0 | AO78: 0 | AP78: 0 | AQ78: 0 | AR78: 0 | AS78: 0 | AT78: =SUM(AM78:AS78) -> 1 | AU78: 09.24.2021 | AV78: JP | AW78: N | AX78: 2 | AY78: Arterial
A79: 68 | B79: SOUTHPORT AVE | C79: N | D79: SOUTHPORT | E79: AVE | G79: 4000 | H79: 4001 | I79: W IRVING PARK RD | J79: 4148 | K79: 4145 | L79: N CLARK ST | M79: 3 | N79: SHARED-LANE | O79: SHARED-LANE | P79: NEW | R79: AR 04 | S79: 2005 | T79: 5 | U79: RESURFACED | V79: DIVVY RESTRIPING | W79: 2017 | X79: 7 | Z79: 2017 | AA79: 2005 | AB79: 0.22552969 | AC79: 0.45105937 | AE79: N | AL79: 0 | AM79: 1 | AN79: 0 | AO79: 0 | AP79: 0 | AQ79: 0 | AR79: 0 | AS79: 0 | AT79: =SUM(AM79:AS79) -> 1 | AU79: 43341 | AV79: JP | AX79: 2 | AY79: Arterial
A80: 69 | B80: KEDZIE AVE | C80: N | D80: KEDZIE | E80: AVE | G80: 6046 | H80: 6037 | I80: N LINCOLN AVE | J80: 6348 | K80: 6349 | L80: W DEVON AVE | M80: 2 | N80: BIKE LANE | O80: BIKE LANE | P80: NEW | Q80: 2005-7 | R80: STREETSCAPE | S80: 2005 | T80: 10 | U80: RESURFACED | W80: 0 | X80: 0 | Z80: 2005 | AA80: 2005 | AB80: 0.41429985 | AC80: 0.8285997 | AE80: N | AL80: 0 | AM80: 1 | AN80: 0 | AO80: 0 | AP80: 0 | AQ80: 0 | AR80: 0 | AS80: 0 | AT80: =SUM(AM80:AS80) -> 1 | AU80: 43341 | AV80: JP | AX80: 2 | AY80: Arterial
A81: 70 | B81: CORTLAND ST | C81: W | D81: CORTLAND | E81: ST | G81: 1959 | H81: 1958 | I81: N DAMEN AVE | J81: 1601 | K81: 1600 | L81: N ASHLAND AVE | M81: 0 | N81: NEIGHBORHOOD GREENWAY | O81: SHARED-LANE | P81: UPGRADE | R81: SFC IV 3A | S81: 2019 | T81: 7 | U81: BIKE FRIENDLY SPEED HUMPS | W81: 0 | X81: 0 | Z81: 2019 | AA81: 2002 | AB81: 0.50354977 | AC81: 1.0070995 | AE81: N | AL81: 0 | AM81: 0 | AN81: 1 | AO81: 0 | AP81: 0 | AQ81: 0 | AR81: 0 | AS81: 0 | AT81: =SUM(AM81:AS81) -> 1 | AU81: 43341 | AV81: JP | AX81: 3 | AY81: Neighborhood
A82: 71 | B82: MILWAUKEE AVE | C82: N | D82: MILWAUKEE | E82: AVE | G82: 1600 | H82: 1601 | I82: N DAMEN AVE | J82: 1300 | K82: 1301 | L82: N PAULINA ST | M82: 3 | N82: BIKE LANE | O82: DASHED BIKE LANE | P82: UPGRADE | Q82: 2007-28 | R82: BIKE PRGM 17 | S82: 2017 | T82: 9 | U82: RESURFACED 2007, RESURFACED SB ONLY DIVISION TO WOOD 2011 | V82: DWM | W82: 2020 | X82: 0 | Y82: RESURFACED SB ONLY | Z82: 2020 | AA82: 2020 | AB82: 0.51605856 | AC82: 1.0321171 | AE82: N | AL82: 0 | AM82: 0 | AN82: 0 | AO82: 0 | AP82: 0 | AQ82: 0 | AR82: 0 | AS82: 1 | AT82: =SUM(AM82:AS82) -> 1 | AU82: 12.09.2020 | AV82: JP | AX82: 2 | AY82: Arterial | AZ82: 20
A83: 72 | B83: HALSTED ST | C83: N | D83: HALSTED | E83: ST | G83: 0 | H83: 0 | I83: W SCHILLER ST | J83: 1562 | K83: 1563 | L83: N CLYBOURN AVE | M83: 2 | N83: BUFFERED BIKE LANE | O83: BUFFERED BIKE LANE | P83: UPGRADE | R83: AR 12 | S83: 2012 | T83: 10 | U83: NB curbside only | W83: 0 | X83: 0 | Z83: 2012 | AA83: 2012 | AB83: 0.17467122 | AC83: 0.34934244 | AD83: - | AE83: N | AF83: - | AG83: - | AH83: - | AL83: 0 | AM83: 0 | AN83: 0 | AO83: 0 | AP83: 0 | AQ83: 0 | AR83: 0 | AS83: 1 | AT83: =SUM(AM83:AS83) -> 1 | AU83: 03.17.2022 | AV83: JP | AW83: Y | AX83: 2 | AY83: Arterial
A84: 73 | B84: KINZIE ST | C84: W | D84: KINZIE | E84: ST | F84: - | G84: 631 | H84: 630 | I84: N DESPLAINES ST | J84: 201 | K84: 200 | L84: N WELLS ST | M84: 3 | N84: PROTECTED BIKE LANE | O84: PROTECTED BIKE LANE | P84: UPGRADE | R84: Precast Concrete - Package 1 | S84: 2022 | T84: 8 | U84: Type III Concrete | V84: AR 16 | W84: 2016 | X84: 10 | Y84: RESURFACED; CANAL TO KINGSBURY - CONCRETE PVMT - 2016 | Z84: 2016 | AA84: 2016 | AB84: 0.53400564 | AC84: 1.0680113 | AD84: - | AE84: - | AF84: - | AG84: - | AH84: N | AI84: CONCRETE (PRECAST) | AJ84: - | AK84: Y | AL84: 2016 | AM84: 0 | AN84: 0 | AO84: 0 | AP84: 0 | AQ84: 0 | AR84: 0 | AS84: 1 | AT84: =SUM(AM84:AS84) -> 1 | AU84: 10.25.2022 | AV84: JP | AW84: Y | AX84: 1 | AY84: Arterial | AZ84: 30
A85: 74 | B85: OGDEN AVE | C85: W | D85: OGDEN | E85: AVE | G85: 1879 | H85: 1878 | I85: W CONGRESS PKWY | J85: 1827 | K85: 1826 | L85: W VAN BUREN ST | M85: 3 | N85: BIKE LANE | O85: BIKE LANE | P85: NEW | R85: CMAQ IV UPGRADES | S85: 2004 | T85: 9 | V85: BP-21 Restriping | W85: 2021 | X85: 0 | Z85: 2021 | AA85: 2013 | AB85: 0.11112635 | AC85: 0.2222527 | AD85: - | AE85: N | AF85: - | AG85: - | AH85: - | AI85: - | AJ85: - | AK85: Y | AL85: 2013 | AM85: 0 | AN85: 0 | AO85: 0 | AP85: 0 | AQ85: 0 | AR85: 0 | AS85: 1 | AT85: =SUM(AM85:AS85) -> 1 | AU85: 03.28.2021 | AV85: JP | AX85: 2 | AY85: Arterial
A86: 75 | B86: OGDEN AVE | C86: W | D86: OGDEN | E86: AVE | G86: 1831 | H86: 1820 | I86: W VAN BUREN ST | J86: 1631 | K86: 1630 | L86: W MONROE ST | M86: 3 | N86: SHARED-LANE | O86: SHARED-LANE | P86: NEW | R86: CMAQ IV UPGRADES | S86: 2004 | T86: 9 | V86: BP-21 Restriping | W86: 2021 | X86: 0 | Z86: 2021 | AA86: 2013 | AB86: 0.35909493 | AC86: 0.71818987 | AD86: - | AE86: N | AF86: - | AG86: - | AH86: - | AI86: - | AJ86: - | AK86: - | AL86: 0 | AM86: 0 | AN86: 0 | AO86: 0 | AP86: 0 | AQ86: 0 | AR86: 0 | AS86: 1 | AT86: =SUM(AM86:AS86) -> 1 | AU86: 03.28.2021 | AV86: JP | AW86: - | AX86: 2 | AY86: Arterial
A87: 76 | B87: GRAND AVE | C87: E | D87: GRAND | E87: AVE | F87: W | G87: 2 | H87: 1 | I87: N STATE ST | J87: 30 | K87: 29 | L87: N WABASH AVE | M87: 3 | N87: BIKE LANE | O87: BIKE LANE | P87: MAINTAIN | R87: GRAND/STATE RED LINE PROJECT | S87: 2011 | T87: 10 | V87: MAINTENANCE 2020 | W87: 2020 | X87: 0 | Z87: 2020 | AA87: 2012 | AB87: 0.069720933 | AC87: 0.069720933 | AE87: Y | AF87: W | AG87: N | AL87: 0 | AM87: 0 | AN87: 0 | AO87: 0 | AP87: 0 | AQ87: 0 | AR87: 0 | AS87: 1 | AT87: =SUM(AM87:AS87) -> 1 | AU87: 08.28.2020 | AV87: JP | AX87: 2 | AY87: Arterial
A88: 77 | B88: WELLS ST | C88: N | D88: WELLS | E88: ST | F88: S | G88: 2 | H88: 1 | I88: W LAKE ST | J88: 242 | K88: 243 | L88: W WACKER DR | M88: 4 | N88: SHARED-LANE | O88: SHARED-LANE | P88: NEW | Q88: 2012-28 | R88: BIKE PRGM 12 | S88: 2012 | T88: 6 | W88: 0 | X88: 0 | Z88: 2012 | AA88: 0 | AB88: 0.083068952 | AC88: 0.083068952 | AE88: Y | AF88: S | AG88: N | AL88: 0 | AM88: 0 | AN88: 0 | AO88: 0 | AP88: 0 | AQ88: 0 | AR88: 0 | AS88: 1 | AT88: =SUM(AM88:AS88) -> 1 | AU88: 43328 | AV88: JP | AX88: 2 | AY88: Arterial
A89: 78 | B89: LINCOLN AVE | C89: N | D89: LINCOLN | E89: AVE | G89: 4000 | H89: 4001 | I89: W IRVING PARK RD | J89: 4352 | K89: 4365 | L89: W MONTROSE AVE | M89: 3 | N89: BIKE LANE | O89: BIKE LANE | P89: UPGRADE | R89: LOCAL | S89: 2018 | T89: 10 | U89: 9' TRAVEL LANES | V89: LOCAL | W89: 2018 | X89: 10 | Y89: RESURFACED BELLE PLAINE TO MONTROSE NB ONLY | Z89: 2018 | AA89: 2016 | AB89: 0.56326939 | AC89: 1.1265388 | AE89: N | AL89: 0 | AM89: 1 | AN89: 0 | AO89: 0 | AP89: 0 | AQ89: 0 | AR89: 0 | AS89: 0 | AT89: =SUM(AM89:AS89) -> 1 | AU89: 43370 | AV89: JP | AX89: 2 | AY89: Arterial
A90: 79 | B90: MARTIN LUTHER KING JR DR | C90: S | D90: MARTIN LUTHER KING JR | E90: DR | G90: 5959 | H90: 5958 | I90: E 60TH ST | J90: 5501 | K90: 5500 | L90: E GARFIELD BLVD | M90: 3 | N90: BIKE LANE | O90: BIKE LANE | P90: NEW | R90: CMAQ V(2) | S90: 2007 | T90: 10 | U90: NB BL is curbside | V90: AR 16 | W90: 2017 | X90: 6 | Y90: RESURFACED | Z90: 2017 | AA90: 2017 | AB90: 0.60663123 | AC90: 1.2132625 | AE90: N | AL90: 0 | AM90: 0 | AN90: 0 | AO90: 0 | AP90: 1 | AQ90: 0 | AR90: 0 | AS90: 0 | AT90: =SUM(AM90:AS90) -> 1 | AU90: 03.17.2022 | AV90: JP | AW90: Y | AX90: 2 | AY90: Arterial
A91: 80 | B91: MILWAUKEE AVE | C91: N | D91: MILWAUKEE | E91: AVE | G91: 2426 | H91: 2425 | I91: W ARMITAGE AVE | J91: 2800 | K91: 2801 | L91: N CALIFORNIA AVE | M91: 3 | N91: PROTECTED BIKE LANE | O91: PROTECTED BIKE LANE | P91: UPGRADE | R91: LOGAN SQUARE | S91: 2020 | T91: 9 | W91: 0 | X91: 0 | Z91: 2020 | AA91: 2006 | AB91: 0.58244664 | AC91: 1.1648933 | AE91: N | AI91: QWICK KURB | AJ91: N | AL91: 0 | AM91: 0 | AN91: 1 | AO91: 0 | AP91: 0 | AQ91: 0 | AR91: 0 | AS91: 0 | AT91: =SUM(AM91:AS91) -> 1 | AU91: 05.18.2022 | AV91: JP | AW91: Y | AX91: 1 | AY91: Arterial | AZ91: 20
A92: 81 | B92: MILWAUKEE AVE | C92: N | D92: MILWAUKEE | E92: AVE | G92: 2300 | H92: 2301 | I92: N CALIFORNIA AVE | J92: 2500 | K92: 2501 | L92: N SACRAMENTO | M92: 3 | N92: BIKE LANE | O92: DASHED BIKE LANE | P92: UPGRADE | R92: TIF | S92: 2019 | T92: 10 | U92: W/ POST & PAINT | W92: 0 | X92: 0 | Z92: 2019 | AA92: 2006 | AB92: 0.33356881 | AC92: 0.66713762 | AE92: N | AL92: 0 | AM92: 0 | AN92: 1 | AO92: 0 | AP92: 0 | AQ92: 0 | AR92: 0 | AS92: 0 | AT92: =SUM(AM92:AS92) -> 1 | AU92: 08.28.2020 | AV92: JP | AX92: 2 | AY92: Arterial | AZ92: 20
A93: 82 | B93: DAMEN AVE | C93: S | D93: DAMEN | E93: AVE | G93: 5100 | H93: 5101 | I93: W 51ST ST | J93: 4701 | K93: 4700 | L93: W 47TH ST | M93: 3 | N93: SHARED-LANE | O93: SHARED-LANE | P93: NEW | Q93: 2011-17 | R93: AR 10 | S93: 2011 | T93: 10 | U93: RESURFACED | V93: BP-21 Restriping | W93: 2021 | X93: 0 | Z93: 2021 | AA93: 2011 | AB93: 0.5023024 | AC93: 1.0046048 | AD93: - | AE93: N | AF93: - | AG93: - | AH93: - | AI93: - | AJ93: - | AK93: - | AL93: 0 | AM93: 0 | AN93: 0 | AO93: 0 | AP93: 0 | AQ93: 1 | AR93: 0 | AS93: 0 | AT93: =SUM(AM93:AS93) -> 1 | AU93: 03.28.2022 | AV93: JP | AW93: - | AX93: 2 | AY93: Arterial
A94: 83 | B94: CALIFORNIA AVE | C94: N | D94: CALIFORNIA | E94: AVE | G94: 3001 | H94: 3000 | I94: W WELLINGTON AVE | J94: 3375 | K94: 3376 | L94: N ELSTON AVE | M94: 3 | N94: SHARED-LANE | O94: SHARED-LANE | P94: NEW | R94: CMAQ 2009 | S94: 2011 | T94: 9 | W94: 2020 | X94: 0 | Y94: RESURFACED | Z94: 2020 | AA94: 2020 | AB94: 0.22755316 | AC94: 0.45510632 | AE94: N | AL94: 0 | AM94: 0 | AN94: 1 | AO94: 0 | AP94: 0 | AQ94: 0 | AR94: 0 | AS94: 0 | AT94: =SUM(AM94:AS94) -> 1 | AU94: 08.18.2020 | AV94: JP | AX94: 2 | AY94: Arterial
A95: 84 | B95: ELSTON AVE | C95: N | D95: ELSTON | E95: AVE | G95: 1500 | H95: 1501 | I95: W LE MOYNE ST | J95: 1558 | K95: 1559 | L95: W NORTH AVE | M95: 3 | N95: BUFFERED BIKE LANE | O95: BUFFERED BIKE LANE | P95: UPGRADE | Q95: 1996-5 | R95: AR 11 | S95: 2012 | T95: 6 | U95: RESURFACED | W95: 0 | X95: 0 | Z95: 2012 | AA95: 2012 | AB95: 0.12578884 | AC95: 0.25157769 | AE95: N | AL95: 0 | AM95: 0 | AN95: 0 | AO95: 0 | AP95: 0 | AQ95: 0 | AR95: 0 | AS95: 1 | AT95: =SUM(AM95:AS95) -> 1 | AU95: 43332 | AV95: JP | AW95: N | AX95: 2 | AY95: Arterial
A96: 85 | B96: ELSTON AVE | C96: N | D96: ELSTON | E96: AVE | G96: 2466 | H96: 2469 | I96: FARMERS MARKET DRIVEWAY | J96: 2601 | K96: 2602 | L96: HOME DEPOT DRIVEWAY | M96: 3 | N96: BIKE LANE | O96: BIKE LANE | P96: MAINTAIN | R96: CMAQ 2009 | S96: 2011 | T96: 6 | U96: NB BBL; SB curbside BL | W96: 0 | X96: 0 | Z96: 2011 | AA96: 0 | AB96: 0.22612865 | AC96: 0.45225729 | AD96: - | AE96: N | AF96: - | AG96: - | AL96: 0 | AM96: 0 | AN96: 1 | AO96: 0 | AP96: 0 | AQ96: 0 | AR96: 0 | AS96: 0 | AT96: =SUM(AM96:AS96) -> 1 | AU96: 03.17.2022 | AV96: JP | AW96: Y | AX96: 2 | AY96: Arterial
A97: 86 | B97: KEDZIE AVE | C97: N | D97: KEDZIE | E97: AVE | F97: - | G97: 3050 | H97: 3051 | I97: W BARRY AVE | J97: 3546 | K97: 3555 | L97: N ELSTON AVE | M97: 2 | N97: BUFFERED BIKE LANE | O97: BUFFERED BIKE LANE | P97: UPGRADE | Q97: BP-22-29 | S97: 0 | T97: 0 | U97: Type II Precast | V97: CDWM | W97: 2015 | X97: 11 | Y97: RESURFACED IRENE TO ELSTON NB ONLY | Z97: 2022 | AA97: 2015 | AB97: 0.58067195 | AC97: 1.1613439 | AD97: - | AE97: N | AF97: - | AG97: - | AH97: - | AI97: CONCRETE (PRECAST) | AJ97: - | AL97: 0 | AM97: 0 | AN97: 1 | AO97: 0 | AP97: 0 | AQ97: 0 | AR97: 0 | AS97: 0 | AT97: =SUM(AM97:AS97) -> 1 | AU97: 11.28.2022 | AV97: JP | AW97: - | AX97: 2 | AY97: Arterial | AZ97: 30
A98: 87 | B98: DIVERSEY AVE | C98: W | D98: DIVERSEY | E98: AVE | G98: 6359 | H98: 6358 | I98: N NARRAGANSETT AVE | J98: 5631 | K98: 5630 | L98: N PARKSIDE AVE | M98: 3 | N98: BIKE LANE | O98: DASHED BIKE LANE | P98: UPGRADE | R98: BOND (NEIGHBORHOODS) | S98: 2021 | T98: 10 | U98: 9-ft travel lanes | W98: 0 | X98: 0 | Z98: 2021 | AA98: 0 | AB98: 0.9393847 | AC98: 1.8787694 | AE98: N | AG98: N | AL98: 0 | AM98: 0 | AN98: 1 | AO98: 0 | AP98: 0 | AQ98: 0 | AR98: 0 | AS98: 0 | AT98: =SUM(AM98:AS98) -> 1 | AU98: 09.27.2021 | AV98: JP | AW98: N | AX98: 2 | AY98: Arterial
A99: 88 | B99: PALMER CT | C99: W | D99: PALMER | E99: CT | F99: E | G99: 2148 | H99: 2149 | I99: W PALMER ST | J99: 2001 | K99: 2000 | L99: N KEDZIE BLVD | M99: 4 | N99: BIKE LANE | O99: BIKE LANE | P99: NEW | Q99: 2009-2 | R99: MENU RESURFACING | S99: 2009 | T99: 7 | U99: RESURFACED | W99: 0 | X99: 0 | Z99: 2009 | AA99: 2009 | AB99: 0.042474914 | AC99: 0.042474914 | AE99: Y | AF99: E | AG99: N | AL99: 0 | AM99: 0 | AN99: 1 | AO99: 0 | AP99: 0 | AQ99: 0 | AR99: 0 | AS99: 0 | AT99: =SUM(AM99:AS99) -> 1 | AU99: 43341 | AV99: JP | AX99: 3 | AY99: Arterial
A100: 89 | B100: PALMER BLVD | C100: W | D100: PALMER | E100: BLVD | F100: E | G100: 3145 | H100: 3146 | I100: N KEDZIE AVE | J100: 3001 | K100: 3000 | L100: N HUMBOLDT BLVD | M100: 4 | N100: BIKE LANE | O100: BIKE LANE | P100: NEW | Q100: 2009-2 | R100: MENU RESURFACING | S100: 2009 | T100: 7 | U100: RESURFACED | W100: 0 | X100: 0 | Z100: 2009 | AA100: 2009 | AB100: 0.25178965 | AC100: 0.25178965 | AE100: Y | AF100: E | AG100: N | AL100: 0 | AM100: 0 | AN100: 1 | AO100: 0 | AP100: 0 | AQ100: 0 | AR100: 0 | AS100: 0 | AT100: =SUM(AM100:AS100) -> 1 | AU100: 43341 | AV100: JP | AX100: 3 | AY100: Arterial
A101: 90 | B101: CALIFORNIA AVE | C101: N | D101: CALIFORNIA | E101: AVE | G101: 1600 | H101: 1601 | I101: W NORTH AVE | J101: 2237 | K101: 2238 | L101: N MILWAUKEE AVE | M101: 3 | N101: BIKE LANE | O101: DASHED BIKE LANE | P101: UPGRADE | Q101: 2011-13 | R101: MFT RESURFACING | S101: 2020 | T101: 8 | U101: DASHED | W101: 0 | X101: 0 | Z101: 2020 | AA101: 2020 | AB101: 0.87600708 | AC101: 1.7520142 | AE101: N | AL101: 0 | AM101: 0 | AN101: 0.75 | AO101: 0.25 | AP101: 0 | AQ101: 0 | AR101: 0 | AS101: 0 | AT101: =SUM(AM101:AS101) -> 1 | AU101: 08.18.2020 | AV101: JP | AX101: 2 | AY101: Arterial
A102: 91 | B102: 130TH ST | C102: E | D102: 130TH | E102: ST | G102: 2700 | H102: 2701 | I102: S SAGINAW AVE | J102: 3126 | K102: 3127 | L102: S BALTIMORE AVE | M102: 4 | N102: BIKE LANE | O102: BIKE LANE | P102: NEW | Q102: 2012-1 | R102: TERM 12 | S102: 2012 | T102: 5 | U102: RESURFACED | W102: 0 | X102: 0 | Z102: 2012 | AA102: 2012 | AB102: 0.56639421 | AC102: 1.1327884 | AE102: N | AL102: 0 | AM102: 0 | AN102: 0 | AO102: 0 | AP102: 0 | AQ102: 0 | AR102: 1 | AS102: 0 | AT102: =SUM(AM102:AS102) -> 1 | AU102: 43342 | AV102: JP | AX102: 3 | AY102: Arterial
A103: 92 | B103: CAMPBELL AVE | C103: N | D103: CAMPBELL | E103: AVE | G103: 3200 | H103: 3201 | I103: W BELMONT AVE | J103: 3376 | K103: 3373 | L103: W ROSCOE ST | M103: 4 | N103: PROTECTED BIKE LANE | O103: PROTECTED BIKE LANE | P103: UPGRADE | R103: AR 21 BOND | S103: 2021 | T103: 7 | W103: 0 | X103: 0 | Z103: 2021 | AA103: 2021 | AB103: 0.26601924 | AC103: 0.53203848 | AE103: N | AG103: N | AI103: CONCRETE | AJ103: - | AL103: 2021 | AM103: 1 | AN103: 0 | AO103: 0 | AP103: 0 | AQ103: 0 | AR103: 0 | AS103: 0 | AT103: =SUM(AM103:AS103) -> 1 | AU103: 05.18.2022 | AV103: JP | AW103: Y | AX103: 3 | AY103: Arterial | AZ103: 20
A104: 93 | B104: ARCHER AVE | C104: S | D104: ARCHER | E104: AVE | G104: 2295 | H104: 2284 | I104: S CANAL ST | J104: 2201 | K104: 2200 | L104: W CERMAK RD | M104: 3 | N104: BIKE LANE | O104: BIKE LANE | P104: NEW | R104: CMAQ V(2) | S104: 2007 | T104: 7 | U104: ROAD DIET | V104: AR 19 | W104: 2020 | X104: 2020 | Y104: RESURFACED | Z104: 2020 | AA104: 2020 | AB104: 0.22560979 | AC104: 0.45121957 | AE104: N | AK104: Y | AL104: 2018 | AM104: 0 | AN104: 0 | AO104: 0 | AP104: 1 | AQ104: 0 | AR104: 0 | AS104: 0 | AT104: =SUM(AM104:AS104) -> 1 | AU104: 12.08.2020 | AV104: JP | AX104: 2 | AY104: Arterial
...

Sheet Network_Bus Lanes

Sheet Network_Bus Bulbs

Sheet Crashes_Citywide

Sheet Divvy
